time	V(v_out)
Step Information: Rg=52.3  (Step: 1/4)
0.000000000000000e+00	1.875070209569749e+00
9.765624940649698e-12	1.875070206954911e+00
1.259016433256794e-11	1.875070206196468e+00
1.823924311640442e-11	1.875070204681620e+00
2.953740068407738e-11	1.875070201705308e+00
5.213371581942330e-11	1.875070196122633e+00
9.732634609011514e-11	1.875070187852409e+00
1.877116066314988e-10	1.875070184924324e+00
3.684821277142662e-10	1.875070198678723e+00
6.535767439694688e-10	1.875070202774376e+00
9.501445575072377e-10	1.875070185624671e+00
1.543280184582776e-09	1.875070154703906e+00
2.275543171710117e-09	1.875070099736303e+00
3.691016904612535e-09	1.875069922223863e+00
5.704941088486135e-09	1.875069543865554e+00
9.241044209896019e-09	1.875068550136026e+00
1.551960613258294e-08	1.875066128865340e+00
2.635000272533695e-08	1.875061070339453e+00
4.694163051753055e-08	1.875051511332151e+00
8.376631552616635e-08	1.875038564303348e+00
1.509024129053474e-07	1.875025306869727e+00
2.485586629053474e-07	1.875016964762456e+00
3.462149129053474e-07	1.875014522518468e+00
4.438711629053474e-07	1.875015263657366e+00
5.415274129053473e-07	1.875017765763814e+00
6.391836629053473e-07	1.875021150422845e+00
7.368399129053474e-07	1.875024902249810e+00
8.344961629053474e-07	1.875028725795624e+00
9.321524129053475e-07	1.875032453703701e+00
1.029808662905348e-06	1.875035998283217e+00
1.127464912905348e-06	1.875039316866762e+00
1.225121162905348e-06	1.875042394613579e+00
1.322777412905348e-06	1.875045231683990e+00
1.420433662905348e-06	1.875047836783916e+00
1.518089912905348e-06	1.875050223272494e+00
1.615746162905348e-06	1.875052406119415e+00
1.713402412905348e-06	1.875054401152733e+00
1.811058662905348e-06	1.875056223626074e+00
1.908714912905348e-06	1.875057888192548e+00
2.006371162905348e-06	1.875059408683904e+00
2.104027412905347e-06	1.875060797744444e+00
2.201683662905347e-06	1.875062067177192e+00
2.299339912905347e-06	1.875063227669648e+00
2.396996162905347e-06	1.875064289080098e+00
2.494652412905347e-06	1.875065260375919e+00
2.592308662905347e-06	1.875066149653567e+00
2.689964912905346e-06	1.875066964389195e+00
2.787621162905346e-06	1.875067711275120e+00
2.885277412905346e-06	1.875068396496775e+00
2.982933662905346e-06	1.875069025656058e+00
3.080589912905346e-06	1.875069603751880e+00
3.178246162905346e-06	1.875070135415310e+00
3.275902412905345e-06	1.875070624816019e+00
3.373558662905345e-06	1.875071075754208e+00
3.471214912905345e-06	1.875071491689625e+00
3.568871162905345e-06	1.875071875747636e+00
3.666527412905345e-06	1.875072230772755e+00
3.764183662905345e-06	1.875072559331205e+00
3.861839912905344e-06	1.875072863787853e+00
3.959496162905345e-06	1.875073146267735e+00
4.057152412905345e-06	1.875073408676729e+00
4.154808662905345e-06	1.875073652769943e+00
4.252464912905345e-06	1.875073880147002e+00
4.350121162905346e-06	1.875074092210586e+00
4.447777412905346e-06	1.875074290276279e+00
4.545433662905346e-06	1.875074475556102e+00
4.643089912905346e-06	1.875074649087422e+00
4.740746162905347e-06	1.875074811843511e+00
4.838402412905347e-06	1.875074964698843e+00
4.936058662905347e-06	1.875075108427876e+00
5.033714912905347e-06	1.875075243750843e+00
5.131371162905348e-06	1.875075371312253e+00
5.229027412905348e-06	1.875075491706822e+00
5.326683662905348e-06	1.875075605439617e+00
5.424339912905348e-06	1.875075713001495e+00
5.521996162905349e-06	1.875075814847601e+00
5.619652412905349e-06	1.875075911329190e+00
5.717308662905349e-06	1.875076002827430e+00
5.814964912905349e-06	1.875076089663936e+00
5.912621162905350e-06	1.875076172058897e+00
6.010277412905350e-06	1.875076250326490e+00
6.107933662905350e-06	1.875076324749011e+00
6.205589912905350e-06	1.875076395504372e+00
6.303246162905351e-06	1.875076462802184e+00
6.400902412905351e-06	1.875076526814481e+00
6.498558662905351e-06	1.875076587693526e+00
6.596214912905352e-06	1.875076645612896e+00
6.693871162905352e-06	1.875076700735997e+00
6.791527412905352e-06	1.875076753234327e+00
6.889183662905352e-06	1.875076803152815e+00
6.986839912905353e-06	1.875076850588477e+00
7.084496162905353e-06	1.875076895771542e+00
7.182152412905353e-06	1.875076938761971e+00
7.279808662905353e-06	1.875076979598804e+00
7.377464912905354e-06	1.875077018446765e+00
7.475121162905354e-06	1.875077055420185e+00
7.572777412905354e-06	1.875077090581762e+00
7.670433662905354e-06	1.875077124006135e+00
7.768089912905354e-06	1.875077155775331e+00
7.865746162905353e-06	1.875077185993251e+00
7.963402412905353e-06	1.875077214788914e+00
8.061058662905352e-06	1.875077242197520e+00
8.158714912905351e-06	1.875077268282009e+00
8.256371162905351e-06	1.875077293154670e+00
8.354027412905350e-06	1.875077316843562e+00
8.451683662905350e-06	1.875077339458194e+00
8.549339912905349e-06	1.875077361115632e+00
8.646996162905348e-06	1.875077381829228e+00
8.744652412905348e-06	1.875077401676548e+00
8.842308662905347e-06	1.875077420768440e+00
8.939964912905347e-06	1.875077439130972e+00
9.037621162905346e-06	1.875077456768379e+00
9.135277412905345e-06	1.875077473788183e+00
9.232933662905345e-06	1.875077490316349e+00
9.330589912905344e-06	1.875077506360727e+00
9.428246162905344e-06	1.875077521923336e+00
9.525902412905343e-06	1.875077537076702e+00
9.623558662905343e-06	1.875077551877126e+00
9.721214912905342e-06	1.875077566354493e+00
9.818871162905341e-06	1.875077580524384e+00
9.916527412905341e-06	1.875077594444058e+00
1.001418366290534e-05	1.875077608189643e+00
1.011183991290534e-05	1.875077621762493e+00
1.020949616290534e-05	1.875077635133151e+00
1.030715241290534e-05	1.875077648332683e+00
1.040480866290534e-05	1.875077661413028e+00
1.050246491290534e-05	1.875077674384551e+00
1.060012116290534e-05	1.875077687258026e+00
1.069777741290534e-05	1.875077700028510e+00
1.079543366290534e-05	1.875077712673389e+00
1.089308991290533e-05	1.875077725205266e+00
1.099074616290533e-05	1.875077737642018e+00
1.108840241290533e-05	1.875077750005465e+00
1.118605866290533e-05	1.875077762258401e+00
1.128371491290533e-05	1.875077774359043e+00
1.138137116290533e-05	1.875077786324926e+00
1.147902741290533e-05	1.875077798132131e+00
1.157668366290533e-05	1.875077809784544e+00
1.167433991290533e-05	1.875077821300545e+00
1.177199616290533e-05	1.875077832626297e+00
1.186965241290533e-05	1.875077843755205e+00
1.196730866290533e-05	1.875077854670454e+00
1.206496491290533e-05	1.875077865315593e+00
1.216262116290533e-05	1.875077875688723e+00
1.226027741290533e-05	1.875077885813317e+00
1.235793366290533e-05	1.875077895689615e+00
1.245558991290533e-05	1.875077905259694e+00
1.255324616290532e-05	1.875077914497324e+00
1.265090241290532e-05	1.875077923429419e+00
1.274855866290532e-05	1.875077932009228e+00
1.284621491290532e-05	1.875077940241099e+00
1.294387116290532e-05	1.875077948165885e+00
1.304152741290532e-05	1.875077955710531e+00
1.313918366290532e-05	1.875077962866706e+00
1.323683991290532e-05	1.875077969697173e+00
1.333449616290532e-05	1.875077976159919e+00
1.343215241290532e-05	1.875077982227156e+00
1.352980866290532e-05	1.875077987939807e+00
1.362746491290532e-05	1.875077993312877e+00
1.372512116290532e-05	1.875077998339589e+00
1.382277741290532e-05	1.875078002998690e+00
1.392043366290532e-05	1.875078007293551e+00
1.401808991290532e-05	1.875078011290833e+00
1.411574616290532e-05	1.875078014979291e+00
1.421340241290531e-05	1.875078018335135e+00
1.431105866290531e-05	1.875078021427648e+00
1.440871491290531e-05	1.875078024269228e+00
1.450637116290531e-05	1.875078026840904e+00
1.460402741290531e-05	1.875078029174466e+00
1.470168366290531e-05	1.875078031304964e+00
1.479933991290531e-05	1.875078033244129e+00
1.489699616290531e-05	1.875078035005364e+00
1.499465241290531e-05	1.875078036632114e+00
1.509230866290531e-05	1.875078038117903e+00
1.518996491290531e-05	1.875078039474820e+00
1.528762116290531e-05	1.875078040763694e+00
1.538527741290531e-05	1.875078041983456e+00
1.548293366290531e-05	1.875078043101174e+00
1.558058991290531e-05	1.875078044163515e+00
1.567824616290531e-05	1.875078045267559e+00
1.577590241290531e-05	1.875078046389185e+00
1.587355866290531e-05	1.875078047483800e+00
1.597121491290531e-05	1.875078048622000e+00
1.606887116290531e-05	1.875078049824536e+00
1.616652741290530e-05	1.875078051059223e+00
1.626418366290530e-05	1.875078052320829e+00
1.636183991290530e-05	1.875078053654348e+00
1.645949616290530e-05	1.875078055109262e+00
1.655715241290530e-05	1.875078056628104e+00
1.665480866290530e-05	1.875078058210753e+00
1.675246491290530e-05	1.875078059931878e+00
1.685012116290530e-05	1.875078061743457e+00
1.694777741290530e-05	1.875078063638512e+00
1.704543366290530e-05	1.875078065639552e+00
1.714308991290530e-05	1.875078067700546e+00
1.724074616290530e-05	1.875078069831707e+00
1.733840241290530e-05	1.875078072072309e+00
1.743605866290530e-05	1.875078074409842e+00
1.753371491290530e-05	1.875078076782812e+00
1.763137116290530e-05	1.875078079195815e+00
1.772902741290530e-05	1.875078081691875e+00
1.782668366290529e-05	1.875078084233074e+00
1.792433991290529e-05	1.875078086808139e+00
1.802199616290529e-05	1.875078089411653e+00
1.811965241290529e-05	1.875078092016004e+00
1.821730866290529e-05	1.875078094613149e+00
1.831496491290529e-05	1.875078097185783e+00
1.841262116290529e-05	1.875078099712141e+00
1.851027741290529e-05	1.875078102197317e+00
1.860793366290529e-05	1.875078104663257e+00
1.870558991290529e-05	1.875078107071852e+00
1.880324616290529e-05	1.875078109389235e+00
1.890090241290529e-05	1.875078111652054e+00
1.899855866290529e-05	1.875078113843657e+00
1.909621491290529e-05	1.875078115923779e+00
1.919387116290529e-05	1.875078117898212e+00
1.929152741290529e-05	1.875078119745673e+00
1.938918366290529e-05	1.875078121444415e+00
1.948683991290528e-05	1.875078123051412e+00
1.958449616290528e-05	1.875078124555195e+00
1.968215241290528e-05	1.875078125904869e+00
1.977980866290528e-05	1.875078127123303e+00
1.987746491290528e-05	1.875078128195327e+00
1.997512116290528e-05	1.875078129134014e+00
2.007277741290528e-05	1.875078129968275e+00
2.017043366290528e-05	1.875078130660167e+00
2.026808991290528e-05	1.875078131212943e+00
2.036574616290528e-05	1.875078131666043e+00
2.046340241290528e-05	1.875078132013934e+00
2.056105866290528e-05	1.875078132214833e+00
2.065871491290528e-05	1.875078132292268e+00
2.075637116290528e-05	1.875078132306669e+00
2.085402741290528e-05	1.875078132256027e+00
2.095168366290528e-05	1.875078132109447e+00
2.104933991290528e-05	1.875078131855009e+00
2.114699616290527e-05	1.875078131511715e+00
2.124465241290527e-05	1.875078131137931e+00
2.134230866290527e-05	1.875078130728968e+00
2.143996491290527e-05	1.875078130265808e+00
2.153762116290527e-05	1.875078129807802e+00
2.163527741290527e-05	1.875078129368889e+00
2.173293366290527e-05	1.875078128876495e+00
2.183058991290527e-05	1.875078128332030e+00
2.192824616290527e-05	1.875078127832935e+00
2.202590241290527e-05	1.875078127391969e+00
2.212355866290527e-05	1.875078126940032e+00
2.222121491290527e-05	1.875078126486064e+00
2.231887116290527e-05	1.875078126104650e+00
2.241652741290527e-05	1.875078125806459e+00
2.251418366290527e-05	1.875078125533901e+00
2.261183991290527e-05	1.875078125285977e+00
2.270949616290527e-05	1.875078125118196e+00
2.280715241290526e-05	1.875078125027766e+00
2.290480866290526e-05	1.875078125017531e+00
2.300246491290526e-05	1.875078125096642e+00
2.310012116290526e-05	1.875078125188435e+00
2.319777741290526e-05	1.875078125322821e+00
2.329543366290526e-05	1.875078125568578e+00
2.339308991290526e-05	1.875078125882398e+00
2.349074616290526e-05	1.875078126253968e+00
2.358840241290526e-05	1.875078126712774e+00
2.368605866290526e-05	1.875078127258165e+00
2.378371491290526e-05	1.875078127873762e+00
2.388137116290526e-05	1.875078128508956e+00
2.397902741290526e-05	1.875078129153497e+00
2.407668366290526e-05	1.875078129862924e+00
2.417433991290526e-05	1.875078130648555e+00
2.427199616290526e-05	1.875078131476920e+00
2.436965241290525e-05	1.875078132314456e+00
2.446730866290525e-05	1.875078133170073e+00
2.456496491290525e-05	1.875078134050720e+00
2.466262116290525e-05	1.875078134926868e+00
2.476027741290525e-05	1.875078135809115e+00
2.485793366290525e-05	1.875078136689885e+00
2.495558991290525e-05	1.875078137536889e+00
2.505324616290525e-05	1.875078138376173e+00
2.515090241290525e-05	1.875078139233168e+00
2.524855866290525e-05	1.875078140048437e+00
2.534621491290525e-05	1.875078140794791e+00
2.544387116290525e-05	1.875078141523928e+00
2.554152741290525e-05	1.875078142236583e+00
2.563918366290525e-05	1.875078142888267e+00
2.573683991290525e-05	1.875078143478562e+00
2.583449616290525e-05	1.875078144002628e+00
2.593215241290525e-05	1.875078144454655e+00
2.602980866290524e-05	1.875078144877624e+00
2.612746491290524e-05	1.875078145240436e+00
2.622512116290524e-05	1.875078145514716e+00
2.632277741290524e-05	1.875078145773388e+00
2.642043366290524e-05	1.875078145979739e+00
2.651808991290524e-05	1.875078146075881e+00
2.661574616290524e-05	1.875078146118578e+00
2.671340241290524e-05	1.875078146142960e+00
2.681105866290524e-05	1.875078146106309e+00
2.690871491290524e-05	1.875078145978766e+00
2.700637116290524e-05	1.875078145806902e+00
2.710402741290524e-05	1.875078145603715e+00
2.720168366290524e-05	1.875078145342263e+00
2.729933991290524e-05	1.875078145049196e+00
2.739699616290524e-05	1.875078144721938e+00
2.749465241290524e-05	1.875078144358388e+00
2.759230866290524e-05	1.875078143987423e+00
2.768996491290523e-05	1.875078143586006e+00
2.778762116290523e-05	1.875078143149508e+00
2.788527741290523e-05	1.875078142724826e+00
2.798293366290523e-05	1.875078142300843e+00
2.808058991290523e-05	1.875078141854691e+00
2.817824616290523e-05	1.875078141427312e+00
2.827590241290523e-05	1.875078141004671e+00
2.837355866290523e-05	1.875078140569230e+00
2.847121491290523e-05	1.875078140180473e+00
2.856887116290523e-05	1.875078139821869e+00
2.866652741290523e-05	1.875078139456839e+00
2.876418366290523e-05	1.875078139122387e+00
2.886183991290523e-05	1.875078138834984e+00
2.895949616290523e-05	1.875078138571582e+00
2.905715241290523e-05	1.875078138343721e+00
2.915480866290523e-05	1.875078138171949e+00
2.925246491290523e-05	1.875078138037452e+00
2.935012116290522e-05	1.875078137916139e+00
2.944777741290522e-05	1.875078137815378e+00
2.954543366290522e-05	1.875078137764205e+00
2.964308991290522e-05	1.875078137770306e+00
2.974074616290522e-05	1.875078137829132e+00
2.983840241290522e-05	1.875078137943456e+00
2.993605866290522e-05	1.875078138081779e+00
3.003371491290522e-05	1.875078138231341e+00
3.013137116290522e-05	1.875078138410167e+00
3.022902741290522e-05	1.875078138617175e+00
3.032668366290522e-05	1.875078138878208e+00
3.042433991290522e-05	1.875078139196680e+00
3.052199616290522e-05	1.875078139523241e+00
3.061965241290522e-05	1.875078139875939e+00
3.071730866290522e-05	1.875078140249589e+00
3.081496491290523e-05	1.875078140606016e+00
3.091262116290523e-05	1.875078140971684e+00
3.101027741290523e-05	1.875078141345295e+00
3.110793366290523e-05	1.875078141730834e+00
3.120558991290524e-05	1.875078142145912e+00
3.130324616290524e-05	1.875078142554540e+00
3.140090241290524e-05	1.875078142935773e+00
3.149855866290525e-05	1.875078143308547e+00
3.159621491290525e-05	1.875078143677169e+00
3.169387116290525e-05	1.875078144021081e+00
3.179152741290525e-05	1.875078144334010e+00
3.188918366290526e-05	1.875078144628697e+00
3.198683991290526e-05	1.875078144937887e+00
3.208449616290526e-05	1.875078145252457e+00
3.218215241290527e-05	1.875078145507752e+00
3.227980866290527e-05	1.875078145688175e+00
3.237746491290527e-05	1.875078145851835e+00
3.247512116290527e-05	1.875078146006553e+00
3.257277741290528e-05	1.875078146128837e+00
3.267043366290528e-05	1.875078146250245e+00
3.276808991290528e-05	1.875078146330226e+00
3.286574616290528e-05	1.875078146339635e+00
3.296340241290529e-05	1.875078146338267e+00
3.306105866290529e-05	1.875078146301723e+00
3.315871491290529e-05	1.875078146238919e+00
3.325637116290530e-05	1.875078146175717e+00
3.335402741290530e-05	1.875078146073492e+00
3.345168366290530e-05	1.875078145949548e+00
3.354933991290530e-05	1.875078145788835e+00
3.364699616290531e-05	1.875078145566933e+00
3.374465241290531e-05	1.875078145344623e+00
3.384230866290531e-05	1.875078145171840e+00
3.393996491290532e-05	1.875078144987926e+00
3.403762116290532e-05	1.875078144706119e+00
3.413527741290532e-05	1.875078144415878e+00
3.423293366290532e-05	1.875078144197731e+00
3.433058991290533e-05	1.875078143957771e+00
3.442824616290533e-05	1.875078143678565e+00
3.452590241290533e-05	1.875078143436796e+00
3.462355866290534e-05	1.875078143218043e+00
3.472121491290534e-05	1.875078142968571e+00
3.481887116290534e-05	1.875078142706813e+00
3.491652741290534e-05	1.875078142467957e+00
3.501418366290535e-05	1.875078142247636e+00
3.511183991290535e-05	1.875078142059321e+00
3.520949616290535e-05	1.875078141909539e+00
3.530715241290535e-05	1.875078141757615e+00
3.540480866290536e-05	1.875078141588259e+00
3.550246491290536e-05	1.875078141454967e+00
3.560012116290536e-05	1.875078141353143e+00
3.569777741290537e-05	1.875078141254240e+00
3.579543366290537e-05	1.875078141183653e+00
3.589308991290537e-05	1.875078141136593e+00
3.599074616290537e-05	1.875078141105391e+00
3.608840241290538e-05	1.875078141111373e+00
3.618605866290538e-05	1.875078141157398e+00
3.628371491290538e-05	1.875078141199442e+00
3.638137116290539e-05	1.875078141248302e+00
3.647902741290539e-05	1.875078141348208e+00
3.657668366290539e-05	1.875078141442800e+00
3.667433991290539e-05	1.875078141528526e+00
3.677199616290540e-05	1.875078141665967e+00
3.686965241290540e-05	1.875078141814913e+00
3.696730866290540e-05	1.875078141952472e+00
3.706496491290541e-05	1.875078142130723e+00
3.716262116290541e-05	1.875078142339512e+00
3.726027741290541e-05	1.875078142535150e+00
3.735793366290541e-05	1.875078142720987e+00
3.745558991290542e-05	1.875078142919256e+00
3.755324616290542e-05	1.875078143119569e+00
3.765090241290542e-05	1.875078143313746e+00
3.774855866290542e-05	1.875078143515158e+00
3.784621491290543e-05	1.875078143701130e+00
3.794387116290543e-05	1.875078143869716e+00
3.804152741290543e-05	1.875078144062953e+00
3.813918366290544e-05	1.875078144264108e+00
3.823683991290544e-05	1.875078144438723e+00
3.833449616290544e-05	1.875078144592686e+00
3.843215241290544e-05	1.875078144727907e+00
3.852980866290545e-05	1.875078144829923e+00
3.862746491290545e-05	1.875078144909208e+00
3.872512116290545e-05	1.875078145003049e+00
3.882277741290546e-05	1.875078145117038e+00
3.892043366290546e-05	1.875078145205091e+00
3.901808991290546e-05	1.875078145227163e+00
3.911574616290546e-05	1.875078145219583e+00
3.921340241290547e-05	1.875078145247192e+00
3.931105866290547e-05	1.875078145278219e+00
3.940871491290547e-05	1.875078145258983e+00
3.950637116290548e-05	1.875078145218362e+00
3.960402741290548e-05	1.875078145179928e+00
3.970168366290548e-05	1.875078145131782e+00
3.979933991290548e-05	1.875078145058787e+00
3.989699616290549e-05	1.875078144974552e+00
3.999465241290549e-05	1.875078144895630e+00
4.009230866290549e-05	1.875078144782248e+00
4.018996491290549e-05	1.875078144659768e+00
4.028762116290550e-05	1.875078144575292e+00
4.038527741290550e-05	1.875078144462809e+00
4.048293366290550e-05	1.875078144287784e+00
4.058058991290551e-05	1.875078144131171e+00
4.067824616290551e-05	1.875078144014102e+00
4.077590241290551e-05	1.875078143866372e+00
4.087355866290551e-05	1.875078143711120e+00
4.097121491290552e-05	1.875078143596261e+00
4.106887116290552e-05	1.875078143474573e+00
4.116652741290552e-05	1.875078143336724e+00
4.126418366290553e-05	1.875078143198617e+00
4.136183991290553e-05	1.875078143063138e+00
4.145949616290553e-05	1.875078142950969e+00
4.155715241290553e-05	1.875078142866126e+00
4.165480866290554e-05	1.875078142786186e+00
4.175246491290554e-05	1.875078142683930e+00
4.185012116290554e-05	1.875078142614251e+00
4.194777741290555e-05	1.875078142577434e+00
4.204543366290555e-05	1.875078142502052e+00
4.214308991290555e-05	1.875078142433810e+00
4.224074616290555e-05	1.875078142406845e+00
4.233840241290556e-05	1.875078142402366e+00
4.243605866290556e-05	1.875078142400882e+00
4.253371491290556e-05	1.875078142398540e+00
4.263137116290556e-05	1.875078142416132e+00
4.272902741290557e-05	1.875078142443542e+00
4.282668366290557e-05	1.875078142464015e+00
4.292433991290557e-05	1.875078142492736e+00
4.302199616290558e-05	1.875078142567831e+00
4.311965241290558e-05	1.875078142659969e+00
4.321730866290558e-05	1.875078142745298e+00
4.331496491290558e-05	1.875078142847409e+00
4.341262116290559e-05	1.875078142915717e+00
4.351027741290559e-05	1.875078142980171e+00
4.360793366290559e-05	1.875078143091179e+00
4.370558991290560e-05	1.875078143207734e+00
4.380324616290560e-05	1.875078143333731e+00
4.390090241290560e-05	1.875078143432323e+00
4.399855866290560e-05	1.875078143487646e+00
4.409621491290561e-05	1.875078143571921e+00
4.419387116290561e-05	1.875078143672537e+00
4.429152741290561e-05	1.875078143754393e+00
4.438918366290561e-05	1.875078143842844e+00
4.448683991290562e-05	1.875078143943697e+00
4.458449616290562e-05	1.875078144060207e+00
4.468215241290562e-05	1.875078144173898e+00
4.477980866290563e-05	1.875078144230839e+00
4.487746491290563e-05	1.875078144258831e+00
4.497512116290563e-05	1.875078144308492e+00
4.507277741290563e-05	1.875078144376094e+00
4.517043366290564e-05	1.875078144447097e+00
4.526808991290564e-05	1.875078144474998e+00
4.536574616290564e-05	1.875078144469648e+00
4.546340241290565e-05	1.875078144491465e+00
4.556105866290565e-05	1.875078144517485e+00
4.565871491290565e-05	1.875078144530432e+00
4.575637116290565e-05	1.875078144534007e+00
4.585402741290566e-05	1.875078144506038e+00
4.595168366290566e-05	1.875078144476552e+00
4.604933991290566e-05	1.875078144462036e+00
4.614699616290567e-05	1.875078144420578e+00
4.624465241290567e-05	1.875078144376790e+00
4.634230866290567e-05	1.875078144356416e+00
4.643996491290567e-05	1.875078144307362e+00
4.653762116290568e-05	1.875078144214089e+00
4.663527741290568e-05	1.875078144117889e+00
4.673293366290568e-05	1.875078144055864e+00
4.683058991290568e-05	1.875078144018215e+00
4.692824616290569e-05	1.875078143966822e+00
4.702590241290569e-05	1.875078143887982e+00
4.712355866290569e-05	1.875078143808662e+00
4.722121491290570e-05	1.875078143749606e+00
4.731887116290570e-05	1.875078143680232e+00
4.741652741290570e-05	1.875078143598854e+00
4.751418366290570e-05	1.875078143523274e+00
4.761183991290571e-05	1.875078143451673e+00
4.770949616290571e-05	1.875078143383744e+00
4.780715241290571e-05	1.875078143310898e+00
4.790480866290572e-05	1.875078143227711e+00
4.800246491290572e-05	1.875078143162872e+00
4.810012116290572e-05	1.875078143151604e+00
4.819777741290572e-05	1.875078143136159e+00
4.829543366290573e-05	1.875078143098400e+00
4.839308991290573e-05	1.875078143069933e+00
4.849074616290573e-05	1.875078143026608e+00
4.858840241290574e-05	1.875078143010354e+00
4.868605866290574e-05	1.875078143023693e+00
4.878371491290574e-05	1.875078143012493e+00
4.888137116290574e-05	1.875078143005680e+00
4.897902741290575e-05	1.875078143018077e+00
4.907668366290575e-05	1.875078143019926e+00
4.917433991290575e-05	1.875078143023475e+00
4.927199616290575e-05	1.875078143049302e+00
4.936965241290576e-05	1.875078143080372e+00
4.946730866290576e-05	1.875078143117884e+00
4.956496491290576e-05	1.875078143176341e+00
4.966262116290577e-05	1.875078143221245e+00
4.976027741290577e-05	1.875078143242986e+00
4.985793366290577e-05	1.875078143275757e+00
4.995558991290577e-05	1.875078143312443e+00
5.005324616290578e-05	1.875078143356411e+00
5.015090241290578e-05	1.875078143407185e+00
5.024855866290578e-05	1.875078143457032e+00
5.034621491290579e-05	1.875078143512563e+00
5.044387116290579e-05	1.875078143583001e+00
5.054152741290579e-05	1.875078143668767e+00
5.063918366290579e-05	1.875078143710340e+00
5.073683991290580e-05	1.875078143750816e+00
5.083449616290580e-05	1.875078143832998e+00
5.093215241290580e-05	1.875078143864835e+00
5.102980866290581e-05	1.875078143883306e+00
5.112746491290581e-05	1.875078143936972e+00
5.122512116290581e-05	1.875078143968471e+00
5.132277741290581e-05	1.875078143988473e+00
5.142043366290582e-05	1.875078144017996e+00
5.151808991290582e-05	1.875078144053069e+00
5.161574616290582e-05	1.875078144095664e+00
5.171340241290582e-05	1.875078144099074e+00
5.181105866290583e-05	1.875078144073848e+00
5.190871491290583e-05	1.875078144084122e+00
5.200637116290583e-05	1.875078144099930e+00
5.210402741290584e-05	1.875078144109076e+00
5.220168366290584e-05	1.875078144118325e+00
5.229933991290584e-05	1.875078144110221e+00
5.239699616290584e-05	1.875078144097808e+00
5.249465241290585e-05	1.875078144073066e+00
5.259230866290585e-05	1.875078144031769e+00
5.268996491290585e-05	1.875078143988902e+00
5.278762116290586e-05	1.875078143967991e+00
5.288527741290586e-05	1.875078143961769e+00
5.298293366290586e-05	1.875078143934072e+00
5.308058991290586e-05	1.875078143888585e+00
5.317824616290587e-05	1.875078143850138e+00
5.327590241290587e-05	1.875078143814736e+00
5.337355866290587e-05	1.875078143785200e+00
5.347121491290588e-05	1.875078143776151e+00
5.356887116290588e-05	1.875078143725898e+00
5.366652741290588e-05	1.875078143642526e+00
5.376418366290588e-05	1.875078143622630e+00
5.386183991290589e-05	1.875078143622859e+00
5.395949616290589e-05	1.875078143558164e+00
5.405715241290589e-05	1.875078143479115e+00
5.415480866290589e-05	1.875078143452628e+00
5.425246491290590e-05	1.875078143426487e+00
5.435012116290590e-05	1.875078143386034e+00
5.444777741290590e-05	1.875078143362710e+00
5.454543366290591e-05	1.875078143348622e+00
5.464308991290591e-05	1.875078143349714e+00
5.474074616290591e-05	1.875078143338548e+00
5.483840241290591e-05	1.875078143328028e+00
5.493605866290592e-05	1.875078143343358e+00
5.503371491290592e-05	1.875078143350332e+00
5.513137116290592e-05	1.875078143323994e+00
5.522902741290593e-05	1.875078143292651e+00
5.532668366290593e-05	1.875078143314235e+00
5.542433991290593e-05	1.875078143320871e+00
5.552199616290593e-05	1.875078143309160e+00
5.561965241290594e-05	1.875078143352892e+00
5.571730866290594e-05	1.875078143368816e+00
5.581496491290594e-05	1.875078143354791e+00
5.591262116290595e-05	1.875078143389626e+00
5.601027741290595e-05	1.875078143423061e+00
5.610793366290595e-05	1.875078143408513e+00
5.620558991290595e-05	1.875078143403683e+00
5.630324616290596e-05	1.875078143454964e+00
5.640090241290596e-05	1.875078143507982e+00
5.649855866290596e-05	1.875078143502088e+00
5.659621491290596e-05	1.875078143492794e+00
5.669387116290597e-05	1.875078143537742e+00
5.679152741290597e-05	1.875078143587903e+00
5.688918366290597e-05	1.875078143611010e+00
5.698683991290598e-05	1.875078143634762e+00
5.708449616290598e-05	1.875078143657223e+00
5.718215241290598e-05	1.875078143668945e+00
5.727980866290598e-05	1.875078143709838e+00
5.737746491290599e-05	1.875078143761389e+00
5.747512116290599e-05	1.875078143779364e+00
5.757277741290599e-05	1.875078143769018e+00
5.767043366290600e-05	1.875078143755569e+00
5.776808991290600e-05	1.875078143788254e+00
5.786574616290600e-05	1.875078143828540e+00
5.796340241290600e-05	1.875078143831149e+00
5.806105866290601e-05	1.875078143846704e+00
5.815871491290601e-05	1.875078143879328e+00
5.825637116290601e-05	1.875078143895283e+00
5.835402741290601e-05	1.875078143887067e+00
5.845168366290602e-05	1.875078143881514e+00
5.854933991290602e-05	1.875078143878377e+00
5.864699616290602e-05	1.875078143859222e+00
5.874465241290603e-05	1.875078143843081e+00
5.884230866290603e-05	1.875078143835424e+00
5.893996491290603e-05	1.875078143825649e+00
5.903762116290603e-05	1.875078143803260e+00
5.913527741290604e-05	1.875078143790386e+00
5.923293366290604e-05	1.875078143802259e+00
5.933058991290604e-05	1.875078143799277e+00
5.942824616290605e-05	1.875078143772721e+00
5.952590241290605e-05	1.875078143746704e+00
5.962355866290605e-05	1.875078143726455e+00
5.972121491290605e-05	1.875078143708918e+00
5.981887116290606e-05	1.875078143691999e+00
5.991652741290606e-05	1.875078143688571e+00
6.001418366290606e-05	1.875078143692647e+00
6.011183991290607e-05	1.875078143659878e+00
6.020949616290607e-05	1.875078143593178e+00
6.030715241290607e-05	1.875078143544787e+00
6.040480866290607e-05	1.875078143550214e+00
6.050246491290608e-05	1.875078143558876e+00
6.060012116290608e-05	1.875078143517824e+00
6.069777741290608e-05	1.875078143489682e+00
6.079543366290608e-05	1.875078143495933e+00
6.089308991290609e-05	1.875078143482490e+00
6.099074616290609e-05	1.875078143475564e+00
6.108840241290609e-05	1.875078143490977e+00
6.118605866290610e-05	1.875078143484163e+00
6.128371491290610e-05	1.875078143462851e+00
6.138137116290610e-05	1.875078143452123e+00
6.147902741290610e-05	1.875078143461907e+00
6.157668366290611e-05	1.875078143478185e+00
6.167433991290611e-05	1.875078143456238e+00
6.177199616290611e-05	1.875078143434417e+00
6.186965241290612e-05	1.875078143462227e+00
6.196730866290612e-05	1.875078143489346e+00
6.206496491290612e-05	1.875078143491472e+00
6.216262116290612e-05	1.875078143491026e+00
6.226027741290613e-05	1.875078143493418e+00
6.235793366290613e-05	1.875078143502968e+00
6.245558991290613e-05	1.875078143507771e+00
6.255324616290614e-05	1.875078143512948e+00
6.265090241290614e-05	1.875078143524926e+00
6.274855866290614e-05	1.875078143529238e+00
6.284621491290614e-05	1.875078143539163e+00
6.294387116290615e-05	1.875078143549660e+00
6.304152741290615e-05	1.875078143556323e+00
6.313918366290615e-05	1.875078143582171e+00
6.323683991290615e-05	1.875078143619637e+00
6.333449616290616e-05	1.875078143635716e+00
6.343215241290616e-05	1.875078143622195e+00
6.352980866290616e-05	1.875078143628870e+00
6.362746491290617e-05	1.875078143654965e+00
6.372512116290617e-05	1.875078143663846e+00
6.382277741290617e-05	1.875078143677770e+00
6.392043366290617e-05	1.875078143698316e+00
6.401808991290618e-05	1.875078143693103e+00
6.411574616290618e-05	1.875078143677716e+00
6.421340241290618e-05	1.875078143698764e+00
6.431105866290619e-05	1.875078143734937e+00
6.440871491290619e-05	1.875078143748563e+00
6.450637116290619e-05	1.875078143763341e+00
6.460402741290619e-05	1.875078143765083e+00
6.470168366290620e-05	1.875078143744352e+00
6.479933991290620e-05	1.875078143738052e+00
6.489699616290620e-05	1.875078143737684e+00
6.499465241290621e-05	1.875078143742581e+00
6.509230866290621e-05	1.875078143756462e+00
6.518996491290621e-05	1.875078143755059e+00
6.528762116290621e-05	1.875078143745898e+00
6.538527741290622e-05	1.875078143738222e+00
6.548293366290622e-05	1.875078143741261e+00
6.558058991290622e-05	1.875078143758375e+00
6.567824616290622e-05	1.875078143746887e+00
6.577590241290623e-05	1.875078143700659e+00
6.587355866290623e-05	1.875078143673577e+00
6.597121491290623e-05	1.875078143658161e+00
6.606887116290624e-05	1.875078143655008e+00
6.616652741290624e-05	1.875078143664768e+00
6.626418366290624e-05	1.875078143658534e+00
6.636183991290624e-05	1.875078143653919e+00
6.645949616290625e-05	1.875078143636159e+00
6.655715241290625e-05	1.875078143608387e+00
6.665480866290625e-05	1.875078143599600e+00
6.675246491290626e-05	1.875078143597984e+00
6.685012116290626e-05	1.875078143597000e+00
6.694777741290626e-05	1.875078143580196e+00
6.704543366290626e-05	1.875078143553947e+00
6.714308991290627e-05	1.875078143529534e+00
6.724074616290627e-05	1.875078143501405e+00
6.733840241290627e-05	1.875078143490475e+00
6.743605866290628e-05	1.875078143503683e+00
6.753371491290628e-05	1.875078143519973e+00
6.763137116290628e-05	1.875078143524724e+00
6.772902741290628e-05	1.875078143511968e+00
6.782668366290629e-05	1.875078143493189e+00
6.792433991290629e-05	1.875078143491897e+00
6.802199616290629e-05	1.875078143504369e+00
6.811965241290629e-05	1.875078143513137e+00
6.821730866290630e-05	1.875078143524504e+00
6.831496491290630e-05	1.875078143527884e+00
6.841262116290630e-05	1.875078143512736e+00
6.851027741290631e-05	1.875078143519987e+00
6.860793366290631e-05	1.875078143567586e+00
6.870558991290631e-05	1.875078143600224e+00
6.880324616290631e-05	1.875078143586439e+00
6.890090241290632e-05	1.875078143582943e+00
6.899855866290632e-05	1.875078143607779e+00
6.909621491290632e-05	1.875078143592438e+00
6.919387116290633e-05	1.875078143559683e+00
6.929152741290633e-05	1.875078143567393e+00
6.938918366290633e-05	1.875078143589779e+00
6.948683991290633e-05	1.875078143601097e+00
6.958449616290634e-05	1.875078143609366e+00
6.968215241290634e-05	1.875078143616168e+00
6.977980866290634e-05	1.875078143614543e+00
6.987746491290635e-05	1.875078143617858e+00
6.997512116290635e-05	1.875078143647466e+00
7.007277741290635e-05	1.875078143657865e+00
7.017043366290635e-05	1.875078143627006e+00
7.026808991290636e-05	1.875078143622128e+00
7.036574616290636e-05	1.875078143639155e+00
7.046340241290636e-05	1.875078143643713e+00
7.056105866290636e-05	1.875078143654259e+00
7.065871491290637e-05	1.875078143657319e+00
7.075637116290637e-05	1.875078143653731e+00
7.085402741290637e-05	1.875078143664493e+00
7.095168366290638e-05	1.875078143675591e+00
7.104933991290638e-05	1.875078143678837e+00
7.114699616290638e-05	1.875078143668899e+00
7.124465241290638e-05	1.875078143659820e+00
7.134230866290639e-05	1.875078143674510e+00
7.143996491290639e-05	1.875078143678243e+00
7.153762116290639e-05	1.875078143672792e+00
7.163527741290640e-05	1.875078143678099e+00
7.173293366290640e-05	1.875078143663655e+00
7.183058991290640e-05	1.875078143649203e+00
7.192824616290640e-05	1.875078143665773e+00
7.202590241290641e-05	1.875078143662765e+00
7.212355866290641e-05	1.875078143645141e+00
7.222121491290641e-05	1.875078143653824e+00
7.231887116290641e-05	1.875078143643603e+00
7.241652741290642e-05	1.875078143617904e+00
7.251418366290642e-05	1.875078143624571e+00
7.261183991290642e-05	1.875078143622572e+00
7.270949616290643e-05	1.875078143606857e+00
7.280715241290643e-05	1.875078143611270e+00
7.290480866290643e-05	1.875078143606967e+00
7.300246491290643e-05	1.875078143601162e+00
7.310012116290644e-05	1.875078143611077e+00
7.319777741290644e-05	1.875078143601699e+00
7.329543366290644e-05	1.875078143576368e+00
7.339308991290645e-05	1.875078143553764e+00
7.349074616290645e-05	1.875078143541847e+00
7.358840241290645e-05	1.875078143551191e+00
7.368605866290645e-05	1.875078143555452e+00
7.378371491290646e-05	1.875078143554385e+00
7.388137116290646e-05	1.875078143558509e+00
7.397902741290646e-05	1.875078143520247e+00
7.407668366290647e-05	1.875078143489374e+00
7.417433991290647e-05	1.875078143535411e+00
7.427199616290647e-05	1.875078143574139e+00
7.436965241290647e-05	1.875078143560759e+00
7.446730866290648e-05	1.875078143556195e+00
7.456496491290648e-05	1.875078143556965e+00
7.466262116290648e-05	1.875078143545100e+00
7.476027741290648e-05	1.875078143563046e+00
7.485793366290649e-05	1.875078143593102e+00
7.495558991290649e-05	1.875078143588113e+00
7.505324616290649e-05	1.875078143565615e+00
7.515090241290650e-05	1.875078143534886e+00
7.524855866290650e-05	1.875078143524039e+00
7.534621491290650e-05	1.875078143541146e+00
7.544387116290650e-05	1.875078143562427e+00
7.554152741290651e-05	1.875078143594280e+00
7.563918366290651e-05	1.875078143597361e+00
7.573683991290651e-05	1.875078143576224e+00
7.583449616290652e-05	1.875078143582785e+00
7.593215241290652e-05	1.875078143582171e+00
7.602980866290652e-05	1.875078143569408e+00
7.612746491290652e-05	1.875078143576937e+00
7.622512116290653e-05	1.875078143596235e+00
7.632277741290653e-05	1.875078143603565e+00
7.642043366290653e-05	1.875078143591881e+00
7.651808991290654e-05	1.875078143601482e+00
7.661574616290654e-05	1.875078143631425e+00
7.671340241290654e-05	1.875078143629776e+00
7.681105866290654e-05	1.875078143619325e+00
7.690871491290655e-05	1.875078143619193e+00
7.700637116290655e-05	1.875078143638135e+00
7.710402741290655e-05	1.875078143672202e+00
7.720168366290655e-05	1.875078143648991e+00
7.729933991290656e-05	1.875078143614410e+00
7.739699616290656e-05	1.875078143629498e+00
7.749465241290656e-05	1.875078143622363e+00
7.759230866290657e-05	1.875078143603989e+00
7.768996491290657e-05	1.875078143630799e+00
7.778762116290657e-05	1.875078143671056e+00
7.788527741290657e-05	1.875078143664356e+00
7.798293366290658e-05	1.875078143645864e+00
7.808058991290658e-05	1.875078143650204e+00
7.817824616290658e-05	1.875078143620163e+00
7.827590241290659e-05	1.875078143598465e+00
7.837355866290659e-05	1.875078143624245e+00
7.847121491290659e-05	1.875078143627055e+00
7.856887116290659e-05	1.875078143601430e+00
7.866652741290660e-05	1.875078143600748e+00
7.876418366290660e-05	1.875078143638467e+00
7.886183991290660e-05	1.875078143648520e+00
7.895949616290661e-05	1.875078143629684e+00
7.905715241290661e-05	1.875078143620271e+00
7.915480866290661e-05	1.875078143600007e+00
7.925246491290661e-05	1.875078143596444e+00
7.935012116290662e-05	1.875078143597423e+00
7.944777741290662e-05	1.875078143565681e+00
7.954543366290662e-05	1.875078143543810e+00
7.964308991290662e-05	1.875078143556725e+00
7.974074616290663e-05	1.875078143580245e+00
7.983840241290663e-05	1.875078143588607e+00
7.993605866290663e-05	1.875078143596115e+00
8.003371491290664e-05	1.875078143592047e+00
8.013137116290664e-05	1.875078143567979e+00
8.022902741290664e-05	1.875078143555617e+00
8.032668366290664e-05	1.875078143556048e+00
8.042433991290665e-05	1.875078143564647e+00
8.052199616290665e-05	1.875078143557994e+00
8.061965241290665e-05	1.875078143528591e+00
8.071730866290666e-05	1.875078143541157e+00
8.081496491290666e-05	1.875078143571789e+00
8.091262116290666e-05	1.875078143549874e+00
8.101027741290666e-05	1.875078143520121e+00
8.110793366290667e-05	1.875078143520382e+00
8.120558991290667e-05	1.875078143526879e+00
8.130324616290667e-05	1.875078143528953e+00
8.140090241290668e-05	1.875078143527446e+00
8.149855866290668e-05	1.875078143533056e+00
8.159621491290668e-05	1.875078143535099e+00
8.169387116290668e-05	1.875078143537349e+00
8.179152741290669e-05	1.875078143557685e+00
8.188918366290669e-05	1.875078143573369e+00
8.198683991290669e-05	1.875078143583702e+00
8.208449616290669e-05	1.875078143596643e+00
8.218215241290670e-05	1.875078143587885e+00
8.227980866290670e-05	1.875078143577245e+00
8.237746491290670e-05	1.875078143593347e+00
8.247512116290671e-05	1.875078143615542e+00
8.257277741290671e-05	1.875078143607249e+00
8.267043366290671e-05	1.875078143592377e+00
8.276808991290671e-05	1.875078143605472e+00
8.286574616290672e-05	1.875078143607988e+00
8.296340241290672e-05	1.875078143586822e+00
8.306105866290672e-05	1.875078143572882e+00
8.315871491290673e-05	1.875078143562219e+00
8.325637116290673e-05	1.875078143559137e+00
8.335402741290673e-05	1.875078143582173e+00
8.345168366290673e-05	1.875078143600507e+00
8.354933991290674e-05	1.875078143595827e+00
8.364699616290674e-05	1.875078143599968e+00
8.374465241290674e-05	1.875078143599206e+00
8.384230866290675e-05	1.875078143582025e+00
8.393996491290675e-05	1.875078143580909e+00
8.403762116290675e-05	1.875078143598873e+00
8.413527741290675e-05	1.875078143626428e+00
8.423293366290676e-05	1.875078143653704e+00
8.433058991290676e-05	1.875078143640174e+00
8.442824616290676e-05	1.875078143601568e+00
8.452590241290676e-05	1.875078143589657e+00
8.462355866290677e-05	1.875078143586756e+00
8.472121491290677e-05	1.875078143572221e+00
8.481887116290677e-05	1.875078143581449e+00
8.491652741290678e-05	1.875078143620163e+00
8.501418366290678e-05	1.875078143631247e+00
8.511183991290678e-05	1.875078143611227e+00
8.520949616290678e-05	1.875078143597645e+00
8.530715241290679e-05	1.875078143579008e+00
8.540480866290679e-05	1.875078143574901e+00
8.550246491290679e-05	1.875078143582215e+00
8.560012116290680e-05	1.875078143568609e+00
8.569777741290680e-05	1.875078143556025e+00
8.579543366290680e-05	1.875078143554527e+00
8.589308991290680e-05	1.875078143560247e+00
8.599074616290681e-05	1.875078143575361e+00
8.608840241290681e-05	1.875078143583618e+00
8.618605866290681e-05	1.875078143582164e+00
8.628371491290681e-05	1.875078143580168e+00
8.638137116290682e-05	1.875078143580397e+00
8.647902741290682e-05	1.875078143571881e+00
8.657668366290682e-05	1.875078143559289e+00
8.667433991290683e-05	1.875078143543883e+00
8.677199616290683e-05	1.875078143522201e+00
8.686965241290683e-05	1.875078143534535e+00
8.696730866290683e-05	1.875078143556197e+00
8.706496491290684e-05	1.875078143543898e+00
8.716262116290684e-05	1.875078143540090e+00
8.726027741290684e-05	1.875078143538191e+00
8.735793366290685e-05	1.875078143530771e+00
8.745558991290685e-05	1.875078143536935e+00
8.755324616290685e-05	1.875078143531900e+00
8.765090241290685e-05	1.875078143536401e+00
8.774855866290686e-05	1.875078143566007e+00
8.784621491290686e-05	1.875078143568102e+00
8.794387116290686e-05	1.875078143548513e+00
8.804152741290687e-05	1.875078143538206e+00
8.813918366290687e-05	1.875078143542954e+00
8.823683991290687e-05	1.875078143558351e+00
8.833449616290687e-05	1.875078143564725e+00
8.843215241290688e-05	1.875078143570165e+00
8.852980866290688e-05	1.875078143580914e+00
8.862746491290688e-05	1.875078143583690e+00
8.872512116290688e-05	1.875078143584962e+00
8.882277741290689e-05	1.875078143579967e+00
8.892043366290689e-05	1.875078143560207e+00
8.901808991290689e-05	1.875078143549664e+00
8.911574616290690e-05	1.875078143547984e+00
8.921340241290690e-05	1.875078143544621e+00
8.931105866290690e-05	1.875078143566672e+00
8.940871491290690e-05	1.875078143578012e+00
8.950637116290691e-05	1.875078143571815e+00
8.960402741290691e-05	1.875078143591603e+00
8.970168366290691e-05	1.875078143590662e+00
8.979933991290692e-05	1.875078143562097e+00
8.989699616290692e-05	1.875078143556646e+00
8.999465241290692e-05	1.875078143558079e+00
9.009230866290692e-05	1.875078143574452e+00
9.018996491290693e-05	1.875078143600726e+00
9.028762116290693e-05	1.875078143572764e+00
9.038527741290693e-05	1.875078143555929e+00
9.048293366290694e-05	1.875078143597599e+00
9.058058991290694e-05	1.875078143592166e+00
9.067824616290694e-05	1.875078143561494e+00
9.077590241290694e-05	1.875078143555870e+00
9.087355866290695e-05	1.875078143545859e+00
9.097121491290695e-05	1.875078143548891e+00
9.106887116290695e-05	1.875078143569549e+00
9.116652741290695e-05	1.875078143587573e+00
9.126418366290696e-05	1.875078143595770e+00
9.136183991290696e-05	1.875078143605971e+00
9.145949616290696e-05	1.875078143606445e+00
9.155715241290697e-05	1.875078143589121e+00
9.165480866290697e-05	1.875078143552655e+00
9.175246491290697e-05	1.875078143501178e+00
9.185012116290697e-05	1.875078143506353e+00
9.194777741290698e-05	1.875078143547505e+00
9.204543366290698e-05	1.875078143566242e+00
9.214308991290698e-05	1.875078143584675e+00
9.224074616290699e-05	1.875078143590533e+00
9.233840241290699e-05	1.875078143570768e+00
9.243605866290699e-05	1.875078143546717e+00
9.253371491290699e-05	1.875078143535734e+00
9.263137116290700e-05	1.875078143544170e+00
9.272902741290700e-05	1.875078143536924e+00
9.282668366290700e-05	1.875078143518066e+00
9.292433991290701e-05	1.875078143525791e+00
9.302199616290701e-05	1.875078143540859e+00
9.311965241290701e-05	1.875078143546468e+00
9.321730866290701e-05	1.875078143558468e+00
9.331496491290702e-05	1.875078143569838e+00
9.341262116290702e-05	1.875078143562905e+00
9.351027741290702e-05	1.875078143541815e+00
9.360793366290702e-05	1.875078143542400e+00
9.370558991290703e-05	1.875078143568532e+00
9.380324616290703e-05	1.875078143580476e+00
9.390090241290703e-05	1.875078143557000e+00
9.399855866290704e-05	1.875078143539444e+00
9.409621491290704e-05	1.875078143573325e+00
9.419387116290704e-05	1.875078143590206e+00
9.429152741290704e-05	1.875078143566147e+00
9.438918366290705e-05	1.875078143562213e+00
9.448683991290705e-05	1.875078143574923e+00
9.458449616290705e-05	1.875078143595270e+00
9.468215241290706e-05	1.875078143595347e+00
9.477980866290706e-05	1.875078143563428e+00
9.487746491290706e-05	1.875078143547361e+00
9.497512116290706e-05	1.875078143559691e+00
9.507277741290707e-05	1.875078143571924e+00
9.517043366290707e-05	1.875078143568032e+00
9.526808991290707e-05	1.875078143550238e+00
9.536574616290708e-05	1.875078143562835e+00
9.546340241290708e-05	1.875078143609310e+00
9.556105866290708e-05	1.875078143609744e+00
9.565871491290708e-05	1.875078143569335e+00
9.575637116290709e-05	1.875078143552779e+00
9.585402741290709e-05	1.875078143543688e+00
9.595168366290709e-05	1.875078143526967e+00
9.604933991290709e-05	1.875078143531157e+00
9.614699616290710e-05	1.875078143543683e+00
9.624465241290710e-05	1.875078143548609e+00
9.634230866290710e-05	1.875078143568288e+00
9.643996491290711e-05	1.875078143573172e+00
9.653762116290711e-05	1.875078143561266e+00
9.663527741290711e-05	1.875078143564876e+00
9.673293366290711e-05	1.875078143576496e+00
9.683058991290712e-05	1.875078143595608e+00
9.692824616290712e-05	1.875078143582585e+00
9.702590241290712e-05	1.875078143552406e+00
9.712355866290713e-05	1.875078143563699e+00
9.722121491290713e-05	1.875078143572068e+00
9.731887116290713e-05	1.875078143572483e+00
9.741652741290713e-05	1.875078143573805e+00
9.751418366290714e-05	1.875078143569039e+00
9.761183991290714e-05	1.875078143581910e+00
9.770949616290714e-05	1.875078143581852e+00
9.780715241290715e-05	1.875078143552050e+00
9.790480866290715e-05	1.875078143530679e+00
9.800246491290715e-05	1.875078143538652e+00
9.810012116290715e-05	1.875078143553816e+00
9.819777741290716e-05	1.875078143552132e+00
9.829543366290716e-05	1.875078143539173e+00
9.839308991290716e-05	1.875078143535496e+00
9.849074616290716e-05	1.875078143553281e+00
9.858840241290717e-05	1.875078143573210e+00
9.868605866290717e-05	1.875078143590193e+00
9.878371491290717e-05	1.875078143596776e+00
9.888137116290718e-05	1.875078143568537e+00
9.897902741290718e-05	1.875078143537609e+00
9.907668366290718e-05	1.875078143557934e+00
9.917433991290718e-05	1.875078143576293e+00
9.927199616290719e-05	1.875078143547244e+00
9.936965241290719e-05	1.875078143537630e+00
9.946730866290719e-05	1.875078143541408e+00
9.956496491290720e-05	1.875078143525615e+00
9.966262116290720e-05	1.875078143541262e+00
9.976027741290720e-05	1.875078143567635e+00
9.985793366290720e-05	1.875078143555004e+00
9.995558991290721e-05	1.875078143527903e+00
1.000532461629072e-04	1.875078143505464e+00
Step Information: Rg=110  (Step: 2/4)
0.000000000000000e+00	1.762604861791088e+00
9.765624723809263e-13	1.762604861791088e+00
1.953124944761853e-12	1.762604861791088e+00
3.906249889523705e-12	1.762604861791088e+00
7.812499779047410e-12	1.762604861791089e+00
1.562499955809482e-11	1.762604861791089e+00
3.124999911618964e-11	1.762604861791091e+00
6.249999823237928e-11	1.762604861791093e+00
1.249999964647586e-10	1.762604861791098e+00
2.499999929295171e-10	1.762604861791099e+00
4.999999858590343e-10	1.762604861791087e+00
9.999999717180685e-10	1.762604861791059e+00
1.999999943436137e-09	1.762604861790952e+00
3.999999886872274e-09	1.762604861790623e+00
7.999999773744548e-09	1.762604861789946e+00
1.599999954748910e-08	1.762604861788845e+00
3.199999909497819e-08	1.762604861787574e+00
6.399999818995639e-08	1.762604861787028e+00
1.279999963799128e-07	1.762604861786894e+00
2.256562463799128e-07	1.762604861784091e+00
3.233124963799128e-07	1.762604861779097e+00
4.209687463799127e-07	1.762604861777431e+00
5.186249963799127e-07	1.762604861774975e+00
6.162812463799128e-07	1.762604861764843e+00
7.139374963799128e-07	1.762604861766740e+00
8.115937463799129e-07	1.762604861786798e+00
9.092499963799129e-07	1.762604861792833e+00
1.006906246379913e-06	1.762604861775235e+00
1.104562496379913e-06	1.762604861757048e+00
1.202218746379913e-06	1.762604861747339e+00
1.299874996379913e-06	1.762604861749656e+00
1.397531246379913e-06	1.762604861766619e+00
1.495187496379913e-06	1.762604861773328e+00
1.592843746379913e-06	1.762604861761768e+00
1.690499996379913e-06	1.762604861752765e+00
1.788156246379913e-06	1.762604861749761e+00
1.885812496379913e-06	1.762604861753615e+00
1.983468746379913e-06	1.762604861760978e+00
2.081124996379913e-06	1.762604861762933e+00
2.178781246379913e-06	1.762604861765392e+00
2.276437496379913e-06	1.762604861761512e+00
2.374093746379913e-06	1.762604861751580e+00
2.471749996379913e-06	1.762604861756187e+00
2.569406246379912e-06	1.762604861775057e+00
2.667062496379912e-06	1.762604861791939e+00
2.764718746379912e-06	1.762604861777207e+00
2.862374996379912e-06	1.762604861741205e+00
2.960031246379912e-06	1.762604861736813e+00
3.057687496379912e-06	1.762604861749423e+00
3.155343746379911e-06	1.762604861755888e+00
3.252999996379911e-06	1.762604861770914e+00
3.350656246379911e-06	1.762604861773017e+00
3.448312496379911e-06	1.762604861755552e+00
3.545968746379911e-06	1.762604861751887e+00
3.643624996379911e-06	1.762604861759745e+00
3.741281246379910e-06	1.762604861758498e+00
3.838937496379911e-06	1.762604861767655e+00
3.936593746379911e-06	1.762604861793064e+00
4.034249996379911e-06	1.762604861799029e+00
4.131906246379911e-06	1.762604861777318e+00
4.229562496379912e-06	1.762604861757820e+00
4.327218746379912e-06	1.762604861750810e+00
4.424874996379912e-06	1.762604861741095e+00
4.522531246379912e-06	1.762604861737544e+00
4.620187496379913e-06	1.762604861755265e+00
4.717843746379913e-06	1.762604861773652e+00
4.815499996379913e-06	1.762604861774851e+00
4.913156246379913e-06	1.762604861770779e+00
5.010812496379914e-06	1.762604861769434e+00
5.108468746379914e-06	1.762604861775593e+00
5.206124996379914e-06	1.762604861784028e+00
5.303781246379914e-06	1.762604861779189e+00
5.401437496379915e-06	1.762604861775553e+00
5.499093746379915e-06	1.762604861773389e+00
5.596749996379915e-06	1.762604861757611e+00
5.694406246379916e-06	1.762604861753393e+00
5.792062496379916e-06	1.762604861761660e+00
5.889718746379916e-06	1.762604861750055e+00
5.987374996379916e-06	1.762604861738043e+00
6.085031246379917e-06	1.762604861757654e+00
6.182687496379917e-06	1.762604861781481e+00
6.280343746379917e-06	1.762604861782594e+00
6.377999996379917e-06	1.762604861785418e+00
6.475656246379918e-06	1.762604861792767e+00
6.573312496379918e-06	1.762604861785362e+00
6.670968746379918e-06	1.762604861780272e+00
6.768624996379918e-06	1.762604861778449e+00
6.866281246379919e-06	1.762604861767234e+00
6.963937496379919e-06	1.762604861760228e+00
7.061593746379919e-06	1.762604861758851e+00
7.159249996379919e-06	1.762604861754883e+00
7.256906246379920e-06	1.762604861759078e+00
7.354562496379920e-06	1.762604861776228e+00
7.452218746379920e-06	1.762604861786071e+00
7.549874996379920e-06	1.762604861773349e+00
7.647531246379920e-06	1.762604861754956e+00
7.745187496379919e-06	1.762604861756607e+00
7.842843746379919e-06	1.762604861766486e+00
7.940499996379918e-06	1.762604861766547e+00
8.038156246379917e-06	1.762604861770782e+00
8.135812496379917e-06	1.762604861778229e+00
8.233468746379916e-06	1.762604861770475e+00
8.331124996379916e-06	1.762604861759862e+00
8.428781246379915e-06	1.762604861771658e+00
8.526437496379914e-06	1.762604861788212e+00
8.624093746379914e-06	1.762604861781375e+00
8.721749996379913e-06	1.762604861770361e+00
8.819406246379913e-06	1.762604861770394e+00
8.917062496379912e-06	1.762604861769528e+00
9.014718746379912e-06	1.762604861772317e+00
9.112374996379911e-06	1.762604861779730e+00
9.210031246379910e-06	1.762604861778115e+00
9.307687496379910e-06	1.762604861769568e+00
9.405343746379909e-06	1.762604861771102e+00
9.502999996379909e-06	1.762604861793681e+00
9.600656246379908e-06	1.762604861808770e+00
9.698312496379907e-06	1.762604861789712e+00
9.795968746379907e-06	1.762604861774486e+00
9.893624996379906e-06	1.762604861782826e+00
9.991281246379906e-06	1.762604861786990e+00
1.008893749637991e-05	1.762604861790471e+00
1.018659374637990e-05	1.762604861796716e+00
1.028424999637990e-05	1.762604861791777e+00
1.038190624637990e-05	1.762604861784314e+00
1.047956249637990e-05	1.762604861771448e+00
1.057721874637990e-05	1.762604861753129e+00
1.067487499637990e-05	1.762604861752896e+00
1.077253124637990e-05	1.762604861761445e+00
1.087018749637990e-05	1.762604861757745e+00
1.096784374637990e-05	1.762604861749337e+00
1.106549999637990e-05	1.762604861748442e+00
1.116315624637990e-05	1.762604861763713e+00
1.126081249637990e-05	1.762604861780944e+00
1.135846874637990e-05	1.762604861776401e+00
1.145612499637990e-05	1.762604861771898e+00
1.155378124637990e-05	1.762604861782017e+00
1.165143749637990e-05	1.762604861783925e+00
1.174909374637989e-05	1.762604861779366e+00
1.184674999637989e-05	1.762604861774536e+00
1.194440624637989e-05	1.762604861761793e+00
1.204206249637989e-05	1.762604861756089e+00
1.213971874637989e-05	1.762604861772377e+00
1.223737499637989e-05	1.762604861785708e+00
1.233503124637989e-05	1.762604861772181e+00
1.243268749637989e-05	1.762604861762963e+00
1.253034374637989e-05	1.762604861779122e+00
1.262799999637989e-05	1.762604861782495e+00
1.272565624637989e-05	1.762604861772154e+00
1.282331249637989e-05	1.762604861777344e+00
1.292096874637989e-05	1.762604861774463e+00
1.301862499637989e-05	1.762604861760648e+00
1.311628124637989e-05	1.762604861757452e+00
1.321393749637989e-05	1.762604861752589e+00
1.331159374637989e-05	1.762604861751864e+00
1.340924999637988e-05	1.762604861767200e+00
1.350690624637988e-05	1.762604861777190e+00
1.360456249637988e-05	1.762604861772441e+00
1.370221874637988e-05	1.762604861770011e+00
1.379987499637988e-05	1.762604861769824e+00
1.389753124637988e-05	1.762604861767594e+00
1.399518749637988e-05	1.762604861769217e+00
1.409284374637988e-05	1.762604861766083e+00
1.419049999637988e-05	1.762604861757803e+00
1.428815624637988e-05	1.762604861756629e+00
1.438581249637988e-05	1.762604861761557e+00
1.448346874637988e-05	1.762604861770344e+00
1.458112499637988e-05	1.762604861789254e+00
1.467878124637988e-05	1.762604861796188e+00
1.477643749637988e-05	1.762604861776850e+00
1.487409374637988e-05	1.762604861770970e+00
1.497174999637988e-05	1.762604861779595e+00
1.506940624637987e-05	1.762604861772560e+00
1.516706249637987e-05	1.762604861766633e+00
1.526471874637988e-05	1.762604861770346e+00
1.536237499637987e-05	1.762604861768247e+00
1.546003124637987e-05	1.762604861768032e+00
1.555768749637987e-05	1.762604861780710e+00
1.565534374637987e-05	1.762604861790293e+00
1.575299999637987e-05	1.762604861785030e+00
1.585065624637987e-05	1.762604861781649e+00
1.594831249637987e-05	1.762604861784959e+00
1.604596874637987e-05	1.762604861776628e+00
1.614362499637987e-05	1.762604861757054e+00
1.624128124637987e-05	1.762604861752199e+00
1.633893749637987e-05	1.762604861764062e+00
1.643659374637987e-05	1.762604861766019e+00
1.653424999637987e-05	1.762604861765320e+00
1.663190624637987e-05	1.762604861773614e+00
1.672956249637987e-05	1.762604861771710e+00
1.682721874637987e-05	1.762604861764422e+00
1.692487499637987e-05	1.762604861767375e+00
1.702253124637986e-05	1.762604861768054e+00
1.712018749637986e-05	1.762604861754937e+00
1.721784374637986e-05	1.762604861745928e+00
1.731549999637986e-05	1.762604861760493e+00
1.741315624637986e-05	1.762604861783243e+00
1.751081249637986e-05	1.762604861782208e+00
1.760846874637986e-05	1.762604861756985e+00
1.770612499637986e-05	1.762604861743539e+00
1.780378124637986e-05	1.762604861751027e+00
1.790143749637986e-05	1.762604861760099e+00
1.799909374637986e-05	1.762604861772900e+00
1.809674999637986e-05	1.762604861779875e+00
1.819440624637986e-05	1.762604861765425e+00
1.829206249637986e-05	1.762604861754636e+00
1.838971874637986e-05	1.762604861761119e+00
1.848737499637986e-05	1.762604861765278e+00
1.858503124637986e-05	1.762604861763559e+00
1.868268749637985e-05	1.762604861766834e+00
1.878034374637985e-05	1.762604861775688e+00
1.887799999637985e-05	1.762604861783593e+00
1.897565624637985e-05	1.762604861788408e+00
1.907331249637985e-05	1.762604861788592e+00
1.917096874637985e-05	1.762604861781690e+00
1.926862499637985e-05	1.762604861775154e+00
1.936628124637985e-05	1.762604861773236e+00
1.946393749637985e-05	1.762604861761979e+00
1.956159374637985e-05	1.762604861742678e+00
1.965924999637985e-05	1.762604861740335e+00
1.975690624637985e-05	1.762604861753562e+00
1.985456249637985e-05	1.762604861758894e+00
1.995221874637985e-05	1.762604861754723e+00
2.004987499637985e-05	1.762604861756419e+00
2.014753124637985e-05	1.762604861770627e+00
2.024518749637985e-05	1.762604861784129e+00
2.034284374637984e-05	1.762604861782608e+00
2.044049999637984e-05	1.762604861779809e+00
2.053815624637984e-05	1.762604861785055e+00
2.063581249637984e-05	1.762604861782636e+00
2.073346874637984e-05	1.762604861775495e+00
2.083112499637984e-05	1.762604861781438e+00
2.092878124637984e-05	1.762604861799587e+00
2.102643749637984e-05	1.762604861809501e+00
2.112409374637984e-05	1.762604861806892e+00
2.122174999637984e-05	1.762604861802347e+00
2.131940624637984e-05	1.762604861785328e+00
2.141706249637984e-05	1.762604861765807e+00
2.151471874637984e-05	1.762604861768197e+00
2.161237499637984e-05	1.762604861771654e+00
2.171003124637984e-05	1.762604861761803e+00
2.180768749637984e-05	1.762604861762237e+00
2.190534374637984e-05	1.762604861774193e+00
2.200299999637983e-05	1.762604861780360e+00
2.210065624637983e-05	1.762604861775799e+00
2.219831249637983e-05	1.762604861767164e+00
2.229596874637983e-05	1.762604861768660e+00
2.239362499637983e-05	1.762604861768503e+00
2.249128124637983e-05	1.762604861752734e+00
2.258893749637983e-05	1.762604861741202e+00
2.268659374637983e-05	1.762604861739643e+00
2.278424999637983e-05	1.762604861742602e+00
2.288190624637983e-05	1.762604861757276e+00
2.297956249637983e-05	1.762604861769605e+00
2.307721874637983e-05	1.762604861769998e+00
2.317487499637983e-05	1.762604861773364e+00
2.327253124637983e-05	1.762604861777537e+00
2.337018749637983e-05	1.762604861777513e+00
2.346784374637983e-05	1.762604861776188e+00
2.356549999637983e-05	1.762604861773667e+00
2.366315624637982e-05	1.762604861770360e+00
2.376081249637982e-05	1.762604861763849e+00
2.385846874637982e-05	1.762604861762620e+00
2.395612499637982e-05	1.762604861769472e+00
2.405378124637982e-05	1.762604861778014e+00
2.415143749637982e-05	1.762604861788670e+00
2.424909374637982e-05	1.762604861780836e+00
2.434674999637982e-05	1.762604861755089e+00
2.444440624637982e-05	1.762604861753170e+00
2.454206249637982e-05	1.762604861767398e+00
2.463971874637982e-05	1.762604861767778e+00
2.473737499637982e-05	1.762604861768775e+00
2.483503124637982e-05	1.762604861780915e+00
2.493268749637982e-05	1.762604861780499e+00
2.503034374637982e-05	1.762604861760102e+00
2.512799999637982e-05	1.762604861752803e+00
2.522565624637982e-05	1.762604861758810e+00
2.532331249637981e-05	1.762604861762304e+00
2.542096874637981e-05	1.762604861779867e+00
2.551862499637981e-05	1.762604861791038e+00
2.561628124637981e-05	1.762604861778636e+00
2.571393749637981e-05	1.762604861773795e+00
2.581159374637981e-05	1.762604861776412e+00
2.590924999637981e-05	1.762604861773957e+00
2.600690624637981e-05	1.762604861781783e+00
2.610456249637981e-05	1.762604861792252e+00
2.620221874637981e-05	1.762604861790011e+00
2.629987499637981e-05	1.762604861791325e+00
2.639753124637981e-05	1.762604861798262e+00
2.649518749637981e-05	1.762604861801425e+00
2.659284374637981e-05	1.762604861801055e+00
2.669049999637981e-05	1.762604861786777e+00
2.678815624637981e-05	1.762604861771401e+00
2.688581249637981e-05	1.762604861775961e+00
2.698346874637980e-05	1.762604861783353e+00
2.708112499637980e-05	1.762604861786085e+00
2.717878124637980e-05	1.762604861787712e+00
2.727643749637980e-05	1.762604861774370e+00
2.737409374637980e-05	1.762604861761264e+00
2.747174999637980e-05	1.762604861766455e+00
2.756940624637980e-05	1.762604861770188e+00
2.766706249637980e-05	1.762604861772036e+00
2.776471874637980e-05	1.762604861783277e+00
2.786237499637980e-05	1.762604861783786e+00
2.796003124637980e-05	1.762604861765239e+00
2.805768749637980e-05	1.762604861755686e+00
2.815534374637980e-05	1.762604861768560e+00
2.825299999637980e-05	1.762604861783239e+00
2.835065624637980e-05	1.762604861784211e+00
2.844831249637980e-05	1.762604861775767e+00
2.854596874637980e-05	1.762604861766631e+00
2.864362499637979e-05	1.762604861757634e+00
2.874128124637979e-05	1.762604861751961e+00
2.883893749637979e-05	1.762604861757053e+00
2.893659374637979e-05	1.762604861759275e+00
2.903424999637979e-05	1.762604861752198e+00
2.913190624637979e-05	1.762604861757742e+00
2.922956249637979e-05	1.762604861774245e+00
2.932721874637979e-05	1.762604861777295e+00
2.942487499637979e-05	1.762604861762235e+00
2.952253124637979e-05	1.762604861750124e+00
2.962018749637979e-05	1.762604861755249e+00
2.971784374637979e-05	1.762604861758233e+00
2.981549999637979e-05	1.762604861762196e+00
2.991315624637979e-05	1.762604861780393e+00
3.001081249637979e-05	1.762604861782187e+00
3.010846874637979e-05	1.762604861764538e+00
3.020612499637978e-05	1.762604861758069e+00
3.030378124637978e-05	1.762604861763104e+00
3.040143749637978e-05	1.762604861766420e+00
3.049909374637978e-05	1.762604861771437e+00
3.059674999637978e-05	1.762604861780533e+00
3.069440624637979e-05	1.762604861780528e+00
3.079206249637979e-05	1.762604861771538e+00
3.088971874637979e-05	1.762604861777093e+00
3.098737499637979e-05	1.762604861793998e+00
3.108503124637980e-05	1.762604861785016e+00
3.118268749637980e-05	1.762604861758706e+00
3.128034374637980e-05	1.762604861755903e+00
3.137799999637981e-05	1.762604861766953e+00
3.147565624637981e-05	1.762604861772332e+00
3.157331249637981e-05	1.762604861785920e+00
3.167096874637981e-05	1.762604861795040e+00
3.176862499637982e-05	1.762604861778773e+00
3.186628124637982e-05	1.762604861767878e+00
3.196393749637982e-05	1.762604861777622e+00
3.206159374637982e-05	1.762604861780061e+00
3.215924999637983e-05	1.762604861769729e+00
3.225690624637983e-05	1.762604861767250e+00
3.235456249637983e-05	1.762604861776090e+00
3.245221874637984e-05	1.762604861774784e+00
3.254987499637984e-05	1.762604861759325e+00
3.264753124637984e-05	1.762604861753756e+00
3.274518749637984e-05	1.762604861760692e+00
3.284284374637985e-05	1.762604861756714e+00
3.294049999637985e-05	1.762604861746477e+00
3.303815624637985e-05	1.762604861756553e+00
3.313581249637986e-05	1.762604861775980e+00
3.323346874637986e-05	1.762604861782746e+00
3.333112499637986e-05	1.762604861785529e+00
3.342878124637986e-05	1.762604861782972e+00
3.352643749637987e-05	1.762604861768033e+00
3.362409374637987e-05	1.762604861761155e+00
3.372174999637987e-05	1.762604861775895e+00
3.381940624637987e-05	1.762604861787376e+00
3.391706249637988e-05	1.762604861778966e+00
3.401471874637988e-05	1.762604861774900e+00
3.411237499637988e-05	1.762604861775557e+00
3.421003124637989e-05	1.762604861761568e+00
3.430768749637989e-05	1.762604861750961e+00
3.440534374637989e-05	1.762604861757401e+00
3.450299999637989e-05	1.762604861770137e+00
3.460065624637990e-05	1.762604861780918e+00
3.469831249637990e-05	1.762604861781910e+00
3.479596874637990e-05	1.762604861780735e+00
3.489362499637991e-05	1.762604861781593e+00
3.499128124637991e-05	1.762604861768096e+00
3.508893749637991e-05	1.762604861755080e+00
3.518659374637991e-05	1.762604861764129e+00
3.528424999637992e-05	1.762604861779825e+00
3.538190624637992e-05	1.762604861778060e+00
3.547956249637992e-05	1.762604861765035e+00
3.557721874637993e-05	1.762604861769719e+00
3.567487499637993e-05	1.762604861774924e+00
3.577253124637993e-05	1.762604861758139e+00
3.587018749637993e-05	1.762604861747301e+00
3.596784374637994e-05	1.762604861758970e+00
3.606549999637994e-05	1.762604861784717e+00
3.616315624637994e-05	1.762604861802720e+00
3.626081249637994e-05	1.762604861801256e+00
3.635846874637995e-05	1.762604861791800e+00
3.645612499637995e-05	1.762604861776181e+00
3.655378124637995e-05	1.762604861762207e+00
3.665143749637996e-05	1.762604861759526e+00
3.674909374637996e-05	1.762604861757886e+00
3.684674999637996e-05	1.762604861753202e+00
3.694440624637996e-05	1.762604861753791e+00
3.704206249637997e-05	1.762604861759776e+00
3.713971874637997e-05	1.762604861765156e+00
3.723737499637997e-05	1.762604861772857e+00
3.733503124637998e-05	1.762604861784938e+00
3.743268749637998e-05	1.762604861791571e+00
3.753034374637998e-05	1.762604861781699e+00
3.762799999637998e-05	1.762604861763686e+00
3.772565624637999e-05	1.762604861763537e+00
3.782331249637999e-05	1.762604861779158e+00
3.792096874637999e-05	1.762604861781404e+00
3.801862499638000e-05	1.762604861776710e+00
3.811628124638000e-05	1.762604861785714e+00
3.821393749638000e-05	1.762604861787622e+00
3.831159374638000e-05	1.762604861774276e+00
3.840924999638001e-05	1.762604861776117e+00
3.850690624638001e-05	1.762604861785361e+00
3.860456249638001e-05	1.762604861778062e+00
3.870221874638001e-05	1.762604861769749e+00
3.879987499638002e-05	1.762604861765850e+00
3.889753124638002e-05	1.762604861764709e+00
3.899518749638002e-05	1.762604861769571e+00
3.909284374638003e-05	1.762604861768246e+00
3.919049999638003e-05	1.762604861766080e+00
3.928815624638003e-05	1.762604861768013e+00
3.938581249638003e-05	1.762604861767681e+00
3.948346874638004e-05	1.762604861774716e+00
3.958112499638004e-05	1.762604861778460e+00
3.967878124638004e-05	1.762604861770850e+00
3.977643749638005e-05	1.762604861774577e+00
3.987409374638005e-05	1.762604861781077e+00
3.997174999638005e-05	1.762604861772879e+00
4.006940624638005e-05	1.762604861760331e+00
4.016706249638006e-05	1.762604861753975e+00
4.026471874638006e-05	1.762604861764416e+00
4.036237499638006e-05	1.762604861780047e+00
4.046003124638007e-05	1.762604861779522e+00
4.055768749638007e-05	1.762604861782805e+00
4.065534374638007e-05	1.762604861803889e+00
4.075299999638007e-05	1.762604861810848e+00
4.085065624638008e-05	1.762604861789638e+00
4.094831249638008e-05	1.762604861771946e+00
4.104596874638008e-05	1.762604861773865e+00
4.114362499638008e-05	1.762604861778977e+00
4.124128124638009e-05	1.762604861775964e+00
4.133893749638009e-05	1.762604861766892e+00
4.143659374638009e-05	1.762604861764280e+00
4.153424999638010e-05	1.762604861770304e+00
4.163190624638010e-05	1.762604861769907e+00
4.172956249638010e-05	1.762604861759413e+00
4.182721874638010e-05	1.762604861752908e+00
4.192487499638011e-05	1.762604861759271e+00
4.202253124638011e-05	1.762604861774654e+00
4.212018749638011e-05	1.762604861790940e+00
4.221784374638012e-05	1.762604861790969e+00
4.231549999638012e-05	1.762604861782350e+00
4.241315624638012e-05	1.762604861787240e+00
4.251081249638012e-05	1.762604861786012e+00
4.260846874638013e-05	1.762604861764558e+00
4.270612499638013e-05	1.762604861753841e+00
4.280378124638013e-05	1.762604861775236e+00
4.290143749638014e-05	1.762604861798247e+00
4.299909374638014e-05	1.762604861786435e+00
4.309674999638014e-05	1.762604861756307e+00
4.319440624638014e-05	1.762604861741615e+00
4.329206249638015e-05	1.762604861747223e+00
4.338971874638015e-05	1.762604861762299e+00
4.348737499638015e-05	1.762604861770256e+00
4.358503124638015e-05	1.762604861773216e+00
4.368268749638016e-05	1.762604861782254e+00
4.378034374638016e-05	1.762604861778486e+00
4.387799999638016e-05	1.762604861767130e+00
4.397565624638017e-05	1.762604861769936e+00
4.407331249638017e-05	1.762604861774730e+00
4.417096874638017e-05	1.762604861776224e+00
4.426862499638017e-05	1.762604861780401e+00
4.436628124638018e-05	1.762604861789264e+00
4.446393749638018e-05	1.762604861789358e+00
4.456159374638018e-05	1.762604861768667e+00
4.465924999638019e-05	1.762604861756327e+00
4.475690624638019e-05	1.762604861766130e+00
4.485456249638019e-05	1.762604861779661e+00
4.495221874638019e-05	1.762604861786525e+00
4.504987499638020e-05	1.762604861777777e+00
4.514753124638020e-05	1.762604861772028e+00
4.524518749638020e-05	1.762604861786052e+00
4.534284374638021e-05	1.762604861789500e+00
4.544049999638021e-05	1.762604861774089e+00
4.553815624638021e-05	1.762604861763125e+00
4.563581249638021e-05	1.762604861762232e+00
4.573346874638022e-05	1.762604861768668e+00
4.583112499638022e-05	1.762604861778496e+00
4.592878124638022e-05	1.762604861781986e+00
4.602643749638022e-05	1.762604861776787e+00
4.612409374638023e-05	1.762604861772994e+00
4.622174999638023e-05	1.762604861770637e+00
4.631940624638023e-05	1.762604861766569e+00
4.641706249638024e-05	1.762604861771186e+00
4.651471874638024e-05	1.762604861781206e+00
4.661237499638024e-05	1.762604861783150e+00
4.671003124638024e-05	1.762604861782988e+00
4.680768749638025e-05	1.762604861784641e+00
4.690534374638025e-05	1.762604861774376e+00
4.700299999638025e-05	1.762604861764813e+00
4.710065624638026e-05	1.762604861770599e+00
4.719831249638026e-05	1.762604861768547e+00
4.729596874638026e-05	1.762604861767866e+00
4.739362499638026e-05	1.762604861785013e+00
4.749128124638027e-05	1.762604861789195e+00
4.758893749638027e-05	1.762604861775664e+00
4.768659374638027e-05	1.762604861765572e+00
4.778424999638027e-05	1.762604861760874e+00
4.788190624638028e-05	1.762604861758275e+00
4.797956249638028e-05	1.762604861759538e+00
4.807721874638028e-05	1.762604861765770e+00
4.817487499638029e-05	1.762604861773601e+00
4.827253124638029e-05	1.762604861774108e+00
4.837018749638029e-05	1.762604861764220e+00
4.846784374638029e-05	1.762604861757751e+00
4.856549999638030e-05	1.762604861760988e+00
4.866315624638030e-05	1.762604861777262e+00
4.876081249638030e-05	1.762604861797856e+00
4.885846874638031e-05	1.762604861796686e+00
4.895612499638031e-05	1.762604861784299e+00
4.905378124638031e-05	1.762604861776949e+00
4.915143749638031e-05	1.762604861775215e+00
4.924909374638032e-05	1.762604861781231e+00
4.934674999638032e-05	1.762604861776571e+00
4.944440624638032e-05	1.762604861764512e+00
4.954206249638033e-05	1.762604861770792e+00
4.963971874638033e-05	1.762604861782209e+00
4.973737499638033e-05	1.762604861776985e+00
4.983503124638033e-05	1.762604861765167e+00
4.993268749638034e-05	1.762604861764937e+00
5.003034374638034e-05	1.762604861777927e+00
5.012799999638034e-05	1.762604861781621e+00
5.022565624638034e-05	1.762604861764680e+00
5.032331249638035e-05	1.762604861751014e+00
5.042096874638035e-05	1.762604861759850e+00
5.051862499638035e-05	1.762604861778651e+00
5.061628124638036e-05	1.762604861785076e+00
5.071393749638036e-05	1.762604861784776e+00
5.081159374638036e-05	1.762604861784629e+00
5.090924999638036e-05	1.762604861780107e+00
5.100690624638037e-05	1.762604861778883e+00
5.110456249638037e-05	1.762604861772641e+00
5.120221874638037e-05	1.762604861758074e+00
5.129987499638038e-05	1.762604861755827e+00
5.139753124638038e-05	1.762604861774547e+00
5.149518749638038e-05	1.762604861799344e+00
5.159284374638038e-05	1.762604861802567e+00
5.169049999638039e-05	1.762604861784781e+00
5.178815624638039e-05	1.762604861769193e+00
5.188581249638039e-05	1.762604861754610e+00
5.198346874638040e-05	1.762604861747642e+00
5.208112499638040e-05	1.762604861769502e+00
5.217878124638040e-05	1.762604861791502e+00
5.227643749638040e-05	1.762604861777621e+00
5.237409374638041e-05	1.762604861758821e+00
5.247174999638041e-05	1.762604861768604e+00
5.256940624638041e-05	1.762604861778856e+00
5.266706249638041e-05	1.762604861769328e+00
5.276471874638042e-05	1.762604861766954e+00
5.286237499638042e-05	1.762604861774766e+00
5.296003124638042e-05	1.762604861770261e+00
5.305768749638043e-05	1.762604861758325e+00
5.315534374638043e-05	1.762604861761547e+00
5.325299999638043e-05	1.762604861783497e+00
5.335065624638043e-05	1.762604861800297e+00
5.344831249638044e-05	1.762604861792454e+00
5.354596874638044e-05	1.762604861771899e+00
5.364362499638044e-05	1.762604861764479e+00
5.374128124638045e-05	1.762604861769584e+00
5.383893749638045e-05	1.762604861775374e+00
5.393659374638045e-05	1.762604861782173e+00
5.403424999638045e-05	1.762604861788224e+00
5.413190624638046e-05	1.762604861794742e+00
5.422956249638046e-05	1.762604861794659e+00
5.432721874638046e-05	1.762604861782957e+00
5.442487499638047e-05	1.762604861768534e+00
5.452253124638047e-05	1.762604861757151e+00
5.462018749638047e-05	1.762604861765815e+00
5.471784374638047e-05	1.762604861787315e+00
5.481549999638048e-05	1.762604861786678e+00
5.491315624638048e-05	1.762604861774336e+00
5.501081249638048e-05	1.762604861775063e+00
5.510846874638048e-05	1.762604861777361e+00
5.520612499638049e-05	1.762604861773086e+00
5.530378124638049e-05	1.762604861761633e+00
5.540143749638049e-05	1.762604861745493e+00
5.549909374638050e-05	1.762604861749309e+00
5.559674999638050e-05	1.762604861767861e+00
5.569440624638050e-05	1.762604861773863e+00
5.579206249638050e-05	1.762604861775867e+00
5.588971874638051e-05	1.762604861777263e+00
5.598737499638051e-05	1.762604861773990e+00
5.608503124638051e-05	1.762604861782098e+00
5.618268749638052e-05	1.762604861792980e+00
5.628034374638052e-05	1.762604861787801e+00
5.637799999638052e-05	1.762604861777083e+00
5.647565624638052e-05	1.762604861770607e+00
5.657331249638053e-05	1.762604861772406e+00
5.667096874638053e-05	1.762604861775208e+00
5.676862499638053e-05	1.762604861769790e+00
5.686628124638054e-05	1.762604861769416e+00
5.696393749638054e-05	1.762604861769426e+00
5.706159374638054e-05	1.762604861761771e+00
5.715924999638054e-05	1.762604861763984e+00
5.725690624638055e-05	1.762604861777188e+00
5.735456249638055e-05	1.762604861785383e+00
5.745221874638055e-05	1.762604861785924e+00
5.754987499638055e-05	1.762604861779161e+00
5.764753124638056e-05	1.762604861767395e+00
5.774518749638056e-05	1.762604861763593e+00
5.784284374638056e-05	1.762604861771010e+00
5.794049999638057e-05	1.762604861777363e+00
5.803815624638057e-05	1.762604861769045e+00
5.813581249638057e-05	1.762604861762837e+00
5.823346874638057e-05	1.762604861774096e+00
5.833112499638058e-05	1.762604861778776e+00
5.842878124638058e-05	1.762604861771379e+00
5.852643749638058e-05	1.762604861762219e+00
5.862409374638059e-05	1.762604861757394e+00
5.872174999638059e-05	1.762604861768401e+00
5.881940624638059e-05	1.762604861781041e+00
5.891706249638059e-05	1.762604861775752e+00
5.901471874638060e-05	1.762604861770832e+00
5.911237499638060e-05	1.762604861778297e+00
5.921003124638060e-05	1.762604861783267e+00
5.930768749638061e-05	1.762604861783337e+00
5.940534374638061e-05	1.762604861767610e+00
5.950299999638061e-05	1.762604861741819e+00
5.960065624638061e-05	1.762604861744578e+00
5.969831249638062e-05	1.762604861765294e+00
5.979596874638062e-05	1.762604861772229e+00
5.989362499638062e-05	1.762604861776585e+00
5.999128124638062e-05	1.762604861788125e+00
6.008893749638063e-05	1.762604861782218e+00
6.018659374638063e-05	1.762604861757758e+00
6.028424999638063e-05	1.762604861753917e+00
6.038190624638064e-05	1.762604861766874e+00
6.047956249638064e-05	1.762604861770644e+00
6.057721874638064e-05	1.762604861773916e+00
6.067487499638064e-05	1.762604861773632e+00
6.077253124638065e-05	1.762604861772269e+00
6.087018749638065e-05	1.762604861785587e+00
6.096784374638065e-05	1.762604861792158e+00
6.106549999638066e-05	1.762604861782730e+00
6.116315624638066e-05	1.762604861781130e+00
6.126081249638066e-05	1.762604861789238e+00
6.135846874638066e-05	1.762604861796092e+00
6.145612499638067e-05	1.762604861801962e+00
6.155378124638067e-05	1.762604861797174e+00
6.165143749638067e-05	1.762604861779367e+00
6.174909374638067e-05	1.762604861774786e+00
6.184674999638068e-05	1.762604861780851e+00
6.194440624638068e-05	1.762604861773259e+00
6.204206249638068e-05	1.762604861756682e+00
6.213971874638069e-05	1.762604861753047e+00
6.223737499638069e-05	1.762604861774991e+00
6.233503124638069e-05	1.762604861794707e+00
6.243268749638069e-05	1.762604861792554e+00
6.253034374638070e-05	1.762604861787124e+00
6.262799999638070e-05	1.762604861782442e+00
6.272565624638070e-05	1.762604861779198e+00
6.282331249638071e-05	1.762604861785940e+00
6.292096874638071e-05	1.762604861793545e+00
6.301862499638071e-05	1.762604861789894e+00
6.311628124638071e-05	1.762604861785949e+00
6.321393749638072e-05	1.762604861790593e+00
6.331159374638072e-05	1.762604861794724e+00
6.340924999638072e-05	1.762604861794210e+00
6.350690624638073e-05	1.762604861790876e+00
6.360456249638073e-05	1.762604861784328e+00
6.370221874638073e-05	1.762604861776183e+00
6.379987499638073e-05	1.762604861777116e+00
6.389753124638074e-05	1.762604861785144e+00
6.399518749638074e-05	1.762604861782829e+00
6.409284374638074e-05	1.762604861777874e+00
6.419049999638074e-05	1.762604861777902e+00
6.428815624638075e-05	1.762604861769819e+00
6.438581249638075e-05	1.762604861762092e+00
6.448346874638075e-05	1.762604861770505e+00
6.458112499638076e-05	1.762604861790057e+00
6.467878124638076e-05	1.762604861796592e+00
6.477643749638076e-05	1.762604861780416e+00
6.487409374638076e-05	1.762604861772590e+00
6.497174999638077e-05	1.762604861780734e+00
6.506940624638077e-05	1.762604861781752e+00
6.516706249638077e-05	1.762604861779412e+00
6.526471874638078e-05	1.762604861782398e+00
6.536237499638078e-05	1.762604861781611e+00
6.546003124638078e-05	1.762604861772461e+00
6.555768749638078e-05	1.762604861762092e+00
6.565534374638079e-05	1.762604861759384e+00
6.575299999638079e-05	1.762604861761908e+00
6.585065624638079e-05	1.762604861756620e+00
6.594831249638080e-05	1.762604861751739e+00
6.604596874638080e-05	1.762604861768657e+00
6.614362499638080e-05	1.762604861779914e+00
6.624128124638080e-05	1.762604861755612e+00
6.633893749638081e-05	1.762604861742781e+00
6.643659374638081e-05	1.762604861770913e+00
6.653424999638081e-05	1.762604861792058e+00
6.663190624638081e-05	1.762604861782193e+00
6.672956249638082e-05	1.762604861769356e+00
6.682721874638082e-05	1.762604861768017e+00
6.692487499638082e-05	1.762604861764904e+00
6.702253124638083e-05	1.762604861764653e+00
6.712018749638083e-05	1.762604861781904e+00
6.721784374638083e-05	1.762604861790512e+00
6.731549999638083e-05	1.762604861779629e+00
6.741315624638084e-05	1.762604861774838e+00
6.751081249638084e-05	1.762604861771592e+00
6.760846874638084e-05	1.762604861766598e+00
6.770612499638085e-05	1.762604861764260e+00
6.780378124638085e-05	1.762604861752995e+00
6.790143749638085e-05	1.762604861749227e+00
6.799909374638085e-05	1.762604861771115e+00
6.809674999638086e-05	1.762604861795609e+00
6.819440624638086e-05	1.762604861788097e+00
6.829206249638086e-05	1.762604861758080e+00
6.838971874638087e-05	1.762604861753341e+00
6.848737499638087e-05	1.762604861771260e+00
6.858503124638087e-05	1.762604861775471e+00
6.868268749638087e-05	1.762604861767893e+00
6.878034374638088e-05	1.762604861768982e+00
6.887799999638088e-05	1.762604861778746e+00
6.897565624638088e-05	1.762604861776518e+00
6.907331249638088e-05	1.762604861767286e+00
6.917096874638089e-05	1.762604861776945e+00
6.926862499638089e-05	1.762604861799494e+00
6.936628124638089e-05	1.762604861806044e+00
6.946393749638090e-05	1.762604861790130e+00
6.956159374638090e-05	1.762604861766328e+00
6.965924999638090e-05	1.762604861746101e+00
6.975690624638090e-05	1.762604861743187e+00
6.985456249638091e-05	1.762604861754798e+00
6.995221874638091e-05	1.762604861766464e+00
7.004987499638091e-05	1.762604861773754e+00
7.014753124638092e-05	1.762604861774137e+00
7.024518749638092e-05	1.762604861781455e+00
7.034284374638092e-05	1.762604861793617e+00
7.044049999638092e-05	1.762604861784330e+00
7.053815624638093e-05	1.762604861769782e+00
7.063581249638093e-05	1.762604861776683e+00
7.073346874638093e-05	1.762604861786991e+00
7.083112499638094e-05	1.762604861790150e+00
7.092878124638094e-05	1.762604861794818e+00
7.102643749638094e-05	1.762604861789544e+00
7.112409374638094e-05	1.762604861770439e+00
7.122174999638095e-05	1.762604861763645e+00
7.131940624638095e-05	1.762604861786645e+00
7.141706249638095e-05	1.762604861807568e+00
7.151471874638095e-05	1.762604861793319e+00
7.161237499638096e-05	1.762604861767938e+00
7.171003124638096e-05	1.762604861761853e+00
7.180768749638096e-05	1.762604861772349e+00
7.190534374638097e-05	1.762604861777829e+00
7.200299999638097e-05	1.762604861771096e+00
7.210065624638097e-05	1.762604861773859e+00
7.219831249638097e-05	1.762604861784827e+00
7.229596874638098e-05	1.762604861785820e+00
7.239362499638098e-05	1.762604861781459e+00
7.249128124638098e-05	1.762604861778504e+00
7.258893749638099e-05	1.762604861778290e+00
7.268659374638099e-05	1.762604861775930e+00
7.278424999638099e-05	1.762604861771522e+00
7.288190624638099e-05	1.762604861772799e+00
7.297956249638100e-05	1.762604861769637e+00
7.307721874638100e-05	1.762604861770123e+00
7.317487499638100e-05	1.762604861789051e+00
7.327253124638101e-05	1.762604861791853e+00
7.337018749638101e-05	1.762604861767618e+00
7.346784374638101e-05	1.762604861755954e+00
7.356549999638101e-05	1.762604861767316e+00
7.366315624638102e-05	1.762604861776278e+00
7.376081249638102e-05	1.762604861771750e+00
7.385846874638102e-05	1.762604861773015e+00
7.395612499638102e-05	1.762604861781413e+00
7.405378124638103e-05	1.762604861776506e+00
7.415143749638103e-05	1.762604861764219e+00
7.424909374638103e-05	1.762604861759304e+00
7.434674999638104e-05	1.762604861763465e+00
7.444440624638104e-05	1.762604861769295e+00
7.454206249638104e-05	1.762604861763375e+00
7.463971874638104e-05	1.762604861749605e+00
7.473737499638105e-05	1.762604861746400e+00
7.483503124638105e-05	1.762604861755481e+00
7.493268749638105e-05	1.762604861763674e+00
7.503034374638106e-05	1.762604861764324e+00
7.512799999638106e-05	1.762604861760626e+00
7.522565624638106e-05	1.762604861764408e+00
7.532331249638106e-05	1.762604861780131e+00
7.542096874638107e-05	1.762604861790440e+00
7.551862499638107e-05	1.762604861788293e+00
7.561628124638107e-05	1.762604861780944e+00
7.571393749638107e-05	1.762604861768659e+00
7.581159374638108e-05	1.762604861763328e+00
7.590924999638108e-05	1.762604861773165e+00
7.600690624638108e-05	1.762604861785360e+00
7.610456249638109e-05	1.762604861792997e+00
7.620221874638109e-05	1.762604861792388e+00
7.629987499638109e-05	1.762604861783708e+00
7.639753124638109e-05	1.762604861781139e+00
7.649518749638110e-05	1.762604861793679e+00
7.659284374638110e-05	1.762604861798733e+00
7.669049999638110e-05	1.762604861781508e+00
7.678815624638111e-05	1.762604861777502e+00
7.688581249638111e-05	1.762604861786893e+00
7.698346874638111e-05	1.762604861785205e+00
7.708112499638111e-05	1.762604861786785e+00
7.717878124638112e-05	1.762604861779658e+00
7.727643749638112e-05	1.762604861758983e+00
7.737409374638112e-05	1.762604861754243e+00
7.747174999638113e-05	1.762604861760039e+00
7.756940624638113e-05	1.762604861768128e+00
7.766706249638113e-05	1.762604861783571e+00
7.776471874638113e-05	1.762604861789203e+00
7.786237499638114e-05	1.762604861785396e+00
7.796003124638114e-05	1.762604861782898e+00
7.805768749638114e-05	1.762604861778097e+00
7.815534374638114e-05	1.762604861780760e+00
7.825299999638115e-05	1.762604861785970e+00
7.835065624638115e-05	1.762604861779451e+00
7.844831249638115e-05	1.762604861775375e+00
7.854596874638116e-05	1.762604861788786e+00
7.864362499638116e-05	1.762604861801877e+00
7.874128124638116e-05	1.762604861787053e+00
7.883893749638116e-05	1.762604861759778e+00
7.893659374638117e-05	1.762604861758201e+00
7.903424999638117e-05	1.762604861779130e+00
7.913190624638117e-05	1.762604861794026e+00
7.922956249638118e-05	1.762604861797988e+00
7.932721874638118e-05	1.762604861790640e+00
7.942487499638118e-05	1.762604861770928e+00
7.952253124638118e-05	1.762604861764752e+00
7.962018749638119e-05	1.762604861779734e+00
7.971784374638119e-05	1.762604861785573e+00
7.981549999638119e-05	1.762604861773728e+00
7.991315624638120e-05	1.762604861764705e+00
8.001081249638120e-05	1.762604861773075e+00
8.010846874638120e-05	1.762604861789811e+00
8.020612499638120e-05	1.762604861794637e+00
8.030378124638121e-05	1.762604861788791e+00
8.040143749638121e-05	1.762604861782267e+00
8.049909374638121e-05	1.762604861769873e+00
8.059674999638121e-05	1.762604861753176e+00
8.069440624638122e-05	1.762604861750517e+00
8.079206249638122e-05	1.762604861764581e+00
8.088971874638122e-05	1.762604861775386e+00
8.098737499638123e-05	1.762604861773731e+00
8.108503124638123e-05	1.762604861773887e+00
8.118268749638123e-05	1.762604861782880e+00
8.128034374638123e-05	1.762604861780458e+00
8.137799999638124e-05	1.762604861768678e+00
8.147565624638124e-05	1.762604861769901e+00
8.157331249638124e-05	1.762604861772096e+00
8.167096874638125e-05	1.762604861763035e+00
8.176862499638125e-05	1.762604861757485e+00
8.186628124638125e-05	1.762604861762918e+00
8.196393749638125e-05	1.762604861770825e+00
8.206159374638126e-05	1.762604861775902e+00
8.215924999638126e-05	1.762604861774600e+00
8.225690624638126e-05	1.762604861773307e+00
8.235456249638127e-05	1.762604861784109e+00
8.245221874638127e-05	1.762604861788328e+00
8.254987499638127e-05	1.762604861780093e+00
8.264753124638127e-05	1.762604861778955e+00
8.274518749638128e-05	1.762604861774810e+00
8.284284374638128e-05	1.762604861762690e+00
8.294049999638128e-05	1.762604861759393e+00
8.303815624638128e-05	1.762604861780086e+00
8.313581249638129e-05	1.762604861809548e+00
8.323346874638129e-05	1.762604861801046e+00
8.333112499638129e-05	1.762604861774383e+00
8.342878124638130e-05	1.762604861774555e+00
8.352643749638130e-05	1.762604861770799e+00
8.362409374638130e-05	1.762604861748102e+00
8.372174999638130e-05	1.762604861746579e+00
8.381940624638131e-05	1.762604861770593e+00
8.391706249638131e-05	1.762604861787791e+00
8.401471874638131e-05	1.762604861788547e+00
8.411237499638132e-05	1.762604861785513e+00
8.421003124638132e-05	1.762604861789065e+00
8.430768749638132e-05	1.762604861791778e+00
8.440534374638132e-05	1.762604861784857e+00
8.450299999638133e-05	1.762604861779894e+00
8.460065624638133e-05	1.762604861780636e+00
8.469831249638133e-05	1.762604861780798e+00
8.479596874638134e-05	1.762604861789562e+00
8.489362499638134e-05	1.762604861794177e+00
8.499128124638134e-05	1.762604861769944e+00
8.508893749638134e-05	1.762604861745986e+00
8.518659374638135e-05	1.762604861744269e+00
8.528424999638135e-05	1.762604861745903e+00
8.538190624638135e-05	1.762604861750904e+00
8.547956249638135e-05	1.762604861765720e+00
8.557721874638136e-05	1.762604861776574e+00
8.567487499638136e-05	1.762604861764587e+00
8.577253124638136e-05	1.762604861747973e+00
8.587018749638137e-05	1.762604861752156e+00
8.596784374638137e-05	1.762604861765487e+00
8.606549999638137e-05	1.762604861780092e+00
8.616315624638137e-05	1.762604861785324e+00
8.626081249638138e-05	1.762604861770973e+00
8.635846874638138e-05	1.762604861753053e+00
8.645612499638138e-05	1.762604861744627e+00
8.655378124638139e-05	1.762604861753108e+00
8.665143749638139e-05	1.762604861772524e+00
8.674909374638139e-05	1.762604861771975e+00
8.684674999638139e-05	1.762604861756893e+00
8.694440624638140e-05	1.762604861757539e+00
8.704206249638140e-05	1.762604861765853e+00
8.713971874638140e-05	1.762604861774422e+00
8.723737499638141e-05	1.762604861774266e+00
8.733503124638141e-05	1.762604861759066e+00
8.743268749638141e-05	1.762604861759165e+00
8.753034374638141e-05	1.762604861772854e+00
8.762799999638142e-05	1.762604861767176e+00
8.772565624638142e-05	1.762604861751219e+00
8.782331249638142e-05	1.762604861760745e+00
8.792096874638142e-05	1.762604861790546e+00
8.801862499638143e-05	1.762604861801416e+00
8.811628124638143e-05	1.762604861786450e+00
8.821393749638143e-05	1.762604861765126e+00
8.831159374638144e-05	1.762604861759943e+00
8.840924999638144e-05	1.762604861778384e+00
8.850690624638144e-05	1.762604861785876e+00
8.860456249638144e-05	1.762604861761072e+00
8.870221874638145e-05	1.762604861744854e+00
8.879987499638145e-05	1.762604861765638e+00
8.889753124638145e-05	1.762604861776859e+00
8.899518749638146e-05	1.762604861758904e+00
8.909284374638146e-05	1.762604861764447e+00
8.919049999638146e-05	1.762604861790438e+00
8.928815624638146e-05	1.762604861793983e+00
8.938581249638147e-05	1.762604861784562e+00
8.948346874638147e-05	1.762604861780587e+00
8.958112499638147e-05	1.762604861778378e+00
8.967878124638147e-05	1.762604861768226e+00
8.977643749638148e-05	1.762604861754084e+00
8.987409374638148e-05	1.762604861756159e+00
8.997174999638148e-05	1.762604861773521e+00
9.006940624638149e-05	1.762604861781990e+00
9.016706249638149e-05	1.762604861774122e+00
9.026471874638149e-05	1.762604861757600e+00
9.036237499638149e-05	1.762604861751418e+00
9.046003124638150e-05	1.762604861774584e+00
9.055768749638150e-05	1.762604861797972e+00
9.065534374638150e-05	1.762604861790968e+00
9.075299999638151e-05	1.762604861776314e+00
9.085065624638151e-05	1.762604861777445e+00
9.094831249638151e-05	1.762604861785787e+00
9.104596874638151e-05	1.762604861787033e+00
9.114362499638152e-05	1.762604861781941e+00
9.124128124638152e-05	1.762604861776894e+00
9.133893749638152e-05	1.762604861769197e+00
9.143659374638153e-05	1.762604861758478e+00
9.153424999638153e-05	1.762604861764448e+00
9.163190624638153e-05	1.762604861784413e+00
9.172956249638153e-05	1.762604861778597e+00
9.182721874638154e-05	1.762604861756893e+00
9.192487499638154e-05	1.762604861755861e+00
9.202253124638154e-05	1.762604861763974e+00
9.212018749638154e-05	1.762604861771847e+00
9.221784374638155e-05	1.762604861774459e+00
9.231549999638155e-05	1.762604861771700e+00
9.241315624638155e-05	1.762604861785501e+00
9.251081249638156e-05	1.762604861798901e+00
9.260846874638156e-05	1.762604861792722e+00
9.270612499638156e-05	1.762604861785682e+00
9.280378124638156e-05	1.762604861785747e+00
9.290143749638157e-05	1.762604861784781e+00
9.299909374638157e-05	1.762604861772898e+00
9.309674999638157e-05	1.762604861757869e+00
9.319440624638158e-05	1.762604861755618e+00
9.329206249638158e-05	1.762604861759000e+00
9.338971874638158e-05	1.762604861760020e+00
9.348737499638158e-05	1.762604861758028e+00
9.358503124638159e-05	1.762604861755099e+00
9.368268749638159e-05	1.762604861755957e+00
9.378034374638159e-05	1.762604861752130e+00
9.387799999638160e-05	1.762604861754846e+00
9.397565624638160e-05	1.762604861775473e+00
9.407331249638160e-05	1.762604861784648e+00
9.417096874638160e-05	1.762604861784175e+00
9.426862499638161e-05	1.762604861793948e+00
9.436628124638161e-05	1.762604861790193e+00
9.446393749638161e-05	1.762604861771325e+00
9.456159374638161e-05	1.762604861763555e+00
9.465924999638162e-05	1.762604861769068e+00
9.475690624638162e-05	1.762604861778614e+00
9.485456249638162e-05	1.762604861780684e+00
9.495221874638163e-05	1.762604861776344e+00
9.504987499638163e-05	1.762604861779100e+00
9.514753124638163e-05	1.762604861784723e+00
9.524518749638163e-05	1.762604861776463e+00
9.534284374638164e-05	1.762604861766562e+00
9.544049999638164e-05	1.762604861770699e+00
9.553815624638164e-05	1.762604861762775e+00
9.563581249638165e-05	1.762604861751872e+00
9.573346874638165e-05	1.762604861766526e+00
9.583112499638165e-05	1.762604861774969e+00
9.592878124638165e-05	1.762604861770217e+00
9.602643749638166e-05	1.762604861772923e+00
9.612409374638166e-05	1.762604861774208e+00
9.622174999638166e-05	1.762604861775750e+00
9.631940624638167e-05	1.762604861775487e+00
9.641706249638167e-05	1.762604861768294e+00
9.651471874638167e-05	1.762604861766342e+00
9.661237499638167e-05	1.762604861763720e+00
9.671003124638168e-05	1.762604861763641e+00
9.680768749638168e-05	1.762604861776953e+00
9.690534374638168e-05	1.762604861779599e+00
9.700299999638168e-05	1.762604861771767e+00
9.710065624638169e-05	1.762604861775610e+00
9.719831249638169e-05	1.762604861780185e+00
9.729596874638169e-05	1.762604861784183e+00
9.739362499638170e-05	1.762604861794854e+00
9.749128124638170e-05	1.762604861792852e+00
9.758893749638170e-05	1.762604861775282e+00
9.768659374638170e-05	1.762604861768077e+00
9.778424999638171e-05	1.762604861781145e+00
9.788190624638171e-05	1.762604861794271e+00
9.797956249638171e-05	1.762604861787096e+00
9.807721874638172e-05	1.762604861770281e+00
9.817487499638172e-05	1.762604861764536e+00
9.827253124638172e-05	1.762604861770365e+00
9.837018749638172e-05	1.762604861773092e+00
9.846784374638173e-05	1.762604861765775e+00
9.856549999638173e-05	1.762604861766869e+00
9.866315624638173e-05	1.762604861779832e+00
9.876081249638174e-05	1.762604861778678e+00
9.885846874638174e-05	1.762604861767564e+00
9.895612499638174e-05	1.762604861762968e+00
9.905378124638174e-05	1.762604861758305e+00
9.915143749638175e-05	1.762604861758238e+00
9.924909374638175e-05	1.762604861764538e+00
9.934674999638175e-05	1.762604861768498e+00
9.944440624638175e-05	1.762604861774997e+00
9.954206249638176e-05	1.762604861779454e+00
9.963971874638176e-05	1.762604861773599e+00
9.973737499638176e-05	1.762604861767677e+00
9.983503124638177e-05	1.762604861769405e+00
9.993268749638177e-05	1.762604861771591e+00
9.999999999999999e-05	1.762604861771351e+00
Step Information: Rg=499  (Step: 3/4)
0.000000000000000e+00	1.683125062753757e+00
9.765624723809263e-13	1.683125062753769e+00
1.953124944761853e-12	1.683125062753789e+00
3.906249889523705e-12	1.683125062753857e+00
7.812499779047410e-12	1.683125062754073e+00
1.562499955809482e-11	1.683125062754595e+00
3.124999911618964e-11	1.683125062755588e+00
6.249999823237928e-11	1.683125062757878e+00
1.249999964647586e-10	1.683125062763567e+00
2.499999929295171e-10	1.683125062769337e+00
4.999999858590343e-10	1.683125062767214e+00
9.999999717180685e-10	1.683125062771416e+00
1.999999943436137e-09	1.683125062793437e+00
3.999999886872274e-09	1.683125062811679e+00
7.999999773744548e-09	1.683125062812656e+00
1.599999954748910e-08	1.683125062753943e+00
3.199999909497819e-08	1.683125062622060e+00
6.399999818995639e-08	1.683125062493060e+00
1.279999963799128e-07	1.683125062451982e+00
2.256562463799128e-07	1.683125062455810e+00
3.233124963799128e-07	1.683125062461349e+00
4.209687463799127e-07	1.683125062469644e+00
5.186249963799127e-07	1.683125062468126e+00
6.162812463799128e-07	1.683125062462279e+00
7.139374963799128e-07	1.683125062464369e+00
8.115937463799129e-07	1.683125062469749e+00
9.092499963799129e-07	1.683125062470864e+00
1.006906246379913e-06	1.683125062477323e+00
1.104562496379913e-06	1.683125062482665e+00
1.202218746379913e-06	1.683125062477625e+00
1.299874996379913e-06	1.683125062480298e+00
1.397531246379913e-06	1.683125062491815e+00
1.495187496379913e-06	1.683125062499713e+00
1.592843746379913e-06	1.683125062498903e+00
1.690499996379913e-06	1.683125062493551e+00
1.788156246379913e-06	1.683125062496917e+00
1.885812496379913e-06	1.683125062502558e+00
1.983468746379913e-06	1.683125062500288e+00
2.081124996379913e-06	1.683125062498268e+00
2.178781246379913e-06	1.683125062502465e+00
2.276437496379913e-06	1.683125062503892e+00
2.374093746379913e-06	1.683125062499102e+00
2.471749996379913e-06	1.683125062500389e+00
2.569406246379912e-06	1.683125062501520e+00
2.667062496379912e-06	1.683125062496609e+00
2.764718746379912e-06	1.683125062496677e+00
2.862374996379912e-06	1.683125062497522e+00
2.960031246379912e-06	1.683125062495122e+00
3.057687496379912e-06	1.683125062492934e+00
3.155343746379911e-06	1.683125062493636e+00
3.252999996379911e-06	1.683125062494173e+00
3.350656246379911e-06	1.683125062490756e+00
3.448312496379911e-06	1.683125062490492e+00
3.545968746379911e-06	1.683125062490590e+00
3.643624996379911e-06	1.683125062488074e+00
3.741281246379910e-06	1.683125062483449e+00
3.838937496379911e-06	1.683125062477091e+00
3.936593746379911e-06	1.683125062478621e+00
4.034249996379911e-06	1.683125062481700e+00
4.131906246379911e-06	1.683125062478120e+00
4.229562496379912e-06	1.683125062474166e+00
4.327218746379912e-06	1.683125062470114e+00
4.424874996379912e-06	1.683125062464379e+00
4.522531246379912e-06	1.683125062465485e+00
4.620187496379913e-06	1.683125062472254e+00
4.717843746379913e-06	1.683125062469312e+00
4.815499996379913e-06	1.683125062463306e+00
4.913156246379913e-06	1.683125062466849e+00
5.010812496379914e-06	1.683125062470100e+00
5.108468746379914e-06	1.683125062471136e+00
5.206124996379914e-06	1.683125062473031e+00
5.303781246379914e-06	1.683125062473785e+00
5.401437496379915e-06	1.683125062478361e+00
5.499093746379915e-06	1.683125062480573e+00
5.596749996379915e-06	1.683125062478696e+00
5.694406246379916e-06	1.683125062478016e+00
5.792062496379916e-06	1.683125062474295e+00
5.889718746379916e-06	1.683125062473185e+00
5.987374996379916e-06	1.683125062480935e+00
6.085031246379917e-06	1.683125062487712e+00
6.182687496379917e-06	1.683125062485149e+00
6.280343746379917e-06	1.683125062480908e+00
6.377999996379917e-06	1.683125062483696e+00
6.475656246379918e-06	1.683125062488940e+00
6.573312496379918e-06	1.683125062491436e+00
6.670968746379918e-06	1.683125062490943e+00
6.768624996379918e-06	1.683125062488791e+00
6.866281246379919e-06	1.683125062488569e+00
6.963937496379919e-06	1.683125062489734e+00
7.061593746379919e-06	1.683125062491849e+00
7.159249996379919e-06	1.683125062494070e+00
7.256906246379920e-06	1.683125062490970e+00
7.354562496379920e-06	1.683125062489281e+00
7.452218746379920e-06	1.683125062499435e+00
7.549874996379920e-06	1.683125062503533e+00
7.647531246379920e-06	1.683125062492902e+00
7.745187496379919e-06	1.683125062490598e+00
7.842843746379919e-06	1.683125062494498e+00
7.940499996379918e-06	1.683125062491688e+00
8.038156246379917e-06	1.683125062489114e+00
8.135812496379917e-06	1.683125062484581e+00
8.233468746379916e-06	1.683125062482314e+00
8.331124996379916e-06	1.683125062490410e+00
8.428781246379915e-06	1.683125062495345e+00
8.526437496379914e-06	1.683125062490930e+00
8.624093746379914e-06	1.683125062485723e+00
8.721749996379913e-06	1.683125062485363e+00
8.819406246379913e-06	1.683125062484850e+00
8.917062496379912e-06	1.683125062482477e+00
9.014718746379912e-06	1.683125062485113e+00
9.112374996379911e-06	1.683125062484824e+00
9.210031246379910e-06	1.683125062478763e+00
9.307687496379910e-06	1.683125062471837e+00
9.405343746379909e-06	1.683125062473050e+00
9.502999996379909e-06	1.683125062483908e+00
9.600656246379908e-06	1.683125062481317e+00
9.698312496379907e-06	1.683125062475828e+00
9.795968746379907e-06	1.683125062478406e+00
9.893624996379906e-06	1.683125062479070e+00
9.991281246379906e-06	1.683125062483628e+00
1.008893749637991e-05	1.683125062483412e+00
1.018659374637990e-05	1.683125062472271e+00
1.028424999637990e-05	1.683125062466243e+00
1.038190624637990e-05	1.683125062474868e+00
1.047956249637990e-05	1.683125062483309e+00
1.057721874637990e-05	1.683125062483480e+00
1.067487499637990e-05	1.683125062483092e+00
1.077253124637990e-05	1.683125062482146e+00
1.087018749637990e-05	1.683125062479084e+00
1.096784374637990e-05	1.683125062478046e+00
1.106549999637990e-05	1.683125062481184e+00
1.116315624637990e-05	1.683125062482193e+00
1.126081249637990e-05	1.683125062486249e+00
1.135846874637990e-05	1.683125062490490e+00
1.145612499637990e-05	1.683125062486519e+00
1.155378124637990e-05	1.683125062485669e+00
1.165143749637990e-05	1.683125062486617e+00
1.174909374637989e-05	1.683125062486139e+00
1.184674999637989e-05	1.683125062488526e+00
1.194440624637989e-05	1.683125062489695e+00
1.204206249637989e-05	1.683125062488598e+00
1.213971874637989e-05	1.683125062492343e+00
1.223737499637989e-05	1.683125062493682e+00
1.233503124637989e-05	1.683125062488340e+00
1.243268749637989e-05	1.683125062487331e+00
1.253034374637989e-05	1.683125062487958e+00
1.262799999637989e-05	1.683125062487303e+00
1.272565624637989e-05	1.683125062486668e+00
1.282331249637989e-05	1.683125062484349e+00
1.292096874637989e-05	1.683125062481169e+00
1.301862499637989e-05	1.683125062483342e+00
1.311628124637989e-05	1.683125062489562e+00
1.321393749637989e-05	1.683125062490264e+00
1.331159374637989e-05	1.683125062488391e+00
1.340924999637988e-05	1.683125062489933e+00
1.350690624637988e-05	1.683125062490612e+00
1.360456249637988e-05	1.683125062485130e+00
1.370221874637988e-05	1.683125062482657e+00
1.379987499637988e-05	1.683125062488135e+00
1.389753124637988e-05	1.683125062486951e+00
1.399518749637988e-05	1.683125062481008e+00
1.409284374637988e-05	1.683125062478809e+00
1.419049999637988e-05	1.683125062480237e+00
1.428815624637988e-05	1.683125062484093e+00
1.438581249637988e-05	1.683125062483331e+00
1.448346874637988e-05	1.683125062479219e+00
1.458112499637988e-05	1.683125062477537e+00
1.467878124637988e-05	1.683125062480006e+00
1.477643749637988e-05	1.683125062481361e+00
1.487409374637988e-05	1.683125062485586e+00
1.497174999637988e-05	1.683125062491430e+00
1.506940624637987e-05	1.683125062485652e+00
1.516706249637987e-05	1.683125062478644e+00
1.526471874637988e-05	1.683125062481352e+00
1.536237499637987e-05	1.683125062485217e+00
1.546003124637987e-05	1.683125062481599e+00
1.555768749637987e-05	1.683125062477955e+00
1.565534374637987e-05	1.683125062483333e+00
1.575299999637987e-05	1.683125062486023e+00
1.585065624637987e-05	1.683125062479482e+00
1.594831249637987e-05	1.683125062478742e+00
1.604596874637987e-05	1.683125062484759e+00
1.614362499637987e-05	1.683125062486103e+00
1.624128124637987e-05	1.683125062486026e+00
1.633893749637987e-05	1.683125062486776e+00
1.643659374637987e-05	1.683125062485102e+00
1.653424999637987e-05	1.683125062484244e+00
1.663190624637987e-05	1.683125062485085e+00
1.672956249637987e-05	1.683125062484023e+00
1.682721874637987e-05	1.683125062485254e+00
1.692487499637987e-05	1.683125062488271e+00
1.702253124637986e-05	1.683125062489898e+00
1.712018749637986e-05	1.683125062491857e+00
1.721784374637986e-05	1.683125062487996e+00
1.731549999637986e-05	1.683125062482344e+00
1.741315624637986e-05	1.683125062479412e+00
1.751081249637986e-05	1.683125062477880e+00
1.760846874637986e-05	1.683125062479593e+00
1.770612499637986e-05	1.683125062481737e+00
1.780378124637986e-05	1.683125062484774e+00
1.790143749637986e-05	1.683125062487620e+00
1.799909374637986e-05	1.683125062488028e+00
1.809674999637986e-05	1.683125062486709e+00
1.819440624637986e-05	1.683125062484434e+00
1.829206249637986e-05	1.683125062485394e+00
1.838971874637986e-05	1.683125062489576e+00
1.848737499637986e-05	1.683125062484998e+00
1.858503124637986e-05	1.683125062480689e+00
1.868268749637985e-05	1.683125062484842e+00
1.878034374637985e-05	1.683125062485007e+00
1.887799999637985e-05	1.683125062485025e+00
1.897565624637985e-05	1.683125062481051e+00
1.907331249637985e-05	1.683125062478611e+00
1.917096874637985e-05	1.683125062487679e+00
1.926862499637985e-05	1.683125062487963e+00
1.936628124637985e-05	1.683125062482749e+00
1.946393749637985e-05	1.683125062482739e+00
1.956159374637985e-05	1.683125062478368e+00
1.965924999637985e-05	1.683125062474955e+00
1.975690624637985e-05	1.683125062477068e+00
1.985456249637985e-05	1.683125062482220e+00
1.995221874637985e-05	1.683125062485266e+00
2.004987499637985e-05	1.683125062483070e+00
2.014753124637985e-05	1.683125062483072e+00
2.024518749637985e-05	1.683125062486194e+00
2.034284374637984e-05	1.683125062486238e+00
2.044049999637984e-05	1.683125062483630e+00
2.053815624637984e-05	1.683125062483048e+00
2.063581249637984e-05	1.683125062482342e+00
2.073346874637984e-05	1.683125062484250e+00
2.083112499637984e-05	1.683125062487646e+00
2.092878124637984e-05	1.683125062486498e+00
2.102643749637984e-05	1.683125062486017e+00
2.112409374637984e-05	1.683125062484581e+00
2.122174999637984e-05	1.683125062482123e+00
2.131940624637984e-05	1.683125062483787e+00
2.141706249637984e-05	1.683125062487966e+00
2.151471874637984e-05	1.683125062494577e+00
2.161237499637984e-05	1.683125062496777e+00
2.171003124637984e-05	1.683125062491394e+00
2.180768749637984e-05	1.683125062485033e+00
2.190534374637984e-05	1.683125062482569e+00
2.200299999637983e-05	1.683125062484981e+00
2.210065624637983e-05	1.683125062485085e+00
2.219831249637983e-05	1.683125062484598e+00
2.229596874637983e-05	1.683125062486237e+00
2.239362499637983e-05	1.683125062486871e+00
2.249128124637983e-05	1.683125062484582e+00
2.258893749637983e-05	1.683125062479772e+00
2.268659374637983e-05	1.683125062479610e+00
2.278424999637983e-05	1.683125062482306e+00
2.288190624637983e-05	1.683125062482893e+00
2.297956249637983e-05	1.683125062485664e+00
2.307721874637983e-05	1.683125062487157e+00
2.317487499637983e-05	1.683125062482251e+00
2.327253124637983e-05	1.683125062479002e+00
2.337018749637983e-05	1.683125062481946e+00
2.346784374637983e-05	1.683125062488565e+00
2.356549999637983e-05	1.683125062489831e+00
2.366315624637982e-05	1.683125062486113e+00
2.376081249637982e-05	1.683125062486004e+00
2.385846874637982e-05	1.683125062486498e+00
2.395612499637982e-05	1.683125062487909e+00
2.405378124637982e-05	1.683125062488224e+00
2.415143749637982e-05	1.683125062483159e+00
2.424909374637982e-05	1.683125062479692e+00
2.434674999637982e-05	1.683125062481714e+00
2.444440624637982e-05	1.683125062481927e+00
2.454206249637982e-05	1.683125062478867e+00
2.463971874637982e-05	1.683125062480754e+00
2.473737499637982e-05	1.683125062485971e+00
2.483503124637982e-05	1.683125062485880e+00
2.493268749637982e-05	1.683125062482944e+00
2.503034374637982e-05	1.683125062484440e+00
2.512799999637982e-05	1.683125062485574e+00
2.522565624637982e-05	1.683125062482621e+00
2.532331249637981e-05	1.683125062481945e+00
2.542096874637981e-05	1.683125062482886e+00
2.551862499637981e-05	1.683125062479790e+00
2.561628124637981e-05	1.683125062475611e+00
2.571393749637981e-05	1.683125062477629e+00
2.581159374637981e-05	1.683125062483721e+00
2.590924999637981e-05	1.683125062487425e+00
2.600690624637981e-05	1.683125062483671e+00
2.610456249637981e-05	1.683125062479417e+00
2.620221874637981e-05	1.683125062481957e+00
2.629987499637981e-05	1.683125062482920e+00
2.639753124637981e-05	1.683125062481283e+00
2.649518749637981e-05	1.683125062481576e+00
2.659284374637981e-05	1.683125062482697e+00
2.669049999637981e-05	1.683125062481412e+00
2.678815624637981e-05	1.683125062480530e+00
2.688581249637981e-05	1.683125062485978e+00
2.698346874637980e-05	1.683125062489122e+00
2.708112499637980e-05	1.683125062482597e+00
2.717878124637980e-05	1.683125062480194e+00
2.727643749637980e-05	1.683125062484113e+00
2.737409374637980e-05	1.683125062485292e+00
2.747174999637980e-05	1.683125062482234e+00
2.756940624637980e-05	1.683125062477329e+00
2.766706249637980e-05	1.683125062481287e+00
2.776471874637980e-05	1.683125062486687e+00
2.786237499637980e-05	1.683125062483372e+00
2.796003124637980e-05	1.683125062481424e+00
2.805768749637980e-05	1.683125062481543e+00
2.815534374637980e-05	1.683125062481364e+00
2.825299999637980e-05	1.683125062483788e+00
2.835065624637980e-05	1.683125062484591e+00
2.844831249637980e-05	1.683125062482338e+00
2.854596874637980e-05	1.683125062478454e+00
2.864362499637979e-05	1.683125062475500e+00
2.874128124637979e-05	1.683125062477039e+00
2.883893749637979e-05	1.683125062479780e+00
2.893659374637979e-05	1.683125062480848e+00
2.903424999637979e-05	1.683125062481498e+00
2.913190624637979e-05	1.683125062485104e+00
2.922956249637979e-05	1.683125062487986e+00
2.932721874637979e-05	1.683125062485836e+00
2.942487499637979e-05	1.683125062483610e+00
2.952253124637979e-05	1.683125062485413e+00
2.962018749637979e-05	1.683125062489531e+00
2.971784374637979e-05	1.683125062485440e+00
2.981549999637979e-05	1.683125062480125e+00
2.991315624637979e-05	1.683125062485285e+00
3.001081249637979e-05	1.683125062489023e+00
3.010846874637979e-05	1.683125062484867e+00
3.020612499637978e-05	1.683125062482007e+00
3.030378124637978e-05	1.683125062484838e+00
3.040143749637978e-05	1.683125062485356e+00
3.049909374637978e-05	1.683125062484548e+00
3.059674999637978e-05	1.683125062482880e+00
3.069440624637979e-05	1.683125062485265e+00
3.079206249637979e-05	1.683125062491285e+00
3.088971874637979e-05	1.683125062486736e+00
3.098737499637979e-05	1.683125062482707e+00
3.108503124637980e-05	1.683125062485070e+00
3.118268749637980e-05	1.683125062486956e+00
3.128034374637980e-05	1.683125062489264e+00
3.137799999637981e-05	1.683125062487633e+00
3.147565624637981e-05	1.683125062483157e+00
3.157331249637981e-05	1.683125062481408e+00
3.167096874637981e-05	1.683125062485867e+00
3.176862499637982e-05	1.683125062489872e+00
3.186628124637982e-05	1.683125062483431e+00
3.196393749637982e-05	1.683125062480465e+00
3.206159374637982e-05	1.683125062485323e+00
3.215924999637983e-05	1.683125062485691e+00
3.225690624637983e-05	1.683125062483163e+00
3.235456249637983e-05	1.683125062479506e+00
3.245221874637984e-05	1.683125062479459e+00
3.254987499637984e-05	1.683125062483253e+00
3.264753124637984e-05	1.683125062482456e+00
3.274518749637984e-05	1.683125062481087e+00
3.284284374637985e-05	1.683125062480488e+00
3.294049999637985e-05	1.683125062481223e+00
3.303815624637985e-05	1.683125062485127e+00
3.313581249637986e-05	1.683125062484807e+00
3.323346874637986e-05	1.683125062481581e+00
3.333112499637986e-05	1.683125062483059e+00
3.342878124637986e-05	1.683125062484490e+00
3.352643749637987e-05	1.683125062484002e+00
3.362409374637987e-05	1.683125062484548e+00
3.372174999637987e-05	1.683125062483702e+00
3.381940624637987e-05	1.683125062482265e+00
3.391706249637988e-05	1.683125062479861e+00
3.401471874637988e-05	1.683125062480967e+00
3.411237499637988e-05	1.683125062480523e+00
3.421003124637989e-05	1.683125062478391e+00
3.430768749637989e-05	1.683125062484647e+00
3.440534374637989e-05	1.683125062488860e+00
3.450299999637989e-05	1.683125062487491e+00
3.460065624637990e-05	1.683125062487600e+00
3.469831249637990e-05	1.683125062488433e+00
3.479596874637990e-05	1.683125062485604e+00
3.489362499637991e-05	1.683125062480659e+00
3.499128124637991e-05	1.683125062478235e+00
3.508893749637991e-05	1.683125062485294e+00
3.518659374637991e-05	1.683125062491440e+00
3.528424999637992e-05	1.683125062483274e+00
3.538190624637992e-05	1.683125062480900e+00
3.547956249637992e-05	1.683125062488449e+00
3.557721874637993e-05	1.683125062489519e+00
3.567487499637993e-05	1.683125062486711e+00
3.577253124637993e-05	1.683125062485118e+00
3.587018749637993e-05	1.683125062481718e+00
3.596784374637994e-05	1.683125062481395e+00
3.606549999637994e-05	1.683125062486544e+00
3.616315624637994e-05	1.683125062485517e+00
3.626081249637994e-05	1.683125062479686e+00
3.635846874637995e-05	1.683125062481275e+00
3.645612499637995e-05	1.683125062486911e+00
3.655378124637995e-05	1.683125062489814e+00
3.665143749637996e-05	1.683125062484554e+00
3.674909374637996e-05	1.683125062482494e+00
3.684674999637996e-05	1.683125062493206e+00
3.694440624637996e-05	1.683125062489875e+00
3.704206249637997e-05	1.683125062479399e+00
3.713971874637997e-05	1.683125062484900e+00
3.723737499637997e-05	1.683125062488616e+00
3.733503124637998e-05	1.683125062483919e+00
3.743268749637998e-05	1.683125062480598e+00
3.753034374637998e-05	1.683125062481837e+00
3.762799999637998e-05	1.683125062483392e+00
3.772565624637999e-05	1.683125062483255e+00
3.782331249637999e-05	1.683125062486151e+00
3.792096874637999e-05	1.683125062491231e+00
3.801862499638000e-05	1.683125062491563e+00
3.811628124638000e-05	1.683125062484483e+00
3.821393749638000e-05	1.683125062482012e+00
3.831159374638000e-05	1.683125062484884e+00
3.840924999638001e-05	1.683125062487040e+00
3.850690624638001e-05	1.683125062490650e+00
3.860456249638001e-05	1.683125062492289e+00
3.870221874638001e-05	1.683125062488552e+00
3.879987499638002e-05	1.683125062486041e+00
3.889753124638002e-05	1.683125062486277e+00
3.899518749638002e-05	1.683125062484698e+00
3.909284374638003e-05	1.683125062485104e+00
3.919049999638003e-05	1.683125062484663e+00
3.928815624638003e-05	1.683125062486310e+00
3.938581249638003e-05	1.683125062487329e+00
3.948346874638004e-05	1.683125062483951e+00
3.958112499638004e-05	1.683125062485234e+00
3.967878124638004e-05	1.683125062487536e+00
3.977643749638005e-05	1.683125062486394e+00
3.987409374638005e-05	1.683125062486865e+00
3.997174999638005e-05	1.683125062488742e+00
4.006940624638005e-05	1.683125062485307e+00
4.016706249638006e-05	1.683125062482186e+00
4.026471874638006e-05	1.683125062483648e+00
4.036237499638006e-05	1.683125062486994e+00
4.046003124638007e-05	1.683125062485380e+00
4.055768749638007e-05	1.683125062480963e+00
4.065534374638007e-05	1.683125062484287e+00
4.075299999638007e-05	1.683125062484692e+00
4.085065624638008e-05	1.683125062483512e+00
4.094831249638008e-05	1.683125062482196e+00
4.104596874638008e-05	1.683125062479691e+00
4.114362499638008e-05	1.683125062484893e+00
4.124128124638009e-05	1.683125062484577e+00
4.133893749638009e-05	1.683125062480754e+00
4.143659374638009e-05	1.683125062484944e+00
4.153424999638010e-05	1.683125062487820e+00
4.163190624638010e-05	1.683125062484730e+00
4.172956249638010e-05	1.683125062478705e+00
4.182721874638010e-05	1.683125062476627e+00
4.192487499638011e-05	1.683125062478424e+00
4.202253124638011e-05	1.683125062477416e+00
4.212018749638011e-05	1.683125062481212e+00
4.221784374638012e-05	1.683125062487384e+00
4.231549999638012e-05	1.683125062486760e+00
4.241315624638012e-05	1.683125062484076e+00
4.251081249638012e-05	1.683125062487181e+00
4.260846874638013e-05	1.683125062492532e+00
4.270612499638013e-05	1.683125062490193e+00
4.280378124638013e-05	1.683125062489130e+00
4.290143749638014e-05	1.683125062488197e+00
4.299909374638014e-05	1.683125062485259e+00
4.309674999638014e-05	1.683125062482461e+00
4.319440624638014e-05	1.683125062476383e+00
4.329206249638015e-05	1.683125062478672e+00
4.338971874638015e-05	1.683125062484627e+00
4.348737499638015e-05	1.683125062483884e+00
4.358503124638015e-05	1.683125062481258e+00
4.368268749638016e-05	1.683125062481724e+00
4.378034374638016e-05	1.683125062482826e+00
4.387799999638016e-05	1.683125062485891e+00
4.397565624638017e-05	1.683125062487920e+00
4.407331249638017e-05	1.683125062483660e+00
4.417096874638017e-05	1.683125062483661e+00
4.426862499638017e-05	1.683125062484279e+00
4.436628124638018e-05	1.683125062484551e+00
4.446393749638018e-05	1.683125062490550e+00
4.456159374638018e-05	1.683125062491390e+00
4.465924999638019e-05	1.683125062484463e+00
4.475690624638019e-05	1.683125062478848e+00
4.485456249638019e-05	1.683125062479614e+00
4.495221874638019e-05	1.683125062484690e+00
4.504987499638020e-05	1.683125062484145e+00
4.514753124638020e-05	1.683125062482452e+00
4.524518749638020e-05	1.683125062483857e+00
4.534284374638021e-05	1.683125062481764e+00
4.544049999638021e-05	1.683125062485253e+00
4.553815624638021e-05	1.683125062487866e+00
4.563581249638021e-05	1.683125062484419e+00
4.573346874638022e-05	1.683125062484523e+00
4.583112499638022e-05	1.683125062487298e+00
4.592878124638022e-05	1.683125062489952e+00
4.602643749638022e-05	1.683125062484680e+00
4.612409374638023e-05	1.683125062479365e+00
4.622174999638023e-05	1.683125062484671e+00
4.631940624638023e-05	1.683125062490652e+00
4.641706249638024e-05	1.683125062491718e+00
4.651471874638024e-05	1.683125062490726e+00
4.661237499638024e-05	1.683125062488368e+00
4.671003124638024e-05	1.683125062486017e+00
4.680768749638025e-05	1.683125062486976e+00
4.690534374638025e-05	1.683125062488983e+00
4.700299999638025e-05	1.683125062484609e+00
4.710065624638026e-05	1.683125062479398e+00
4.719831249638026e-05	1.683125062486557e+00
4.729596874638026e-05	1.683125062492250e+00
4.739362499638026e-05	1.683125062488114e+00
4.749128124638027e-05	1.683125062489191e+00
4.758893749638027e-05	1.683125062492288e+00
4.768659374638027e-05	1.683125062487414e+00
4.778424999638027e-05	1.683125062483046e+00
4.788190624638028e-05	1.683125062486683e+00
4.797956249638028e-05	1.683125062485526e+00
4.807721874638028e-05	1.683125062480737e+00
4.817487499638029e-05	1.683125062483312e+00
4.827253124638029e-05	1.683125062485386e+00
4.837018749638029e-05	1.683125062483097e+00
4.846784374638029e-05	1.683125062485745e+00
4.856549999638030e-05	1.683125062489514e+00
4.866315624638030e-05	1.683125062480475e+00
4.876081249638030e-05	1.683125062478284e+00
4.885846874638031e-05	1.683125062489759e+00
4.895612499638031e-05	1.683125062489507e+00
4.905378124638031e-05	1.683125062486661e+00
4.915143749638031e-05	1.683125062488584e+00
4.924909374638032e-05	1.683125062486130e+00
4.934674999638032e-05	1.683125062485381e+00
4.944440624638032e-05	1.683125062483390e+00
4.954206249638033e-05	1.683125062482056e+00
4.963971874638033e-05	1.683125062484091e+00
4.973737499638033e-05	1.683125062484399e+00
4.983503124638033e-05	1.683125062486086e+00
4.993268749638034e-05	1.683125062486573e+00
5.003034374638034e-05	1.683125062485455e+00
5.012799999638034e-05	1.683125062483946e+00
5.022565624638034e-05	1.683125062482806e+00
5.032331249638035e-05	1.683125062484552e+00
5.042096874638035e-05	1.683125062487084e+00
5.051862499638035e-05	1.683125062484103e+00
5.061628124638036e-05	1.683125062481992e+00
5.071393749638036e-05	1.683125062482539e+00
5.081159374638036e-05	1.683125062478348e+00
5.090924999638036e-05	1.683125062478269e+00
5.100690624638037e-05	1.683125062481361e+00
5.110456249638037e-05	1.683125062483641e+00
5.120221874638037e-05	1.683125062488305e+00
5.129987499638038e-05	1.683125062491623e+00
5.139753124638038e-05	1.683125062488946e+00
5.149518749638038e-05	1.683125062484724e+00
5.159284374638038e-05	1.683125062480692e+00
5.169049999638039e-05	1.683125062477573e+00
5.178815624638039e-05	1.683125062479340e+00
5.188581249638039e-05	1.683125062481874e+00
5.198346874638040e-05	1.683125062482956e+00
5.208112499638040e-05	1.683125062483551e+00
5.217878124638040e-05	1.683125062484708e+00
5.227643749638040e-05	1.683125062489091e+00
5.237409374638041e-05	1.683125062492962e+00
5.247174999638041e-05	1.683125062488865e+00
5.256940624638041e-05	1.683125062485816e+00
5.266706249638041e-05	1.683125062488406e+00
5.276471874638042e-05	1.683125062487632e+00
5.286237499638042e-05	1.683125062486259e+00
5.296003124638042e-05	1.683125062486328e+00
5.305768749638043e-05	1.683125062485052e+00
5.315534374638043e-05	1.683125062484918e+00
5.325299999638043e-05	1.683125062486770e+00
5.335065624638043e-05	1.683125062486307e+00
5.344831249638044e-05	1.683125062484388e+00
5.354596874638044e-05	1.683125062481481e+00
5.364362499638044e-05	1.683125062479245e+00
5.374128124638045e-05	1.683125062482498e+00
5.383893749638045e-05	1.683125062484540e+00
5.393659374638045e-05	1.683125062485650e+00
5.403424999638045e-05	1.683125062485203e+00
5.413190624638046e-05	1.683125062483640e+00
5.422956249638046e-05	1.683125062486584e+00
5.432721874638046e-05	1.683125062487630e+00
5.442487499638047e-05	1.683125062487294e+00
5.452253124638047e-05	1.683125062487147e+00
5.462018749638047e-05	1.683125062485254e+00
5.471784374638047e-05	1.683125062484516e+00
5.481549999638048e-05	1.683125062481898e+00
5.491315624638048e-05	1.683125062478392e+00
5.501081249638048e-05	1.683125062481778e+00
5.510846874638048e-05	1.683125062481633e+00
5.520612499638049e-05	1.683125062477153e+00
5.530378124638049e-05	1.683125062480945e+00
5.540143749638049e-05	1.683125062483292e+00
5.549909374638050e-05	1.683125062481513e+00
5.559674999638050e-05	1.683125062484430e+00
5.569440624638050e-05	1.683125062489918e+00
5.579206249638050e-05	1.683125062487852e+00
5.588971874638051e-05	1.683125062483394e+00
5.598737499638051e-05	1.683125062486868e+00
5.608503124638051e-05	1.683125062485069e+00
5.618268749638052e-05	1.683125062479983e+00
5.628034374638052e-05	1.683125062480904e+00
5.637799999638052e-05	1.683125062487051e+00
5.647565624638052e-05	1.683125062490377e+00
5.657331249638053e-05	1.683125062487068e+00
5.667096874638053e-05	1.683125062489877e+00
5.676862499638053e-05	1.683125062492477e+00
5.686628124638054e-05	1.683125062488884e+00
5.696393749638054e-05	1.683125062487236e+00
5.706159374638054e-05	1.683125062488689e+00
5.715924999638054e-05	1.683125062484782e+00
5.725690624638055e-05	1.683125062480119e+00
5.735456249638055e-05	1.683125062482749e+00
5.745221874638055e-05	1.683125062484229e+00
5.754987499638055e-05	1.683125062480614e+00
5.764753124638056e-05	1.683125062477128e+00
5.774518749638056e-05	1.683125062477133e+00
5.784284374638056e-05	1.683125062476486e+00
5.794049999638057e-05	1.683125062479627e+00
5.803815624638057e-05	1.683125062487302e+00
5.813581249638057e-05	1.683125062489934e+00
5.823346874638057e-05	1.683125062489937e+00
5.833112499638058e-05	1.683125062489558e+00
5.842878124638058e-05	1.683125062486491e+00
5.852643749638058e-05	1.683125062485860e+00
5.862409374638059e-05	1.683125062484939e+00
5.872174999638059e-05	1.683125062483858e+00
5.881940624638059e-05	1.683125062490716e+00
5.891706249638059e-05	1.683125062492137e+00
5.901471874638060e-05	1.683125062484256e+00
5.911237499638060e-05	1.683125062484766e+00
5.921003124638060e-05	1.683125062489352e+00
5.930768749638061e-05	1.683125062484110e+00
5.940534374638061e-05	1.683125062479502e+00
5.950299999638061e-05	1.683125062482066e+00
5.960065624638061e-05	1.683125062483465e+00
5.969831249638062e-05	1.683125062486176e+00
5.979596874638062e-05	1.683125062488398e+00
5.989362499638062e-05	1.683125062485289e+00
5.999128124638062e-05	1.683125062483120e+00
6.008893749638063e-05	1.683125062487237e+00
6.018659374638063e-05	1.683125062491097e+00
6.028424999638063e-05	1.683125062490267e+00
6.038190624638064e-05	1.683125062491615e+00
6.047956249638064e-05	1.683125062488662e+00
6.057721874638064e-05	1.683125062479654e+00
6.067487499638064e-05	1.683125062480291e+00
6.077253124638065e-05	1.683125062485636e+00
6.087018749638065e-05	1.683125062485308e+00
6.096784374638065e-05	1.683125062484214e+00
6.106549999638066e-05	1.683125062479845e+00
6.116315624638066e-05	1.683125062478457e+00
6.126081249638066e-05	1.683125062485657e+00
6.135846874638066e-05	1.683125062487370e+00
6.145612499638067e-05	1.683125062484657e+00
6.155378124638067e-05	1.683125062480412e+00
6.165143749638067e-05	1.683125062478034e+00
6.174909374638067e-05	1.683125062481653e+00
6.184674999638068e-05	1.683125062483738e+00
6.194440624638068e-05	1.683125062486271e+00
6.204206249638068e-05	1.683125062485618e+00
6.213971874638069e-05	1.683125062482530e+00
6.223737499638069e-05	1.683125062483197e+00
6.233503124638069e-05	1.683125062480580e+00
6.243268749638069e-05	1.683125062478415e+00
6.253034374638070e-05	1.683125062482087e+00
6.262799999638070e-05	1.683125062490472e+00
6.272565624638070e-05	1.683125062495002e+00
6.282331249638071e-05	1.683125062489730e+00
6.292096874638071e-05	1.683125062487760e+00
6.301862499638071e-05	1.683125062483819e+00
6.311628124638071e-05	1.683125062477898e+00
6.321393749638072e-05	1.683125062480868e+00
6.331159374638072e-05	1.683125062482545e+00
6.340924999638072e-05	1.683125062484041e+00
6.350690624638073e-05	1.683125062481649e+00
6.360456249638073e-05	1.683125062479323e+00
6.370221874638073e-05	1.683125062485201e+00
6.379987499638073e-05	1.683125062484562e+00
6.389753124638074e-05	1.683125062482430e+00
6.399518749638074e-05	1.683125062484283e+00
6.409284374638074e-05	1.683125062482791e+00
6.419049999638074e-05	1.683125062482780e+00
6.428815624638075e-05	1.683125062487306e+00
6.438581249638075e-05	1.683125062485429e+00
6.448346874638075e-05	1.683125062480707e+00
6.458112499638076e-05	1.683125062482163e+00
6.467878124638076e-05	1.683125062484140e+00
6.477643749638076e-05	1.683125062484180e+00
6.487409374638076e-05	1.683125062481289e+00
6.497174999638077e-05	1.683125062480085e+00
6.506940624638077e-05	1.683125062484233e+00
6.516706249638077e-05	1.683125062487481e+00
6.526471874638078e-05	1.683125062482690e+00
6.536237499638078e-05	1.683125062479148e+00
6.546003124638078e-05	1.683125062483742e+00
6.555768749638078e-05	1.683125062485308e+00
6.565534374638079e-05	1.683125062486980e+00
6.575299999638079e-05	1.683125062488492e+00
6.585065624638079e-05	1.683125062485161e+00
6.594831249638080e-05	1.683125062484693e+00
6.604596874638080e-05	1.683125062481366e+00
6.614362499638080e-05	1.683125062480442e+00
6.624128124638080e-05	1.683125062486365e+00
6.633893749638081e-05	1.683125062486445e+00
6.643659374638081e-05	1.683125062483138e+00
6.653424999638081e-05	1.683125062481716e+00
6.663190624638081e-05	1.683125062486294e+00
6.672956249638082e-05	1.683125062487909e+00
6.682721874638082e-05	1.683125062487511e+00
6.692487499638082e-05	1.683125062490718e+00
6.702253124638083e-05	1.683125062487519e+00
6.712018749638083e-05	1.683125062479340e+00
6.721784374638083e-05	1.683125062477614e+00
6.731549999638083e-05	1.683125062483297e+00
6.741315624638084e-05	1.683125062480275e+00
6.751081249638084e-05	1.683125062480646e+00
6.760846874638084e-05	1.683125062487398e+00
6.770612499638085e-05	1.683125062488795e+00
6.780378124638085e-05	1.683125062487603e+00
6.790143749638085e-05	1.683125062483641e+00
6.799909374638085e-05	1.683125062482939e+00
6.809674999638086e-05	1.683125062482224e+00
6.819440624638086e-05	1.683125062481819e+00
6.829206249638086e-05	1.683125062481904e+00
6.838971874638087e-05	1.683125062480233e+00
6.848737499638087e-05	1.683125062481013e+00
6.858503124638087e-05	1.683125062480397e+00
6.868268749638087e-05	1.683125062480553e+00
6.878034374638088e-05	1.683125062483309e+00
6.887799999638088e-05	1.683125062483999e+00
6.897565624638088e-05	1.683125062484784e+00
6.907331249638088e-05	1.683125062483794e+00
6.917096874638089e-05	1.683125062482660e+00
6.926862499638089e-05	1.683125062482026e+00
6.936628124638089e-05	1.683125062484396e+00
6.946393749638090e-05	1.683125062490555e+00
6.956159374638090e-05	1.683125062482775e+00
6.965924999638090e-05	1.683125062474953e+00
6.975690624638090e-05	1.683125062480607e+00
6.985456249638091e-05	1.683125062483910e+00
6.995221874638091e-05	1.683125062484514e+00
7.004987499638091e-05	1.683125062483409e+00
7.014753124638092e-05	1.683125062479962e+00
7.024518749638092e-05	1.683125062481711e+00
7.034284374638092e-05	1.683125062485718e+00
7.044049999638092e-05	1.683125062484383e+00
7.053815624638093e-05	1.683125062486844e+00
7.063581249638093e-05	1.683125062486119e+00
7.073346874638093e-05	1.683125062481579e+00
7.083112499638094e-05	1.683125062485061e+00
7.092878124638094e-05	1.683125062481688e+00
7.102643749638094e-05	1.683125062477542e+00
7.112409374638094e-05	1.683125062482671e+00
7.122174999638095e-05	1.683125062488594e+00
7.131940624638095e-05	1.683125062488381e+00
7.141706249638095e-05	1.683125062488758e+00
7.151471874638095e-05	1.683125062493891e+00
7.161237499638096e-05	1.683125062491729e+00
7.171003124638096e-05	1.683125062491954e+00
7.180768749638096e-05	1.683125062491506e+00
7.190534374638097e-05	1.683125062484172e+00
7.200299999638097e-05	1.683125062482461e+00
7.210065624638097e-05	1.683125062483020e+00
7.219831249638097e-05	1.683125062485293e+00
7.229596874638098e-05	1.683125062488120e+00
7.239362499638098e-05	1.683125062486724e+00
7.249128124638098e-05	1.683125062487870e+00
7.258893749638099e-05	1.683125062489344e+00
7.268659374638099e-05	1.683125062489271e+00
7.278424999638099e-05	1.683125062489643e+00
7.288190624638099e-05	1.683125062486329e+00
7.297956249638100e-05	1.683125062486243e+00
7.307721874638100e-05	1.683125062485021e+00
7.317487499638100e-05	1.683125062479266e+00
7.327253124638101e-05	1.683125062483901e+00
7.337018749638101e-05	1.683125062491500e+00
7.346784374638101e-05	1.683125062487474e+00
7.356549999638101e-05	1.683125062484157e+00
7.366315624638102e-05	1.683125062486056e+00
7.376081249638102e-05	1.683125062483140e+00
7.385846874638102e-05	1.683125062480584e+00
7.395612499638102e-05	1.683125062485215e+00
7.405378124638103e-05	1.683125062488301e+00
7.415143749638103e-05	1.683125062483087e+00
7.424909374638103e-05	1.683125062479727e+00
7.434674999638104e-05	1.683125062482227e+00
7.444440624638104e-05	1.683125062484778e+00
7.454206249638104e-05	1.683125062485665e+00
7.463971874638104e-05	1.683125062488185e+00
7.473737499638105e-05	1.683125062488633e+00
7.483503124638105e-05	1.683125062484280e+00
7.493268749638105e-05	1.683125062483923e+00
7.503034374638106e-05	1.683125062483958e+00
7.512799999638106e-05	1.683125062484450e+00
7.522565624638106e-05	1.683125062486870e+00
7.532331249638106e-05	1.683125062485859e+00
7.542096874638107e-05	1.683125062485023e+00
7.551862499638107e-05	1.683125062482741e+00
7.561628124638107e-05	1.683125062479980e+00
7.571393749638107e-05	1.683125062480790e+00
7.581159374638108e-05	1.683125062485076e+00
7.590924999638108e-05	1.683125062488315e+00
7.600690624638108e-05	1.683125062487290e+00
7.610456249638109e-05	1.683125062486428e+00
7.620221874638109e-05	1.683125062483030e+00
7.629987499638109e-05	1.683125062481399e+00
7.639753124638109e-05	1.683125062483688e+00
7.649518749638110e-05	1.683125062480057e+00
7.659284374638110e-05	1.683125062479294e+00
7.669049999638110e-05	1.683125062484326e+00
7.678815624638111e-05	1.683125062482824e+00
7.688581249638111e-05	1.683125062482534e+00
7.698346874638111e-05	1.683125062484898e+00
7.708112499638111e-05	1.683125062484601e+00
7.717878124638112e-05	1.683125062487188e+00
7.727643749638112e-05	1.683125062486574e+00
7.737409374638112e-05	1.683125062483485e+00
7.747174999638113e-05	1.683125062481001e+00
7.756940624638113e-05	1.683125062479291e+00
7.766706249638113e-05	1.683125062481154e+00
7.776471874638113e-05	1.683125062484214e+00
7.786237499638114e-05	1.683125062486140e+00
7.796003124638114e-05	1.683125062484703e+00
7.805768749638114e-05	1.683125062482174e+00
7.815534374638114e-05	1.683125062478567e+00
7.825299999638115e-05	1.683125062478164e+00
7.835065624638115e-05	1.683125062485835e+00
7.844831249638115e-05	1.683125062488077e+00
7.854596874638116e-05	1.683125062481517e+00
7.864362499638116e-05	1.683125062480285e+00
7.874128124638116e-05	1.683125062485165e+00
7.883893749638116e-05	1.683125062490862e+00
7.893659374638117e-05	1.683125062492240e+00
7.903424999638117e-05	1.683125062485048e+00
7.913190624638117e-05	1.683125062480492e+00
7.922956249638118e-05	1.683125062482622e+00
7.932721874638118e-05	1.683125062483601e+00
7.942487499638118e-05	1.683125062484247e+00
7.952253124638118e-05	1.683125062484424e+00
7.962018749638119e-05	1.683125062481056e+00
7.971784374638119e-05	1.683125062478421e+00
7.981549999638119e-05	1.683125062485112e+00
7.991315624638120e-05	1.683125062488915e+00
8.001081249638120e-05	1.683125062483377e+00
8.010846874638120e-05	1.683125062482602e+00
8.020612499638120e-05	1.683125062483334e+00
8.030378124638121e-05	1.683125062481281e+00
8.040143749638121e-05	1.683125062481606e+00
8.049909374638121e-05	1.683125062484266e+00
8.059674999638121e-05	1.683125062482082e+00
8.069440624638122e-05	1.683125062479501e+00
8.079206249638122e-05	1.683125062484154e+00
8.088971874638122e-05	1.683125062487730e+00
8.098737499638123e-05	1.683125062486766e+00
8.108503124638123e-05	1.683125062482419e+00
8.118268749638123e-05	1.683125062482089e+00
8.128034374638123e-05	1.683125062486464e+00
8.137799999638124e-05	1.683125062487521e+00
8.147565624638124e-05	1.683125062485626e+00
8.157331249638124e-05	1.683125062484947e+00
8.167096874638125e-05	1.683125062486930e+00
8.176862499638125e-05	1.683125062481827e+00
8.186628124638125e-05	1.683125062480155e+00
8.196393749638125e-05	1.683125062490132e+00
8.206159374638126e-05	1.683125062492455e+00
8.215924999638126e-05	1.683125062487099e+00
8.225690624638126e-05	1.683125062484729e+00
8.235456249638127e-05	1.683125062481706e+00
8.245221874638127e-05	1.683125062478782e+00
8.254987499638127e-05	1.683125062481604e+00
8.264753124638127e-05	1.683125062481264e+00
8.274518749638128e-05	1.683125062480498e+00
8.284284374638128e-05	1.683125062488274e+00
8.294049999638128e-05	1.683125062491554e+00
8.303815624638128e-05	1.683125062486955e+00
8.313581249638129e-05	1.683125062483105e+00
8.323346874638129e-05	1.683125062482774e+00
8.333112499638129e-05	1.683125062484527e+00
8.342878124638130e-05	1.683125062483021e+00
8.352643749638130e-05	1.683125062483041e+00
8.362409374638130e-05	1.683125062491837e+00
8.372174999638130e-05	1.683125062494581e+00
8.381940624638131e-05	1.683125062486635e+00
8.391706249638131e-05	1.683125062483222e+00
8.401471874638131e-05	1.683125062485023e+00
8.411237499638132e-05	1.683125062487715e+00
8.421003124638132e-05	1.683125062486536e+00
8.430768749638132e-05	1.683125062482441e+00
8.440534374638132e-05	1.683125062482731e+00
8.450299999638133e-05	1.683125062487969e+00
8.460065624638133e-05	1.683125062494065e+00
8.469831249638133e-05	1.683125062491616e+00
8.479596874638134e-05	1.683125062484902e+00
8.489362499638134e-05	1.683125062486751e+00
8.499128124638134e-05	1.683125062488444e+00
8.508893749638134e-05	1.683125062485201e+00
8.518659374638135e-05	1.683125062484732e+00
8.528424999638135e-05	1.683125062486354e+00
8.538190624638135e-05	1.683125062484928e+00
8.547956249638135e-05	1.683125062482747e+00
8.557721874638136e-05	1.683125062486536e+00
8.567487499638136e-05	1.683125062485048e+00
8.577253124638136e-05	1.683125062478414e+00
8.587018749638137e-05	1.683125062479476e+00
8.596784374638137e-05	1.683125062483564e+00
8.606549999638137e-05	1.683125062484238e+00
8.616315624638137e-05	1.683125062482392e+00
8.626081249638138e-05	1.683125062482284e+00
8.635846874638138e-05	1.683125062483176e+00
8.645612499638138e-05	1.683125062483290e+00
8.655378124638139e-05	1.683125062488080e+00
8.665143749638139e-05	1.683125062490805e+00
8.674909374638139e-05	1.683125062486201e+00
8.684674999638139e-05	1.683125062484503e+00
8.694440624638140e-05	1.683125062483239e+00
8.704206249638140e-05	1.683125062482862e+00
8.713971874638140e-05	1.683125062484301e+00
8.723737499638141e-05	1.683125062483705e+00
8.733503124638141e-05	1.683125062486050e+00
8.743268749638141e-05	1.683125062487681e+00
8.753034374638141e-05	1.683125062485108e+00
8.762799999638142e-05	1.683125062482866e+00
8.772565624638142e-05	1.683125062486233e+00
8.782331249638142e-05	1.683125062487329e+00
8.792096874638142e-05	1.683125062477584e+00
8.801862499638143e-05	1.683125062476744e+00
8.811628124638143e-05	1.683125062485708e+00
8.821393749638143e-05	1.683125062486868e+00
8.831159374638144e-05	1.683125062485688e+00
8.840924999638144e-05	1.683125062486636e+00
8.850690624638144e-05	1.683125062485989e+00
8.860456249638144e-05	1.683125062486829e+00
8.870221874638145e-05	1.683125062488839e+00
8.879987499638145e-05	1.683125062487455e+00
8.889753124638145e-05	1.683125062483585e+00
8.899518749638146e-05	1.683125062478433e+00
8.909284374638146e-05	1.683125062478632e+00
8.919049999638146e-05	1.683125062483628e+00
8.928815624638146e-05	1.683125062484377e+00
8.938581249638147e-05	1.683125062485690e+00
8.948346874638147e-05	1.683125062492074e+00
8.958112499638147e-05	1.683125062490079e+00
8.967878124638147e-05	1.683125062481035e+00
8.977643749638148e-05	1.683125062482846e+00
8.987409374638148e-05	1.683125062485260e+00
8.997174999638148e-05	1.683125062480360e+00
9.006940624638149e-05	1.683125062482332e+00
9.016706249638149e-05	1.683125062489604e+00
9.026471874638149e-05	1.683125062493113e+00
9.036237499638149e-05	1.683125062486524e+00
9.046003124638150e-05	1.683125062477899e+00
9.055768749638150e-05	1.683125062480368e+00
9.065534374638150e-05	1.683125062482863e+00
9.075299999638151e-05	1.683125062484140e+00
9.085065624638151e-05	1.683125062486706e+00
9.094831249638151e-05	1.683125062483867e+00
9.104596874638151e-05	1.683125062483641e+00
9.114362499638152e-05	1.683125062485694e+00
9.124128124638152e-05	1.683125062484513e+00
9.133893749638152e-05	1.683125062483458e+00
9.143659374638153e-05	1.683125062482953e+00
9.153424999638153e-05	1.683125062482809e+00
9.163190624638153e-05	1.683125062480399e+00
9.172956249638153e-05	1.683125062477518e+00
9.182721874638154e-05	1.683125062480425e+00
9.192487499638154e-05	1.683125062481288e+00
9.202253124638154e-05	1.683125062479922e+00
9.212018749638154e-05	1.683125062482052e+00
9.221784374638155e-05	1.683125062482865e+00
9.231549999638155e-05	1.683125062481340e+00
9.241315624638155e-05	1.683125062479585e+00
9.251081249638156e-05	1.683125062481626e+00
9.260846874638156e-05	1.683125062484072e+00
9.270612499638156e-05	1.683125062484786e+00
9.280378124638156e-05	1.683125062485113e+00
9.290143749638157e-05	1.683125062484215e+00
9.299909374638157e-05	1.683125062484313e+00
9.309674999638157e-05	1.683125062485117e+00
9.319440624638158e-05	1.683125062483461e+00
9.329206249638158e-05	1.683125062480175e+00
9.338971874638158e-05	1.683125062481809e+00
9.348737499638158e-05	1.683125062487469e+00
9.358503124638159e-05	1.683125062489407e+00
9.368268749638159e-05	1.683125062485231e+00
9.378034374638159e-05	1.683125062477733e+00
9.387799999638160e-05	1.683125062476403e+00
9.397565624638160e-05	1.683125062485609e+00
9.407331249638160e-05	1.683125062492318e+00
9.417096874638160e-05	1.683125062488528e+00
9.426862499638161e-05	1.683125062485790e+00
9.436628124638161e-05	1.683125062487811e+00
9.446393749638161e-05	1.683125062485345e+00
9.456159374638161e-05	1.683125062483247e+00
9.465924999638162e-05	1.683125062485288e+00
9.475690624638162e-05	1.683125062483218e+00
9.485456249638162e-05	1.683125062481251e+00
9.495221874638163e-05	1.683125062485662e+00
9.504987499638163e-05	1.683125062482808e+00
9.514753124638163e-05	1.683125062475704e+00
9.524518749638163e-05	1.683125062479498e+00
9.534284374638164e-05	1.683125062485656e+00
9.544049999638164e-05	1.683125062486799e+00
9.553815624638164e-05	1.683125062484384e+00
9.563581249638165e-05	1.683125062482677e+00
9.573346874638165e-05	1.683125062483886e+00
9.583112499638165e-05	1.683125062483449e+00
9.592878124638165e-05	1.683125062484883e+00
9.602643749638166e-05	1.683125062489059e+00
9.612409374638166e-05	1.683125062490324e+00
9.622174999638166e-05	1.683125062488696e+00
9.631940624638167e-05	1.683125062486890e+00
9.641706249638167e-05	1.683125062486037e+00
9.651471874638167e-05	1.683125062485786e+00
9.661237499638167e-05	1.683125062485732e+00
9.671003124638168e-05	1.683125062482945e+00
9.680768749638168e-05	1.683125062480938e+00
9.690534374638168e-05	1.683125062482773e+00
9.700299999638168e-05	1.683125062485378e+00
9.710065624638169e-05	1.683125062486228e+00
9.719831249638169e-05	1.683125062486623e+00
9.729596874638169e-05	1.683125062490347e+00
9.739362499638170e-05	1.683125062490544e+00
9.749128124638170e-05	1.683125062487237e+00
9.758893749638170e-05	1.683125062488944e+00
9.768659374638170e-05	1.683125062487990e+00
9.778424999638171e-05	1.683125062486621e+00
9.788190624638171e-05	1.683125062486818e+00
9.797956249638171e-05	1.683125062481969e+00
9.807721874638172e-05	1.683125062483065e+00
9.817487499638172e-05	1.683125062488993e+00
9.827253124638172e-05	1.683125062489687e+00
9.837018749638172e-05	1.683125062484393e+00
9.846784374638173e-05	1.683125062480562e+00
9.856549999638173e-05	1.683125062483176e+00
9.866315624638173e-05	1.683125062483233e+00
9.876081249638174e-05	1.683125062481815e+00
9.885846874638174e-05	1.683125062484557e+00
9.895612499638174e-05	1.683125062485573e+00
9.905378124638174e-05	1.683125062483471e+00
9.915143749638175e-05	1.683125062486410e+00
9.924909374638175e-05	1.683125062491654e+00
9.934674999638175e-05	1.683125062489135e+00
9.944440624638175e-05	1.683125062487099e+00
9.954206249638176e-05	1.683125062486948e+00
9.963971874638176e-05	1.683125062489222e+00
9.973737499638176e-05	1.683125062491606e+00
9.983503124638177e-05	1.683125062486263e+00
9.993268749638177e-05	1.683125062485713e+00
9.999999999999999e-05	1.683125062490722e+00
Step Information: Rg=1G  (Step: 4/4)
0.000000000000000e+00	1.660646782564473e+00
9.765624723809263e-13	1.660646782564472e+00
1.953124944761853e-12	1.660646782564472e+00
3.906249889523705e-12	1.660646782564469e+00
7.812499779047410e-12	1.660646782564461e+00
1.562499955809482e-11	1.660646782564441e+00
3.124999911618964e-11	1.660646782564404e+00
6.249999823237928e-11	1.660646782564318e+00
1.249999964647586e-10	1.660646782564104e+00
2.499999929295171e-10	1.660646782563895e+00
4.999999858590343e-10	1.660646782563982e+00
9.999999717180685e-10	1.660646782563809e+00
1.999999943436137e-09	1.660646782562924e+00
3.999999886872274e-09	1.660646782562090e+00
7.999999773744548e-09	1.660646782561796e+00
1.599999954748910e-08	1.660646782562897e+00
3.199999909497819e-08	1.660646782564251e+00
6.399999818995639e-08	1.660646782564593e+00
1.279999963799128e-07	1.660646782564645e+00
2.256562463799128e-07	1.660646782564657e+00
3.233124963799128e-07	1.660646782564659e+00
4.209687463799127e-07	1.660646782564659e+00
5.186249963799127e-07	1.660646782564656e+00
6.162812463799128e-07	1.660646782564654e+00
7.139374963799128e-07	1.660646782564654e+00
8.115937463799129e-07	1.660646782564664e+00
9.092499963799129e-07	1.660646782564662e+00
1.006906246379913e-06	1.660646782564654e+00
1.104562496379913e-06	1.660646782564648e+00
1.202218746379913e-06	1.660646782564655e+00
1.299874996379913e-06	1.660646782564656e+00
1.397531246379913e-06	1.660646782564654e+00
1.495187496379913e-06	1.660646782564656e+00
1.592843746379913e-06	1.660646782564660e+00
1.690499996379913e-06	1.660646782564652e+00
1.788156246379913e-06	1.660646782564650e+00
1.885812496379913e-06	1.660646782564653e+00
1.983468746379913e-06	1.660646782564652e+00
2.081124996379913e-06	1.660646782564652e+00
2.178781246379913e-06	1.660646782564655e+00
2.276437496379913e-06	1.660646782564654e+00
2.374093746379913e-06	1.660646782564655e+00
2.471749996379913e-06	1.660646782564653e+00
2.569406246379912e-06	1.660646782564652e+00
2.667062496379912e-06	1.660646782564652e+00
2.764718746379912e-06	1.660646782564651e+00
2.862374996379912e-06	1.660646782564652e+00
2.960031246379912e-06	1.660646782564652e+00
3.057687496379912e-06	1.660646782564650e+00
3.155343746379911e-06	1.660646782564654e+00
3.252999996379911e-06	1.660646782564654e+00
3.350656246379911e-06	1.660646782564652e+00
3.448312496379911e-06	1.660646782564653e+00
3.545968746379911e-06	1.660646782564655e+00
3.643624996379911e-06	1.660646782564655e+00
3.741281246379910e-06	1.660646782564653e+00
3.838937496379911e-06	1.660646782564650e+00
3.936593746379911e-06	1.660646782564650e+00
4.034249996379911e-06	1.660646782564657e+00
4.131906246379911e-06	1.660646782564660e+00
4.229562496379912e-06	1.660646782564660e+00
4.327218746379912e-06	1.660646782564658e+00
4.424874996379912e-06	1.660646782564650e+00
4.522531246379912e-06	1.660646782564652e+00
4.620187496379913e-06	1.660646782564659e+00
4.717843746379913e-06	1.660646782564654e+00
4.815499996379913e-06	1.660646782564649e+00
4.913156246379913e-06	1.660646782564653e+00
5.010812496379914e-06	1.660646782564651e+00
5.108468746379914e-06	1.660646782564648e+00
5.206124996379914e-06	1.660646782564650e+00
5.303781246379914e-06	1.660646782564650e+00
5.401437496379915e-06	1.660646782564649e+00
5.499093746379915e-06	1.660646782564651e+00
5.596749996379915e-06	1.660646782564656e+00
5.694406246379916e-06	1.660646782564657e+00
5.792062496379916e-06	1.660646782564656e+00
5.889718746379916e-06	1.660646782564647e+00
5.987374996379916e-06	1.660646782564647e+00
6.085031246379917e-06	1.660646782564656e+00
6.182687496379917e-06	1.660646782564652e+00
6.280343746379917e-06	1.660646782564645e+00
6.377999996379917e-06	1.660646782564648e+00
6.475656246379918e-06	1.660646782564656e+00
6.573312496379918e-06	1.660646782564654e+00
6.670968746379918e-06	1.660646782564648e+00
6.768624996379918e-06	1.660646782564647e+00
6.866281246379919e-06	1.660646782564649e+00
6.963937496379919e-06	1.660646782564649e+00
7.061593746379919e-06	1.660646782564647e+00
7.159249996379919e-06	1.660646782564650e+00
7.256906246379920e-06	1.660646782564655e+00
7.354562496379920e-06	1.660646782564654e+00
7.452218746379920e-06	1.660646782564646e+00
7.549874996379920e-06	1.660646782564645e+00
7.647531246379920e-06	1.660646782564648e+00
7.745187496379919e-06	1.660646782564645e+00
7.842843746379919e-06	1.660646782564643e+00
7.940499996379918e-06	1.660646782564647e+00
8.038156246379917e-06	1.660646782564653e+00
8.135812496379917e-06	1.660646782564656e+00
8.233468746379916e-06	1.660646782564655e+00
8.331124996379916e-06	1.660646782564649e+00
8.428781246379915e-06	1.660646782564647e+00
8.526437496379914e-06	1.660646782564652e+00
8.624093746379914e-06	1.660646782564657e+00
8.721749996379913e-06	1.660646782564660e+00
8.819406246379913e-06	1.660646782564658e+00
8.917062496379912e-06	1.660646782564654e+00
9.014718746379912e-06	1.660646782564655e+00
9.112374996379911e-06	1.660646782564652e+00
9.210031246379910e-06	1.660646782564648e+00
9.307687496379910e-06	1.660646782564650e+00
9.405343746379909e-06	1.660646782564649e+00
9.502999996379909e-06	1.660646782564647e+00
9.600656246379908e-06	1.660646782564646e+00
9.698312496379907e-06	1.660646782564645e+00
9.795968746379907e-06	1.660646782564648e+00
9.893624996379906e-06	1.660646782564648e+00
9.991281246379906e-06	1.660646782564646e+00
1.008893749637991e-05	1.660646782564649e+00
1.018659374637990e-05	1.660646782564652e+00
1.028424999637990e-05	1.660646782564655e+00
1.038190624637990e-05	1.660646782564656e+00
1.047956249637990e-05	1.660646782564659e+00
1.057721874637990e-05	1.660646782564662e+00
1.067487499637990e-05	1.660646782564658e+00
1.077253124637990e-05	1.660646782564654e+00
1.087018749637990e-05	1.660646782564650e+00
1.096784374637990e-05	1.660646782564648e+00
1.106549999637990e-05	1.660646782564654e+00
1.116315624637990e-05	1.660646782564659e+00
1.126081249637990e-05	1.660646782564658e+00
1.135846874637990e-05	1.660646782564657e+00
1.145612499637990e-05	1.660646782564657e+00
1.155378124637990e-05	1.660646782564661e+00
1.165143749637990e-05	1.660646782564663e+00
1.174909374637989e-05	1.660646782564659e+00
1.184674999637989e-05	1.660646782564651e+00
1.194440624637989e-05	1.660646782564649e+00
1.204206249637989e-05	1.660646782564653e+00
1.213971874637989e-05	1.660646782564658e+00
1.223737499637989e-05	1.660646782564661e+00
1.233503124637989e-05	1.660646782564662e+00
1.243268749637989e-05	1.660646782564661e+00
1.253034374637989e-05	1.660646782564663e+00
1.262799999637989e-05	1.660646782564665e+00
1.272565624637989e-05	1.660646782564664e+00
1.282331249637989e-05	1.660646782564663e+00
1.292096874637989e-05	1.660646782564662e+00
1.301862499637989e-05	1.660646782564661e+00
1.311628124637989e-05	1.660646782564660e+00
1.321393749637989e-05	1.660646782564659e+00
1.331159374637989e-05	1.660646782564660e+00
1.340924999637988e-05	1.660646782564662e+00
1.350690624637988e-05	1.660646782564657e+00
1.360456249637988e-05	1.660646782564653e+00
1.370221874637988e-05	1.660646782564654e+00
1.379987499637988e-05	1.660646782564650e+00
1.389753124637988e-05	1.660646782564650e+00
1.399518749637988e-05	1.660646782564657e+00
1.409284374637988e-05	1.660646782564661e+00
1.419049999637988e-05	1.660646782564660e+00
1.428815624637988e-05	1.660646782564656e+00
1.438581249637988e-05	1.660646782564654e+00
1.448346874637988e-05	1.660646782564654e+00
1.458112499637988e-05	1.660646782564654e+00
1.467878124637988e-05	1.660646782564654e+00
1.477643749637988e-05	1.660646782564658e+00
1.487409374637988e-05	1.660646782564666e+00
1.497174999637988e-05	1.660646782564669e+00
1.506940624637987e-05	1.660646782564668e+00
1.516706249637987e-05	1.660646782564668e+00
1.526471874637988e-05	1.660646782564670e+00
1.536237499637987e-05	1.660646782564670e+00
1.546003124637987e-05	1.660646782564668e+00
1.555768749637987e-05	1.660646782564667e+00
1.565534374637987e-05	1.660646782564665e+00
1.575299999637987e-05	1.660646782564661e+00
1.585065624637987e-05	1.660646782564660e+00
1.594831249637987e-05	1.660646782564664e+00
1.604596874637987e-05	1.660646782564662e+00
1.614362499637987e-05	1.660646782564662e+00
1.624128124637987e-05	1.660646782564663e+00
1.633893749637987e-05	1.660646782564657e+00
1.643659374637987e-05	1.660646782564656e+00
1.653424999637987e-05	1.660646782564660e+00
1.663190624637987e-05	1.660646782564659e+00
1.672956249637987e-05	1.660646782564656e+00
1.682721874637987e-05	1.660646782564654e+00
1.692487499637987e-05	1.660646782564656e+00
1.702253124637986e-05	1.660646782564658e+00
1.712018749637986e-05	1.660646782564664e+00
1.721784374637986e-05	1.660646782564664e+00
1.731549999637986e-05	1.660646782564661e+00
1.741315624637986e-05	1.660646782564667e+00
1.751081249637986e-05	1.660646782564670e+00
1.760846874637986e-05	1.660646782564663e+00
1.770612499637986e-05	1.660646782564659e+00
1.780378124637986e-05	1.660646782564662e+00
1.790143749637986e-05	1.660646782564662e+00
1.799909374637986e-05	1.660646782564664e+00
1.809674999637986e-05	1.660646782564668e+00
1.819440624637986e-05	1.660646782564670e+00
1.829206249637986e-05	1.660646782564671e+00
1.838971874637986e-05	1.660646782564667e+00
1.848737499637986e-05	1.660646782564663e+00
1.858503124637986e-05	1.660646782564666e+00
1.868268749637985e-05	1.660646782564671e+00
1.878034374637985e-05	1.660646782564674e+00
1.887799999637985e-05	1.660646782564673e+00
1.897565624637985e-05	1.660646782564669e+00
1.907331249637985e-05	1.660646782564663e+00
1.917096874637985e-05	1.660646782564659e+00
1.926862499637985e-05	1.660646782564662e+00
1.936628124637985e-05	1.660646782564662e+00
1.946393749637985e-05	1.660646782564662e+00
1.956159374637985e-05	1.660646782564664e+00
1.965924999637985e-05	1.660646782564668e+00
1.975690624637985e-05	1.660646782564670e+00
1.985456249637985e-05	1.660646782564670e+00
1.995221874637985e-05	1.660646782564666e+00
2.004987499637985e-05	1.660646782564660e+00
2.014753124637985e-05	1.660646782564659e+00
2.024518749637985e-05	1.660646782564660e+00
2.034284374637984e-05	1.660646782564661e+00
2.044049999637984e-05	1.660646782564662e+00
2.053815624637984e-05	1.660646782564663e+00
2.063581249637984e-05	1.660646782564665e+00
2.073346874637984e-05	1.660646782564666e+00
2.083112499637984e-05	1.660646782564665e+00
2.092878124637984e-05	1.660646782564659e+00
2.102643749637984e-05	1.660646782564653e+00
2.112409374637984e-05	1.660646782564658e+00
2.122174999637984e-05	1.660646782564668e+00
2.131940624637984e-05	1.660646782564674e+00
2.141706249637984e-05	1.660646782564671e+00
2.151471874637984e-05	1.660646782564666e+00
2.161237499637984e-05	1.660646782564664e+00
2.171003124637984e-05	1.660646782564665e+00
2.180768749637984e-05	1.660646782564665e+00
2.190534374637984e-05	1.660646782564663e+00
2.200299999637983e-05	1.660646782564666e+00
2.210065624637983e-05	1.660646782564668e+00
2.219831249637983e-05	1.660646782564666e+00
2.229596874637983e-05	1.660646782564667e+00
2.239362499637983e-05	1.660646782564672e+00
2.249128124637983e-05	1.660646782564674e+00
2.258893749637983e-05	1.660646782564671e+00
2.268659374637983e-05	1.660646782564674e+00
2.278424999637983e-05	1.660646782564678e+00
2.288190624637983e-05	1.660646782564674e+00
2.297956249637983e-05	1.660646782564674e+00
2.307721874637983e-05	1.660646782564674e+00
2.317487499637983e-05	1.660646782564674e+00
2.327253124637983e-05	1.660646782564674e+00
2.337018749637983e-05	1.660646782564670e+00
2.346784374637983e-05	1.660646782564669e+00
2.356549999637983e-05	1.660646782564665e+00
2.366315624637982e-05	1.660646782564668e+00
2.376081249637982e-05	1.660646782564673e+00
2.385846874637982e-05	1.660646782564669e+00
2.395612499637982e-05	1.660646782564667e+00
2.405378124637982e-05	1.660646782564669e+00
2.415143749637982e-05	1.660646782564669e+00
2.424909374637982e-05	1.660646782564666e+00
2.434674999637982e-05	1.660646782564666e+00
2.444440624637982e-05	1.660646782564668e+00
2.454206249637982e-05	1.660646782564667e+00
2.463971874637982e-05	1.660646782564665e+00
2.473737499637982e-05	1.660646782564665e+00
2.483503124637982e-05	1.660646782564665e+00
2.493268749637982e-05	1.660646782564670e+00
2.503034374637982e-05	1.660646782564672e+00
2.512799999637982e-05	1.660646782564670e+00
2.522565624637982e-05	1.660646782564672e+00
2.532331249637981e-05	1.660646782564668e+00
2.542096874637981e-05	1.660646782564663e+00
2.551862499637981e-05	1.660646782564660e+00
2.561628124637981e-05	1.660646782564656e+00
2.571393749637981e-05	1.660646782564658e+00
2.581159374637981e-05	1.660646782564668e+00
2.590924999637981e-05	1.660646782564672e+00
2.600690624637981e-05	1.660646782564666e+00
2.610456249637981e-05	1.660646782564663e+00
2.620221874637981e-05	1.660646782564666e+00
2.629987499637981e-05	1.660646782564671e+00
2.639753124637981e-05	1.660646782564670e+00
2.649518749637981e-05	1.660646782564665e+00
2.659284374637981e-05	1.660646782564661e+00
2.669049999637981e-05	1.660646782564661e+00
2.678815624637981e-05	1.660646782564661e+00
2.688581249637981e-05	1.660646782564658e+00
2.698346874637980e-05	1.660646782564657e+00
2.708112499637980e-05	1.660646782564656e+00
2.717878124637980e-05	1.660646782564653e+00
2.727643749637980e-05	1.660646782564651e+00
2.737409374637980e-05	1.660646782564656e+00
2.747174999637980e-05	1.660646782564660e+00
2.756940624637980e-05	1.660646782564657e+00
2.766706249637980e-05	1.660646782564658e+00
2.776471874637980e-05	1.660646782564663e+00
2.786237499637980e-05	1.660646782564660e+00
2.796003124637980e-05	1.660646782564654e+00
2.805768749637980e-05	1.660646782564647e+00
2.815534374637980e-05	1.660646782564647e+00
2.825299999637980e-05	1.660646782564656e+00
2.835065624637980e-05	1.660646782564662e+00
2.844831249637980e-05	1.660646782564658e+00
2.854596874637980e-05	1.660646782564653e+00
2.864362499637979e-05	1.660646782564658e+00
2.874128124637979e-05	1.660646782564660e+00
2.883893749637979e-05	1.660646782564652e+00
2.893659374637979e-05	1.660646782564646e+00
2.903424999637979e-05	1.660646782564647e+00
2.913190624637979e-05	1.660646782564647e+00
2.922956249637979e-05	1.660646782564644e+00
2.932721874637979e-05	1.660646782564650e+00
2.942487499637979e-05	1.660646782564661e+00
2.952253124637979e-05	1.660646782564660e+00
2.962018749637979e-05	1.660646782564654e+00
2.971784374637979e-05	1.660646782564655e+00
2.981549999637979e-05	1.660646782564657e+00
2.991315624637979e-05	1.660646782564656e+00
3.001081249637979e-05	1.660646782564657e+00
3.010846874637979e-05	1.660646782564657e+00
3.020612499637978e-05	1.660646782564654e+00
3.030378124637978e-05	1.660646782564655e+00
3.040143749637978e-05	1.660646782564660e+00
3.049909374637978e-05	1.660646782564658e+00
3.059674999637978e-05	1.660646782564653e+00
3.069440624637979e-05	1.660646782564653e+00
3.079206249637979e-05	1.660646782564650e+00
3.088971874637979e-05	1.660646782564649e+00
3.098737499637979e-05	1.660646782564652e+00
3.108503124637980e-05	1.660646782564658e+00
3.118268749637980e-05	1.660646782564659e+00
3.128034374637980e-05	1.660646782564657e+00
3.137799999637981e-05	1.660646782564660e+00
3.147565624637981e-05	1.660646782564665e+00
3.157331249637981e-05	1.660646782564661e+00
3.167096874637981e-05	1.660646782564654e+00
3.176862499637982e-05	1.660646782564652e+00
3.186628124637982e-05	1.660646782564653e+00
3.196393749637982e-05	1.660646782564652e+00
3.206159374637982e-05	1.660646782564651e+00
3.215924999637983e-05	1.660646782564652e+00
3.225690624637983e-05	1.660646782564655e+00
3.235456249637983e-05	1.660646782564657e+00
3.245221874637984e-05	1.660646782564656e+00
3.254987499637984e-05	1.660646782564656e+00
3.264753124637984e-05	1.660646782564656e+00
3.274518749637984e-05	1.660646782564655e+00
3.284284374637985e-05	1.660646782564652e+00
3.294049999637985e-05	1.660646782564642e+00
3.303815624637985e-05	1.660646782564639e+00
3.313581249637986e-05	1.660646782564647e+00
3.323346874637986e-05	1.660646782564650e+00
3.333112499637986e-05	1.660646782564646e+00
3.342878124637986e-05	1.660646782564647e+00
3.352643749637987e-05	1.660646782564651e+00
3.362409374637987e-05	1.660646782564651e+00
3.372174999637987e-05	1.660646782564649e+00
3.381940624637987e-05	1.660646782564650e+00
3.391706249637988e-05	1.660646782564657e+00
3.401471874637988e-05	1.660646782564657e+00
3.411237499637988e-05	1.660646782564655e+00
3.421003124637989e-05	1.660646782564655e+00
3.430768749637989e-05	1.660646782564652e+00
3.440534374637989e-05	1.660646782564647e+00
3.450299999637989e-05	1.660646782564650e+00
3.460065624637990e-05	1.660646782564655e+00
3.469831249637990e-05	1.660646782564654e+00
3.479596874637990e-05	1.660646782564651e+00
3.489362499637991e-05	1.660646782564648e+00
3.499128124637991e-05	1.660646782564651e+00
3.508893749637991e-05	1.660646782564660e+00
3.518659374637991e-05	1.660646782564661e+00
3.528424999637992e-05	1.660646782564657e+00
3.538190624637992e-05	1.660646782564659e+00
3.547956249637992e-05	1.660646782564661e+00
3.557721874637993e-05	1.660646782564658e+00
3.567487499637993e-05	1.660646782564659e+00
3.577253124637993e-05	1.660646782564658e+00
3.587018749637993e-05	1.660646782564655e+00
3.596784374637994e-05	1.660646782564657e+00
3.606549999637994e-05	1.660646782564662e+00
3.616315624637994e-05	1.660646782564662e+00
3.626081249637994e-05	1.660646782564659e+00
3.635846874637995e-05	1.660646782564658e+00
3.645612499637995e-05	1.660646782564657e+00
3.655378124637995e-05	1.660646782564653e+00
3.665143749637996e-05	1.660646782564654e+00
3.674909374637996e-05	1.660646782564657e+00
3.684674999637996e-05	1.660646782564658e+00
3.694440624637996e-05	1.660646782564657e+00
3.704206249637997e-05	1.660646782564651e+00
3.713971874637997e-05	1.660646782564646e+00
3.723737499637997e-05	1.660646782564644e+00
3.733503124637998e-05	1.660646782564647e+00
3.743268749637998e-05	1.660646782564652e+00
3.753034374637998e-05	1.660646782564650e+00
3.762799999637998e-05	1.660646782564648e+00
3.772565624637999e-05	1.660646782564650e+00
3.782331249637999e-05	1.660646782564655e+00
3.792096874637999e-05	1.660646782564658e+00
3.801862499638000e-05	1.660646782564655e+00
3.811628124638000e-05	1.660646782564650e+00
3.821393749638000e-05	1.660646782564652e+00
3.831159374638000e-05	1.660646782564655e+00
3.840924999638001e-05	1.660646782564659e+00
3.850690624638001e-05	1.660646782564659e+00
3.860456249638001e-05	1.660646782564652e+00
3.870221874638001e-05	1.660646782564643e+00
3.879987499638002e-05	1.660646782564642e+00
3.889753124638002e-05	1.660646782564648e+00
3.899518749638002e-05	1.660646782564654e+00
3.909284374638003e-05	1.660646782564653e+00
3.919049999638003e-05	1.660646782564647e+00
3.928815624638003e-05	1.660646782564645e+00
3.938581249638003e-05	1.660646782564646e+00
3.948346874638004e-05	1.660646782564643e+00
3.958112499638004e-05	1.660646782564642e+00
3.967878124638004e-05	1.660646782564645e+00
3.977643749638005e-05	1.660646782564650e+00
3.987409374638005e-05	1.660646782564654e+00
3.997174999638005e-05	1.660646782564656e+00
4.006940624638005e-05	1.660646782564654e+00
4.016706249638006e-05	1.660646782564649e+00
4.026471874638006e-05	1.660646782564648e+00
4.036237499638006e-05	1.660646782564651e+00
4.046003124638007e-05	1.660646782564654e+00
4.055768749638007e-05	1.660646782564653e+00
4.065534374638007e-05	1.660646782564648e+00
4.075299999638007e-05	1.660646782564650e+00
4.085065624638008e-05	1.660646782564654e+00
4.094831249638008e-05	1.660646782564648e+00
4.104596874638008e-05	1.660646782564645e+00
4.114362499638008e-05	1.660646782564652e+00
4.124128124638009e-05	1.660646782564651e+00
4.133893749638009e-05	1.660646782564643e+00
4.143659374638009e-05	1.660646782564642e+00
4.153424999638010e-05	1.660646782564647e+00
4.163190624638010e-05	1.660646782564653e+00
4.172956249638010e-05	1.660646782564654e+00
4.182721874638010e-05	1.660646782564649e+00
4.192487499638011e-05	1.660646782564646e+00
4.202253124638011e-05	1.660646782564650e+00
4.212018749638011e-05	1.660646782564655e+00
4.221784374638012e-05	1.660646782564654e+00
4.231549999638012e-05	1.660646782564650e+00
4.241315624638012e-05	1.660646782564645e+00
4.251081249638012e-05	1.660646782564643e+00
4.260846874638013e-05	1.660646782564646e+00
4.270612499638013e-05	1.660646782564648e+00
4.280378124638013e-05	1.660646782564647e+00
4.290143749638014e-05	1.660646782564645e+00
4.299909374638014e-05	1.660646782564644e+00
4.309674999638014e-05	1.660646782564647e+00
4.319440624638014e-05	1.660646782564649e+00
4.329206249638015e-05	1.660646782564644e+00
4.338971874638015e-05	1.660646782564639e+00
4.348737499638015e-05	1.660646782564645e+00
4.358503124638015e-05	1.660646782564651e+00
4.368268749638016e-05	1.660646782564650e+00
4.378034374638016e-05	1.660646782564650e+00
4.387799999638016e-05	1.660646782564651e+00
4.397565624638017e-05	1.660646782564649e+00
4.407331249638017e-05	1.660646782564649e+00
4.417096874638017e-05	1.660646782564645e+00
4.426862499638017e-05	1.660646782564644e+00
4.436628124638018e-05	1.660646782564649e+00
4.446393749638018e-05	1.660646782564654e+00
4.456159374638018e-05	1.660646782564657e+00
4.465924999638019e-05	1.660646782564660e+00
4.475690624638019e-05	1.660646782564660e+00
4.485456249638019e-05	1.660646782564657e+00
4.495221874638019e-05	1.660646782564655e+00
4.504987499638020e-05	1.660646782564654e+00
4.514753124638020e-05	1.660646782564650e+00
4.524518749638020e-05	1.660646782564646e+00
4.534284374638021e-05	1.660646782564648e+00
4.544049999638021e-05	1.660646782564652e+00
4.553815624638021e-05	1.660646782564652e+00
4.563581249638021e-05	1.660646782564648e+00
4.573346874638022e-05	1.660646782564646e+00
4.583112499638022e-05	1.660646782564650e+00
4.592878124638022e-05	1.660646782564656e+00
4.602643749638022e-05	1.660646782564657e+00
4.612409374638023e-05	1.660646782564658e+00
4.622174999638023e-05	1.660646782564655e+00
4.631940624638023e-05	1.660646782564650e+00
4.641706249638024e-05	1.660646782564656e+00
4.651471874638024e-05	1.660646782564661e+00
4.661237499638024e-05	1.660646782564657e+00
4.671003124638024e-05	1.660646782564651e+00
4.680768749638025e-05	1.660646782564650e+00
4.690534374638025e-05	1.660646782564649e+00
4.700299999638025e-05	1.660646782564645e+00
4.710065624638026e-05	1.660646782564646e+00
4.719831249638026e-05	1.660646782564654e+00
4.729596874638026e-05	1.660646782564657e+00
4.739362499638026e-05	1.660646782564655e+00
4.749128124638027e-05	1.660646782564650e+00
4.758893749638027e-05	1.660646782564649e+00
4.768659374638027e-05	1.660646782564651e+00
4.778424999638027e-05	1.660646782564652e+00
4.788190624638028e-05	1.660646782564654e+00
4.797956249638028e-05	1.660646782564654e+00
4.807721874638028e-05	1.660646782564651e+00
4.817487499638029e-05	1.660646782564652e+00
4.827253124638029e-05	1.660646782564653e+00
4.837018749638029e-05	1.660646782564649e+00
4.846784374638029e-05	1.660646782564654e+00
4.856549999638030e-05	1.660646782564661e+00
4.866315624638030e-05	1.660646782564659e+00
4.876081249638030e-05	1.660646782564659e+00
4.885846874638031e-05	1.660646782564658e+00
4.895612499638031e-05	1.660646782564653e+00
4.905378124638031e-05	1.660646782564651e+00
4.915143749638031e-05	1.660646782564652e+00
4.924909374638032e-05	1.660646782564651e+00
4.934674999638032e-05	1.660646782564649e+00
4.944440624638032e-05	1.660646782564651e+00
4.954206249638033e-05	1.660646782564653e+00
4.963971874638033e-05	1.660646782564652e+00
4.973737499638033e-05	1.660646782564650e+00
4.983503124638033e-05	1.660646782564645e+00
4.993268749638034e-05	1.660646782564648e+00
5.003034374638034e-05	1.660646782564652e+00
5.012799999638034e-05	1.660646782564652e+00
5.022565624638034e-05	1.660646782564656e+00
5.032331249638035e-05	1.660646782564653e+00
5.042096874638035e-05	1.660646782564651e+00
5.051862499638035e-05	1.660646782564653e+00
5.061628124638036e-05	1.660646782564646e+00
5.071393749638036e-05	1.660646782564644e+00
5.081159374638036e-05	1.660646782564648e+00
5.090924999638036e-05	1.660646782564651e+00
5.100690624638037e-05	1.660646782564651e+00
5.110456249638037e-05	1.660646782564649e+00
5.120221874638037e-05	1.660646782564650e+00
5.129987499638038e-05	1.660646782564654e+00
5.139753124638038e-05	1.660646782564656e+00
5.149518749638038e-05	1.660646782564654e+00
5.159284374638038e-05	1.660646782564652e+00
5.169049999638039e-05	1.660646782564653e+00
5.178815624638039e-05	1.660646782564654e+00
5.188581249638039e-05	1.660646782564650e+00
5.198346874638040e-05	1.660646782564650e+00
5.208112499638040e-05	1.660646782564653e+00
5.217878124638040e-05	1.660646782564652e+00
5.227643749638040e-05	1.660646782564651e+00
5.237409374638041e-05	1.660646782564652e+00
5.247174999638041e-05	1.660646782564654e+00
5.256940624638041e-05	1.660646782564651e+00
5.266706249638041e-05	1.660646782564650e+00
5.276471874638042e-05	1.660646782564655e+00
5.286237499638042e-05	1.660646782564656e+00
5.296003124638042e-05	1.660646782564654e+00
5.305768749638043e-05	1.660646782564658e+00
5.315534374638043e-05	1.660646782564660e+00
5.325299999638043e-05	1.660646782564657e+00
5.335065624638043e-05	1.660646782564653e+00
5.344831249638044e-05	1.660646782564648e+00
5.354596874638044e-05	1.660646782564646e+00
5.364362499638044e-05	1.660646782564644e+00
5.374128124638045e-05	1.660646782564645e+00
5.383893749638045e-05	1.660646782564652e+00
5.393659374638045e-05	1.660646782564654e+00
5.403424999638045e-05	1.660646782564652e+00
5.413190624638046e-05	1.660646782564649e+00
5.422956249638046e-05	1.660646782564646e+00
5.432721874638046e-05	1.660646782564644e+00
5.442487499638047e-05	1.660646782564641e+00
5.452253124638047e-05	1.660646782564637e+00
5.462018749638047e-05	1.660646782564641e+00
5.471784374638047e-05	1.660646782564655e+00
5.481549999638048e-05	1.660646782564660e+00
5.491315624638048e-05	1.660646782564653e+00
5.501081249638048e-05	1.660646782564647e+00
5.510846874638048e-05	1.660646782564644e+00
5.520612499638049e-05	1.660646782564645e+00
5.530378124638049e-05	1.660646782564648e+00
5.540143749638049e-05	1.660646782564646e+00
5.549909374638050e-05	1.660646782564650e+00
5.559674999638050e-05	1.660646782564660e+00
5.569440624638050e-05	1.660646782564657e+00
5.579206249638050e-05	1.660646782564648e+00
5.588971874638051e-05	1.660646782564644e+00
5.598737499638051e-05	1.660646782564643e+00
5.608503124638051e-05	1.660646782564651e+00
5.618268749638052e-05	1.660646782564655e+00
5.628034374638052e-05	1.660646782564648e+00
5.637799999638052e-05	1.660646782564647e+00
5.647565624638052e-05	1.660646782564651e+00
5.657331249638053e-05	1.660646782564653e+00
5.667096874638053e-05	1.660646782564650e+00
5.676862499638053e-05	1.660646782564647e+00
5.686628124638054e-05	1.660646782564652e+00
5.696393749638054e-05	1.660646782564658e+00
5.706159374638054e-05	1.660646782564656e+00
5.715924999638054e-05	1.660646782564650e+00
5.725690624638055e-05	1.660646782564647e+00
5.735456249638055e-05	1.660646782564649e+00
5.745221874638055e-05	1.660646782564650e+00
5.754987499638055e-05	1.660646782564647e+00
5.764753124638056e-05	1.660646782564646e+00
5.774518749638056e-05	1.660646782564646e+00
5.784284374638056e-05	1.660646782564650e+00
5.794049999638057e-05	1.660646782564657e+00
5.803815624638057e-05	1.660646782564655e+00
5.813581249638057e-05	1.660646782564652e+00
5.823346874638057e-05	1.660646782564655e+00
5.833112499638058e-05	1.660646782564654e+00
5.842878124638058e-05	1.660646782564649e+00
5.852643749638058e-05	1.660646782564647e+00
5.862409374638059e-05	1.660646782564647e+00
5.872174999638059e-05	1.660646782564646e+00
5.881940624638059e-05	1.660646782564646e+00
5.891706249638059e-05	1.660646782564649e+00
5.901471874638060e-05	1.660646782564653e+00
5.911237499638060e-05	1.660646782564654e+00
5.921003124638060e-05	1.660646782564650e+00
5.930768749638061e-05	1.660646782564649e+00
5.940534374638061e-05	1.660646782564649e+00
5.950299999638061e-05	1.660646782564649e+00
5.960065624638061e-05	1.660646782564652e+00
5.969831249638062e-05	1.660646782564653e+00
5.979596874638062e-05	1.660646782564657e+00
5.989362499638062e-05	1.660646782564659e+00
5.999128124638062e-05	1.660646782564656e+00
6.008893749638063e-05	1.660646782564655e+00
6.018659374638063e-05	1.660646782564654e+00
6.028424999638063e-05	1.660646782564650e+00
6.038190624638064e-05	1.660646782564649e+00
6.047956249638064e-05	1.660646782564652e+00
6.057721874638064e-05	1.660646782564652e+00
6.067487499638064e-05	1.660646782564652e+00
6.077253124638065e-05	1.660646782564655e+00
6.087018749638065e-05	1.660646782564657e+00
6.096784374638065e-05	1.660646782564657e+00
6.106549999638066e-05	1.660646782564655e+00
6.116315624638066e-05	1.660646782564650e+00
6.126081249638066e-05	1.660646782564646e+00
6.135846874638066e-05	1.660646782564642e+00
6.145612499638067e-05	1.660646782564643e+00
6.155378124638067e-05	1.660646782564650e+00
6.165143749638067e-05	1.660646782564660e+00
6.174909374638067e-05	1.660646782564664e+00
6.184674999638068e-05	1.660646782564660e+00
6.194440624638068e-05	1.660646782564659e+00
6.204206249638068e-05	1.660646782564660e+00
6.213971874638069e-05	1.660646782564656e+00
6.223737499638069e-05	1.660646782564646e+00
6.233503124638069e-05	1.660646782564648e+00
6.243268749638069e-05	1.660646782564656e+00
6.253034374638070e-05	1.660646782564658e+00
6.262799999638070e-05	1.660646782564656e+00
6.272565624638070e-05	1.660646782564657e+00
6.282331249638071e-05	1.660646782564656e+00
6.292096874638071e-05	1.660646782564656e+00
6.301862499638071e-05	1.660646782564661e+00
6.311628124638071e-05	1.660646782564660e+00
6.321393749638072e-05	1.660646782564659e+00
6.331159374638072e-05	1.660646782564664e+00
6.340924999638072e-05	1.660646782564664e+00
6.350690624638073e-05	1.660646782564657e+00
6.360456249638073e-05	1.660646782564654e+00
6.370221874638073e-05	1.660646782564654e+00
6.379987499638073e-05	1.660646782564656e+00
6.389753124638074e-05	1.660646782564654e+00
6.399518749638074e-05	1.660646782564652e+00
6.409284374638074e-05	1.660646782564650e+00
6.419049999638074e-05	1.660646782564652e+00
6.428815624638075e-05	1.660646782564659e+00
6.438581249638075e-05	1.660646782564660e+00
6.448346874638075e-05	1.660646782564658e+00
6.458112499638076e-05	1.660646782564655e+00
6.467878124638076e-05	1.660646782564651e+00
6.477643749638076e-05	1.660646782564652e+00
6.487409374638076e-05	1.660646782564658e+00
6.497174999638077e-05	1.660646782564663e+00
6.506940624638077e-05	1.660646782564661e+00
6.516706249638077e-05	1.660646782564655e+00
6.526471874638078e-05	1.660646782564655e+00
6.536237499638078e-05	1.660646782564658e+00
6.546003124638078e-05	1.660646782564652e+00
6.555768749638078e-05	1.660646782564647e+00
6.565534374638079e-05	1.660646782564654e+00
6.575299999638079e-05	1.660646782564660e+00
6.585065624638079e-05	1.660646782564654e+00
6.594831249638080e-05	1.660646782564650e+00
6.604596874638080e-05	1.660646782564650e+00
6.614362499638080e-05	1.660646782564651e+00
6.624128124638080e-05	1.660646782564657e+00
6.633893749638081e-05	1.660646782564658e+00
6.643659374638081e-05	1.660646782564653e+00
6.653424999638081e-05	1.660646782564645e+00
6.663190624638081e-05	1.660646782564648e+00
6.672956249638082e-05	1.660646782564650e+00
6.682721874638082e-05	1.660646782564643e+00
6.692487499638082e-05	1.660646782564646e+00
6.702253124638083e-05	1.660646782564647e+00
6.712018749638083e-05	1.660646782564640e+00
6.721784374638083e-05	1.660646782564640e+00
6.731549999638083e-05	1.660646782564644e+00
6.741315624638084e-05	1.660646782564647e+00
6.751081249638084e-05	1.660646782564649e+00
6.760846874638084e-05	1.660646782564651e+00
6.770612499638085e-05	1.660646782564655e+00
6.780378124638085e-05	1.660646782564655e+00
6.790143749638085e-05	1.660646782564647e+00
6.799909374638085e-05	1.660646782564646e+00
6.809674999638086e-05	1.660646782564649e+00
6.819440624638086e-05	1.660646782564645e+00
6.829206249638086e-05	1.660646782564643e+00
6.838971874638087e-05	1.660646782564650e+00
6.848737499638087e-05	1.660646782564655e+00
6.858503124638087e-05	1.660646782564649e+00
6.868268749638087e-05	1.660646782564645e+00
6.878034374638088e-05	1.660646782564645e+00
6.887799999638088e-05	1.660646782564644e+00
6.897565624638088e-05	1.660646782564644e+00
6.907331249638088e-05	1.660646782564645e+00
6.917096874638089e-05	1.660646782564647e+00
6.926862499638089e-05	1.660646782564650e+00
6.936628124638089e-05	1.660646782564650e+00
6.946393749638090e-05	1.660646782564650e+00
6.956159374638090e-05	1.660646782564650e+00
6.965924999638090e-05	1.660646782564650e+00
6.975690624638090e-05	1.660646782564649e+00
6.985456249638091e-05	1.660646782564648e+00
6.995221874638091e-05	1.660646782564650e+00
7.004987499638091e-05	1.660646782564651e+00
7.014753124638092e-05	1.660646782564652e+00
7.024518749638092e-05	1.660646782564650e+00
7.034284374638092e-05	1.660646782564652e+00
7.044049999638092e-05	1.660646782564656e+00
7.053815624638093e-05	1.660646782564652e+00
7.063581249638093e-05	1.660646782564646e+00
7.073346874638093e-05	1.660646782564645e+00
7.083112499638094e-05	1.660646782564648e+00
7.092878124638094e-05	1.660646782564655e+00
7.102643749638094e-05	1.660646782564657e+00
7.112409374638094e-05	1.660646782564650e+00
7.122174999638095e-05	1.660646782564645e+00
7.131940624638095e-05	1.660646782564647e+00
7.141706249638095e-05	1.660646782564654e+00
7.151471874638095e-05	1.660646782564657e+00
7.161237499638096e-05	1.660646782564660e+00
7.171003124638096e-05	1.660646782564661e+00
7.180768749638096e-05	1.660646782564656e+00
7.190534374638097e-05	1.660646782564657e+00
7.200299999638097e-05	1.660646782564658e+00
7.210065624638097e-05	1.660646782564657e+00
7.219831249638097e-05	1.660646782564656e+00
7.229596874638098e-05	1.660646782564656e+00
7.239362499638098e-05	1.660646782564659e+00
7.249128124638098e-05	1.660646782564657e+00
7.258893749638099e-05	1.660646782564647e+00
7.268659374638099e-05	1.660646782564645e+00
7.278424999638099e-05	1.660646782564653e+00
7.288190624638099e-05	1.660646782564655e+00
7.297956249638100e-05	1.660646782564652e+00
7.307721874638100e-05	1.660646782564652e+00
7.317487499638100e-05	1.660646782564655e+00
7.327253124638101e-05	1.660646782564658e+00
7.337018749638101e-05	1.660646782564659e+00
7.346784374638101e-05	1.660646782564652e+00
7.356549999638101e-05	1.660646782564652e+00
7.366315624638102e-05	1.660646782564657e+00
7.376081249638102e-05	1.660646782564655e+00
7.385846874638102e-05	1.660646782564657e+00
7.395612499638102e-05	1.660646782564658e+00
7.405378124638103e-05	1.660646782564654e+00
7.415143749638103e-05	1.660646782564650e+00
7.424909374638103e-05	1.660646782564649e+00
7.434674999638104e-05	1.660646782564654e+00
7.444440624638104e-05	1.660646782564662e+00
7.454206249638104e-05	1.660646782564662e+00
7.463971874638104e-05	1.660646782564656e+00
7.473737499638105e-05	1.660646782564655e+00
7.483503124638105e-05	1.660646782564652e+00
7.493268749638105e-05	1.660646782564651e+00
7.503034374638106e-05	1.660646782564657e+00
7.512799999638106e-05	1.660646782564657e+00
7.522565624638106e-05	1.660646782564650e+00
7.532331249638106e-05	1.660646782564646e+00
7.542096874638107e-05	1.660646782564650e+00
7.551862499638107e-05	1.660646782564655e+00
7.561628124638107e-05	1.660646782564656e+00
7.571393749638107e-05	1.660646782564654e+00
7.581159374638108e-05	1.660646782564654e+00
7.590924999638108e-05	1.660646782564650e+00
7.600690624638108e-05	1.660646782564648e+00
7.610456249638109e-05	1.660646782564650e+00
7.620221874638109e-05	1.660646782564643e+00
7.629987499638109e-05	1.660646782564640e+00
7.639753124638109e-05	1.660646782564647e+00
7.649518749638110e-05	1.660646782564653e+00
7.659284374638110e-05	1.660646782564657e+00
7.669049999638110e-05	1.660646782564656e+00
7.678815624638111e-05	1.660646782564650e+00
7.688581249638111e-05	1.660646782564647e+00
7.698346874638111e-05	1.660646782564648e+00
7.708112499638111e-05	1.660646782564652e+00
7.717878124638112e-05	1.660646782564653e+00
7.727643749638112e-05	1.660646782564654e+00
7.737409374638112e-05	1.660646782564653e+00
7.747174999638113e-05	1.660646782564648e+00
7.756940624638113e-05	1.660646782564651e+00
7.766706249638113e-05	1.660646782564657e+00
7.776471874638113e-05	1.660646782564655e+00
7.786237499638114e-05	1.660646782564655e+00
7.796003124638114e-05	1.660646782564660e+00
7.805768749638114e-05	1.660646782564662e+00
7.815534374638114e-05	1.660646782564660e+00
7.825299999638115e-05	1.660646782564656e+00
7.835065624638115e-05	1.660646782564654e+00
7.844831249638115e-05	1.660646782564657e+00
7.854596874638116e-05	1.660646782564659e+00
7.864362499638116e-05	1.660646782564656e+00
7.874128124638116e-05	1.660646782564648e+00
7.883893749638116e-05	1.660646782564647e+00
7.893659374638117e-05	1.660646782564654e+00
7.903424999638117e-05	1.660646782564655e+00
7.913190624638117e-05	1.660646782564652e+00
7.922956249638118e-05	1.660646782564650e+00
7.932721874638118e-05	1.660646782564648e+00
7.942487499638118e-05	1.660646782564653e+00
7.952253124638118e-05	1.660646782564656e+00
7.962018749638119e-05	1.660646782564652e+00
7.971784374638119e-05	1.660646782564656e+00
7.981549999638119e-05	1.660646782564660e+00
7.991315624638120e-05	1.660646782564656e+00
8.001081249638120e-05	1.660646782564655e+00
8.010846874638120e-05	1.660646782564654e+00
8.020612499638120e-05	1.660646782564652e+00
8.030378124638121e-05	1.660646782564655e+00
8.040143749638121e-05	1.660646782564653e+00
8.049909374638121e-05	1.660646782564652e+00
8.059674999638121e-05	1.660646782564655e+00
8.069440624638122e-05	1.660646782564652e+00
8.079206249638122e-05	1.660646782564647e+00
8.088971874638122e-05	1.660646782564648e+00
8.098737499638123e-05	1.660646782564654e+00
8.108503124638123e-05	1.660646782564656e+00
8.118268749638123e-05	1.660646782564652e+00
8.128034374638123e-05	1.660646782564650e+00
8.137799999638124e-05	1.660646782564654e+00
8.147565624638124e-05	1.660646782564656e+00
8.157331249638124e-05	1.660646782564650e+00
8.167096874638125e-05	1.660646782564646e+00
8.176862499638125e-05	1.660646782564646e+00
8.186628124638125e-05	1.660646782564649e+00
8.196393749638125e-05	1.660646782564654e+00
8.206159374638126e-05	1.660646782564659e+00
8.215924999638126e-05	1.660646782564664e+00
8.225690624638126e-05	1.660646782564665e+00
8.235456249638127e-05	1.660646782564663e+00
8.245221874638127e-05	1.660646782564662e+00
8.254987499638127e-05	1.660646782564656e+00
8.264753124638127e-05	1.660646782564648e+00
8.274518749638128e-05	1.660646782564642e+00
8.284284374638128e-05	1.660646782564643e+00
8.294049999638128e-05	1.660646782564647e+00
8.303815624638128e-05	1.660646782564648e+00
8.313581249638129e-05	1.660646782564653e+00
8.323346874638129e-05	1.660646782564658e+00
8.333112499638129e-05	1.660646782564656e+00
8.342878124638130e-05	1.660646782564652e+00
8.352643749638130e-05	1.660646782564648e+00
8.362409374638130e-05	1.660646782564648e+00
8.372174999638130e-05	1.660646782564651e+00
8.381940624638131e-05	1.660646782564654e+00
8.391706249638131e-05	1.660646782564653e+00
8.401471874638131e-05	1.660646782564653e+00
8.411237499638132e-05	1.660646782564652e+00
8.421003124638132e-05	1.660646782564646e+00
8.430768749638132e-05	1.660646782564642e+00
8.440534374638132e-05	1.660646782564648e+00
8.450299999638133e-05	1.660646782564654e+00
8.460065624638133e-05	1.660646782564651e+00
8.469831249638133e-05	1.660646782564649e+00
8.479596874638134e-05	1.660646782564647e+00
8.489362499638134e-05	1.660646782564650e+00
8.499128124638134e-05	1.660646782564652e+00
8.508893749638134e-05	1.660646782564645e+00
8.518659374638135e-05	1.660646782564643e+00
8.528424999638135e-05	1.660646782564644e+00
8.538190624638135e-05	1.660646782564643e+00
8.547956249638135e-05	1.660646782564644e+00
8.557721874638136e-05	1.660646782564645e+00
8.567487499638136e-05	1.660646782564644e+00
8.577253124638136e-05	1.660646782564647e+00
8.587018749638137e-05	1.660646782564651e+00
8.596784374638137e-05	1.660646782564652e+00
8.606549999638137e-05	1.660646782564649e+00
8.616315624638137e-05	1.660646782564647e+00
8.626081249638138e-05	1.660646782564645e+00
8.635846874638138e-05	1.660646782564643e+00
8.645612499638138e-05	1.660646782564647e+00
8.655378124638139e-05	1.660646782564650e+00
8.665143749638139e-05	1.660646782564650e+00
8.674909374638139e-05	1.660646782564649e+00
8.684674999638139e-05	1.660646782564646e+00
8.694440624638140e-05	1.660646782564649e+00
8.704206249638140e-05	1.660646782564652e+00
8.713971874638140e-05	1.660646782564648e+00
8.723737499638141e-05	1.660646782564646e+00
8.733503124638141e-05	1.660646782564651e+00
8.743268749638141e-05	1.660646782564653e+00
8.753034374638141e-05	1.660646782564650e+00
8.762799999638142e-05	1.660646782564651e+00
8.772565624638142e-05	1.660646782564650e+00
8.782331249638142e-05	1.660646782564647e+00
8.792096874638142e-05	1.660646782564649e+00
8.801862499638143e-05	1.660646782564655e+00
8.811628124638143e-05	1.660646782564651e+00
8.821393749638143e-05	1.660646782564640e+00
8.831159374638144e-05	1.660646782564641e+00
8.840924999638144e-05	1.660646782564646e+00
8.850690624638144e-05	1.660646782564646e+00
8.860456249638144e-05	1.660646782564651e+00
8.870221874638145e-05	1.660646782564652e+00
8.879987499638145e-05	1.660646782564652e+00
8.889753124638145e-05	1.660646782564654e+00
8.899518749638146e-05	1.660646782564651e+00
8.909284374638146e-05	1.660646782564648e+00
8.919049999638146e-05	1.660646782564650e+00
8.928815624638146e-05	1.660646782564649e+00
8.938581249638147e-05	1.660646782564643e+00
8.948346874638147e-05	1.660646782564637e+00
8.958112499638147e-05	1.660646782564638e+00
8.967878124638147e-05	1.660646782564641e+00
8.977643749638148e-05	1.660646782564644e+00
8.987409374638148e-05	1.660646782564648e+00
8.997174999638148e-05	1.660646782564651e+00
9.006940624638149e-05	1.660646782564648e+00
9.016706249638149e-05	1.660646782564643e+00
9.026471874638149e-05	1.660646782564645e+00
9.036237499638149e-05	1.660646782564648e+00
9.046003124638150e-05	1.660646782564645e+00
9.055768749638150e-05	1.660646782564644e+00
9.065534374638150e-05	1.660646782564645e+00
9.075299999638151e-05	1.660646782564642e+00
9.085065624638151e-05	1.660646782564639e+00
9.094831249638151e-05	1.660646782564641e+00
9.104596874638151e-05	1.660646782564649e+00
9.114362499638152e-05	1.660646782564650e+00
9.124128124638152e-05	1.660646782564643e+00
9.133893749638152e-05	1.660646782564640e+00
9.143659374638153e-05	1.660646782564637e+00
9.153424999638153e-05	1.660646782564636e+00
9.163190624638153e-05	1.660646782564640e+00
9.172956249638153e-05	1.660646782564642e+00
9.182721874638154e-05	1.660646782564646e+00
9.192487499638154e-05	1.660646782564646e+00
9.202253124638154e-05	1.660646782564647e+00
9.212018749638154e-05	1.660646782564649e+00
9.221784374638155e-05	1.660646782564647e+00
9.231549999638155e-05	1.660646782564648e+00
9.241315624638155e-05	1.660646782564646e+00
9.251081249638156e-05	1.660646782564645e+00
9.260846874638156e-05	1.660646782564655e+00
9.270612499638156e-05	1.660646782564654e+00
9.280378124638156e-05	1.660646782564641e+00
9.290143749638157e-05	1.660646782564639e+00
9.299909374638157e-05	1.660646782564645e+00
9.309674999638157e-05	1.660646782564655e+00
9.319440624638158e-05	1.660646782564661e+00
9.329206249638158e-05	1.660646782564654e+00
9.338971874638158e-05	1.660646782564647e+00
9.348737499638158e-05	1.660646782564649e+00
9.358503124638159e-05	1.660646782564650e+00
9.368268749638159e-05	1.660646782564648e+00
9.378034374638159e-05	1.660646782564652e+00
9.387799999638160e-05	1.660646782564656e+00
9.397565624638160e-05	1.660646782564649e+00
9.407331249638160e-05	1.660646782564643e+00
9.417096874638160e-05	1.660646782564645e+00
9.426862499638161e-05	1.660646782564646e+00
9.436628124638161e-05	1.660646782564647e+00
9.446393749638161e-05	1.660646782564647e+00
9.456159374638161e-05	1.660646782564645e+00
9.465924999638162e-05	1.660646782564647e+00
9.475690624638162e-05	1.660646782564648e+00
9.485456249638162e-05	1.660646782564649e+00
9.495221874638163e-05	1.660646782564649e+00
9.504987499638163e-05	1.660646782564647e+00
9.514753124638163e-05	1.660646782564647e+00
9.524518749638163e-05	1.660646782564652e+00
9.534284374638164e-05	1.660646782564656e+00
9.544049999638164e-05	1.660646782564653e+00
9.553815624638164e-05	1.660646782564648e+00
9.563581249638165e-05	1.660646782564647e+00
9.573346874638165e-05	1.660646782564647e+00
9.583112499638165e-05	1.660646782564649e+00
9.592878124638165e-05	1.660646782564652e+00
9.602643749638166e-05	1.660646782564655e+00
9.612409374638166e-05	1.660646782564656e+00
9.622174999638166e-05	1.660646782564654e+00
9.631940624638167e-05	1.660646782564654e+00
9.641706249638167e-05	1.660646782564652e+00
9.651471874638167e-05	1.660646782564651e+00
9.661237499638167e-05	1.660646782564653e+00
9.671003124638168e-05	1.660646782564652e+00
9.680768749638168e-05	1.660646782564655e+00
9.690534374638168e-05	1.660646782564655e+00
9.700299999638168e-05	1.660646782564646e+00
9.710065624638169e-05	1.660646782564646e+00
9.719831249638169e-05	1.660646782564651e+00
9.729596874638169e-05	1.660646782564656e+00
9.739362499638170e-05	1.660646782564654e+00
9.749128124638170e-05	1.660646782564650e+00
9.758893749638170e-05	1.660646782564652e+00
9.768659374638170e-05	1.660646782564649e+00
9.778424999638171e-05	1.660646782564650e+00
9.788190624638171e-05	1.660646782564656e+00
9.797956249638171e-05	1.660646782564654e+00
9.807721874638172e-05	1.660646782564653e+00
9.817487499638172e-05	1.660646782564656e+00
9.827253124638172e-05	1.660646782564655e+00
9.837018749638172e-05	1.660646782564654e+00
9.846784374638173e-05	1.660646782564659e+00
9.856549999638173e-05	1.660646782564664e+00
9.866315624638173e-05	1.660646782564659e+00
9.876081249638174e-05	1.660646782564655e+00
9.885846874638174e-05	1.660646782564658e+00
9.895612499638174e-05	1.660646782564654e+00
9.905378124638174e-05	1.660646782564645e+00
9.915143749638175e-05	1.660646782564647e+00
9.924909374638175e-05	1.660646782564652e+00
9.934674999638175e-05	1.660646782564654e+00
9.944440624638175e-05	1.660646782564658e+00
9.954206249638176e-05	1.660646782564659e+00
9.963971874638176e-05	1.660646782564654e+00
9.973737499638176e-05	1.660646782564651e+00
9.983503124638177e-05	1.660646782564646e+00
9.993268749638177e-05	1.660646782564645e+00
9.999999999999999e-05	1.660646782564647e+00
