time	V(v_out)
Step Information: Ct=22p  (Step: 1/3)
0.000000000000000e+00	1.660646782564473e+00
9.765624940649698e-12	1.660646782564093e+00
1.183382532420107e-11	1.660646782563993e+00
1.597022609130382e-11	1.660646782563681e+00
2.424302762550931e-11	1.660646782562205e+00
4.078863069392031e-11	1.660646782551628e+00
7.387983683074229e-11	1.660646782494004e+00
1.204421973995384e-10	1.660646782383004e+00
1.712375318736941e-10	1.660646782464333e+00
2.223502385471090e-10	1.660646783254288e+00
2.690964003364354e-10	1.660646785179603e+00
3.186314515193561e-10	1.660646788767044e+00
3.875813249893214e-10	1.660646795046499e+00
4.451621574457675e-10	1.660646799560444e+00
5.084646837508301e-10	1.660646801802115e+00
5.687477620610974e-10	1.660646801097587e+00
6.448731055999228e-10	1.660646799248318e+00
7.002894335923277e-10	1.660646800744488e+00
7.693378733626978e-10	1.660646809149502e+00
8.412000890241849e-10	1.660646824301063e+00
9.102751756027098e-10	1.660646842118149e+00
9.729072074199607e-10	1.660646858036138e+00
1.060750665814977e-09	1.660646879300376e+00
1.150870433742963e-09	1.660646904469018e+00
1.247611615587339e-09	1.660646941740599e+00
1.349226844328859e-09	1.660646996330279e+00
1.456209097800371e-09	1.660647072493247e+00
1.564787806120426e-09	1.660647171583652e+00
1.665765483884026e-09	1.660647287760669e+00
1.770387114660245e-09	1.660647436414682e+00
1.883791535224494e-09	1.660647634576442e+00
2.007838966526784e-09	1.660647908426986e+00
2.138499324355276e-09	1.660648281273308e+00
2.273927605079299e-09	1.660648779044105e+00
2.424240129072394e-09	1.660649470629831e+00
2.554171676458512e-09	1.660650211312630e+00
2.689874927789621e-09	1.660651163996989e+00
2.817272780537017e-09	1.660652254919386e+00
2.953571573725142e-09	1.660653680453518e+00
3.119467078573511e-09	1.660655799881077e+00
3.290244255035029e-09	1.660658506965729e+00
3.495371572560042e-09	1.660662571499715e+00
3.699884948031978e-09	1.660667620510117e+00
3.900594576983424e-09	1.660673727383567e+00
4.086327403076228e-09	1.660680588377217e+00
4.276811941579229e-09	1.660689028012471e+00
4.466620395881686e-09	1.660699080591691e+00
4.679118182600276e-09	1.660712178129083e+00
4.786899494423933e-09	1.660719930464983e+00
5.000000000000000e-09	1.660736992660263e+00
5.021310050557607e-09	1.660738933309906e+00
5.063930151672821e-09	1.660742918076961e+00
5.149170353903248e-09	1.660751353694249e+00
5.284821284602733e-09	1.660765895246163e+00
5.419527873743857e-09	1.660781812788209e+00
5.559264473243327e-09	1.660800157050324e+00
5.695425214403910e-09	1.660820028469534e+00
5.840203783939580e-09	1.660843574220949e+00
5.997223968516931e-09	1.660872249064450e+00
6.188403900137269e-09	1.660911585420250e+00
6.361477212853195e-09	1.660951586442556e+00
6.510109207035982e-09	1.660990115398620e+00
6.680688880099384e-09	1.661039259589397e+00
6.839461945300593e-09	1.661089878233369e+00
7.007197353793652e-09	1.661149378387076e+00
7.213244211247740e-09	1.661232209349495e+00
7.407557606820715e-09	1.661323995883166e+00
7.580626189646149e-09	1.661417381099718e+00
7.696339287870628e-09	1.661480445624032e+00
7.776762815219408e-09	1.661519659834833e+00
7.850924531765136e-09	1.661552547663373e+00
7.905569566863829e-09	1.661578443672717e+00
7.967259765605031e-09	1.661613625991280e+00
8.034360339887081e-09	1.661659981717750e+00
8.111459346405087e-09	1.661720286156937e+00
8.216096627933016e-09	1.661803371157997e+00
8.340693985678441e-09	1.661894378438774e+00
8.471979276953502e-09	1.661983141058545e+00
8.634614020765971e-09	1.662101844853361e+00
8.832657555491508e-09	1.662270723495452e+00
9.032882094662362e-09	1.662452055217210e+00
9.281607560629704e-09	1.662673921880392e+00
9.494599772663083e-09	1.662874397843169e+00
9.716551588903865e-09	1.663105540047102e+00
9.891889987749874e-09	1.663293195274827e+00
1.008238172053205e-08	1.663493848856675e+00
1.029105448378581e-08	1.663723794433828e+00
1.050790411543885e-08	1.663981246013830e+00
1.070816580139431e-08	1.664223179864831e+00
1.091929492091251e-08	1.664475438387110e+00
1.109632297877222e-08	1.664695357442826e+00
1.129110638546858e-08	1.664950895282773e+00
1.154562159188825e-08	1.665287521495925e+00
1.177918169546843e-08	1.665595981671708e+00
1.201493763579296e-08	1.665918431493542e+00
1.224679677758456e-08	1.666245554033552e+00
1.241636260177562e-08	1.666482596537174e+00
1.260308147273946e-08	1.666742366940019e+00
1.279457706151278e-08	1.667016843896210e+00
1.299351457695060e-08	1.667307915752005e+00
1.319537341859543e-08	1.667599768692586e+00
1.340235285978250e-08	1.667896445303897e+00
1.356237716088581e-08	1.668130560997440e+00
1.375270408768707e-08	1.668413357220406e+00
1.393935359013686e-08	1.668686837654447e+00
1.412874788630108e-08	1.668960581516032e+00
1.430917114861879e-08	1.669224340129517e+00
1.448569705661540e-08	1.669485955620293e+00
1.463997120522304e-08	1.669712170142114e+00
1.480203167728165e-08	1.669945096587333e+00
1.495058829587446e-08	1.670158515213252e+00
1.512152764908156e-08	1.670407081744252e+00
1.533187721093983e-08	1.670712002454093e+00
1.553872722109019e-08	1.671006166812426e+00
1.574607274670606e-08	1.671298243945645e+00
1.589416569642510e-08	1.671508183401792e+00
1.606455787443827e-08	1.671748931616477e+00
1.627108395424598e-08	1.672035084870086e+00
1.643223951895393e-08	1.672255253814769e+00
1.660189037803052e-08	1.672487116646207e+00
1.682558255349774e-08	1.672792018933807e+00
1.701941796129790e-08	1.673051287373544e+00
1.722068566455519e-08	1.673315875192380e+00
1.743518630772764e-08	1.673596660114852e+00
1.766281415389644e-08	1.673891680469719e+00
1.792424743327543e-08	1.674223201672054e+00
1.815489459455005e-08	1.674511053101901e+00
1.836278976035515e-08	1.674768529762421e+00
1.857715772487408e-08	1.675029689599106e+00
1.881999023430602e-08	1.675318845990219e+00
1.905869222688715e-08	1.675599334723627e+00
1.927625263039558e-08	1.675851748948550e+00
1.955152600162010e-08	1.676163837925045e+00
1.982964144707183e-08	1.676472305823429e+00
2.008682952536073e-08	1.676752685927074e+00
2.041616235929898e-08	1.677102738854893e+00
2.081985695181822e-08	1.677519004177337e+00
2.122694546232853e-08	1.677927034724558e+00
2.162493383145149e-08	1.678312713652806e+00
2.204004319081432e-08	1.678701081878814e+00
2.248650679620385e-08	1.679105118793452e+00
2.294583375088378e-08	1.679505638228693e+00
2.335095744010400e-08	1.679846658286198e+00
2.376094916433600e-08	1.680180648283441e+00
2.415086225728755e-08	1.680487207895659e+00
2.455963693411754e-08	1.680797813546649e+00
2.507279136760452e-08	1.681172701756462e+00
2.575954362432960e-08	1.681651737713384e+00
2.640127016811079e-08	1.682078308516649e+00
2.704039014601199e-08	1.682481861589745e+00
2.766452925034695e-08	1.682857288146568e+00
2.829601422075520e-08	1.683219233327240e+00
2.897313774913147e-08	1.683588259875164e+00
2.972388064759505e-08	1.683975672314144e+00
3.072711290611877e-08	1.684462740734031e+00
3.172242256788006e-08	1.684915139604064e+00
3.278967265664995e-08	1.685367261669820e+00
3.385364278982699e-08	1.685787627493469e+00
3.490794962854194e-08	1.686176308248236e+00
3.594565129215469e-08	1.686533800841040e+00
3.696198821125921e-08	1.686861731901349e+00
3.795963883958129e-08	1.687163427776821e+00
3.895474585693504e-08	1.687445922735067e+00
3.995821746671378e-08	1.687713041064962e+00
4.100505274653899e-08	1.687973925815683e+00
4.212943479051062e-08	1.688235059046223e+00
4.340206499840903e-08	1.688508074532903e+00
4.492017643200550e-08	1.688804641926963e+00
4.687966516079387e-08	1.689145937032516e+00
4.922256208360035e-08	1.689501891463570e+00
5.176405617300421e-08	1.689830275824955e+00
5.468223473276704e-08	1.690144380731664e+00
5.777363855106798e-08	1.690416827070427e+00
6.114958800774067e-08	1.690656515034357e+00
6.473035128256162e-08	1.690859016328497e+00
6.853578696811885e-08	1.691028416907462e+00
7.256073685447197e-08	1.691167844575777e+00
7.679994826866905e-08	1.691280557516418e+00
8.126516293635060e-08	1.691370231756175e+00
8.596095623384295e-08	1.691440271701621e+00
9.084371945426275e-08	1.691493445499290e+00
9.592257208132480e-08	1.691533167022913e+00
1.011719560660769e-07	1.691562173657657e+00
1.065855666547864e-07	1.691582915362493e+00
1.121555019353729e-07	1.691597377632201e+00
1.178721611129723e-07	1.691607131712257e+00
1.237340561513243e-07	1.691613417749608e+00
1.297373374733029e-07	1.691617157044817e+00
1.361384815873364e-07	1.691619116549776e+00
1.430660244665016e-07	1.691619679065051e+00
1.507921263829372e-07	1.691619095586336e+00
1.597310129884598e-07	1.691617434912547e+00
1.704528974021308e-07	1.691614682141565e+00
1.826292299747309e-07	1.691611003999581e+00
1.969856851063250e-07	1.691606305687344e+00
2.136459770527967e-07	1.691600619182062e+00
2.329391888382140e-07	1.691593899150152e+00
2.555127888613106e-07	1.691585936979462e+00
2.816271561743532e-07	1.691576656079301e+00
3.120967603894657e-07	1.691565759194523e+00
3.474929982943290e-07	1.691553050900454e+00
3.886752996816970e-07	1.691538233106868e+00
4.366163999878280e-07	1.691520998586840e+00
4.923783748691911e-07	1.691501033155060e+00
5.573039587229291e-07	1.691477977586130e+00
6.328723487212147e-07	1.691451484278848e+00
7.208478903962642e-07	1.691421198207165e+00
8.232962335404769e-07	1.691386768198450e+00
9.425752003897947e-07	1.691347889406363e+00
1.081506981715424e-06	1.691304275595943e+00
1.243295211564010e-06	1.691255736750160e+00
1.431758241445324e-06	1.691202172112479e+00
1.655832045625757e-06	1.691142547329686e+00
1.943753951426175e-06	1.691072030478435e+00
2.329384504584483e-06	1.690987431893839e+00
2.885594970576078e-06	1.690882449409566e+00
3.662025396839279e-06	1.690762570217980e+00
4.638587896839279e-06	1.690644956154623e+00
5.615150396839279e-06	1.690556536338636e+00
6.591712896839279e-06	1.690491418077689e+00
7.568275396839279e-06	1.690443460636579e+00
8.544837896839279e-06	1.690408141569098e+00
9.521400396839279e-06	1.690382130244863e+00
1.049796289683928e-05	1.690362973765523e+00
1.147452539683928e-05	1.690348865652977e+00
1.245108789683928e-05	1.690338475495390e+00
1.342765039683928e-05	1.690330823488303e+00
1.440421289683928e-05	1.690325188038112e+00
1.538077539683928e-05	1.690321037715466e+00
1.635733789683929e-05	1.690317981140239e+00
1.733390039683929e-05	1.690315730073974e+00
1.831046289683929e-05	1.690314072238244e+00
1.928702539683929e-05	1.690312851297072e+00
2.026358789683929e-05	1.690311952114160e+00
2.124015039683929e-05	1.690311289895707e+00
2.221671289683929e-05	1.690310802193767e+00
2.319327539683929e-05	1.690310443017544e+00
2.416983789683929e-05	1.690310178496134e+00
2.514640039683929e-05	1.690309983684843e+00
2.612296289683929e-05	1.690309840212685e+00
2.709952539683929e-05	1.690309734550228e+00
2.807608789683930e-05	1.690309656733347e+00
2.905265039683930e-05	1.690309599423844e+00
3.002921289683930e-05	1.690309557217245e+00
3.100577539683930e-05	1.690309526133484e+00
3.198233789683930e-05	1.690309503241293e+00
3.295890039683930e-05	1.690309486381990e+00
3.393546289683930e-05	1.690309473965657e+00
3.491202539683930e-05	1.690309464821470e+00
3.588858789683930e-05	1.690309458087031e+00
3.686515039683930e-05	1.690309453127353e+00
3.784171289683930e-05	1.690309449474702e+00
3.881827539683931e-05	1.690309446784694e+00
3.979483789683931e-05	1.690309444803574e+00
4.077140039683931e-05	1.690309443344548e+00
4.174796289683931e-05	1.690309442269986e+00
4.272452539683931e-05	1.690309441478647e+00
4.370108789683931e-05	1.690309440895839e+00
4.467765039683931e-05	1.690309440466638e+00
4.565421289683931e-05	1.690309440150518e+00
4.663077539683931e-05	1.690309439917726e+00
4.760733789683931e-05	1.690309439746242e+00
4.858390039683931e-05	1.690309439619972e+00
4.956046289683931e-05	1.690309439526967e+00
5.053702539683932e-05	1.690309439458500e+00
5.151358789683932e-05	1.690309439408059e+00
5.249015039683932e-05	1.690309439370926e+00
5.346671289683932e-05	1.690309439343548e+00
5.444327539683932e-05	1.690309439323420e+00
5.541983789683932e-05	1.690309439308578e+00
5.639640039683932e-05	1.690309439297661e+00
5.737296289683932e-05	1.690309439289594e+00
5.834952539683932e-05	1.690309439283683e+00
5.932608789683932e-05	1.690309439279314e+00
6.030265039683932e-05	1.690309439276111e+00
6.127921289683933e-05	1.690309439273729e+00
6.225577539683933e-05	1.690309439271998e+00
6.323233789683933e-05	1.690309439270684e+00
6.420890039683933e-05	1.690309439269739e+00
6.518546289683933e-05	1.690309439269038e+00
6.616202539683933e-05	1.690309439268550e+00
6.713858789683933e-05	1.690309439268161e+00
6.811515039683933e-05	1.690309439267893e+00
6.909171289683933e-05	1.690309439267674e+00
7.006827539683933e-05	1.690309439267543e+00
7.104483789683933e-05	1.690309439267429e+00
7.202140039683933e-05	1.690309439267359e+00
7.299796289683934e-05	1.690309439267290e+00
7.397452539683934e-05	1.690309439267262e+00
7.495108789683934e-05	1.690309439267206e+00
7.592765039683934e-05	1.690309439267181e+00
7.690421289683934e-05	1.690309439267154e+00
7.788077539683934e-05	1.690309439267168e+00
7.885733789683934e-05	1.690309439267151e+00
7.983390039683934e-05	1.690309439267152e+00
8.081046289683934e-05	1.690309439267129e+00
8.178702539683934e-05	1.690309439267146e+00
8.276358789683934e-05	1.690309439267138e+00
8.374015039683935e-05	1.690309439267146e+00
8.471671289683935e-05	1.690309439267129e+00
8.569327539683935e-05	1.690309439267142e+00
8.666983789683935e-05	1.690309439267132e+00
8.764640039683935e-05	1.690309439267139e+00
8.862296289683935e-05	1.690309439267111e+00
8.959952539683935e-05	1.690309439267115e+00
9.057608789683935e-05	1.690309439267105e+00
9.155265039683935e-05	1.690309439267126e+00
9.252921289683935e-05	1.690309439267112e+00
9.350577539683935e-05	1.690309439267119e+00
9.448233789683935e-05	1.690309439267109e+00
9.545890039683936e-05	1.690309439267121e+00
9.643546289683936e-05	1.690309439267101e+00
9.741202539683936e-05	1.690309439267111e+00
9.838858789683936e-05	1.690309439267106e+00
9.936515039683936e-05	1.690309439267131e+00
1.003417128968394e-04	1.690309439267121e+00
1.013182753968394e-04	1.690309439267132e+00
1.022948378968394e-04	1.690309439267123e+00
1.032714003968394e-04	1.690309439267131e+00
1.042479628968394e-04	1.690309439267109e+00
1.052245253968394e-04	1.690309439267116e+00
1.062010878968394e-04	1.690309439267103e+00
1.071776503968394e-04	1.690309439267121e+00
1.081542128968394e-04	1.690309439267110e+00
1.091307753968394e-04	1.690309439267126e+00
1.101073378968394e-04	1.690309439267118e+00
1.110839003968394e-04	1.690309439267128e+00
1.120604628968394e-04	1.690309439267105e+00
1.130370253968394e-04	1.690309439267111e+00
1.140135878968394e-04	1.690309439267096e+00
1.149901503968394e-04	1.690309439267114e+00
1.159667128968394e-04	1.690309439267108e+00
1.169432753968394e-04	1.690309439267121e+00
1.179198378968394e-04	1.690309439267108e+00
1.188964003968394e-04	1.690309439267120e+00
1.198729628968394e-04	1.690309439267107e+00
1.208495253968394e-04	1.690309439267127e+00
1.218260878968394e-04	1.690309439267122e+00
1.228026503968394e-04	1.690309439267140e+00
1.237792128968394e-04	1.690309439267122e+00
1.247557753968394e-04	1.690309439267129e+00
1.257323378968394e-04	1.690309439267123e+00
1.267089003968394e-04	1.690309439267135e+00
1.276854628968394e-04	1.690309439267115e+00
1.286620253968394e-04	1.690309439267134e+00
1.296385878968394e-04	1.690309439267130e+00
1.306151503968394e-04	1.690309439267140e+00
1.315917128968394e-04	1.690309439267118e+00
1.325682753968394e-04	1.690309439267126e+00
1.335448378968394e-04	1.690309439267109e+00
1.345214003968394e-04	1.690309439267120e+00
1.354979628968394e-04	1.690309439267107e+00
1.364745253968394e-04	1.690309439267125e+00
1.374510878968394e-04	1.690309439267120e+00
1.384276503968394e-04	1.690309439267134e+00
1.394042128968394e-04	1.690309439267120e+00
1.403807753968394e-04	1.690309439267134e+00
1.413573378968394e-04	1.690309439267120e+00
1.423339003968394e-04	1.690309439267138e+00
1.433104628968394e-04	1.690309439267130e+00
1.442870253968394e-04	1.690309439267137e+00
1.452635878968394e-04	1.690309439267115e+00
1.462401503968394e-04	1.690309439267124e+00
1.472167128968394e-04	1.690309439267099e+00
1.481932753968394e-04	1.690309439267110e+00
1.491698378968394e-04	1.690309439267110e+00
1.501464003968394e-04	1.690309439267127e+00
1.511229628968394e-04	1.690309439267108e+00
1.520995253968394e-04	1.690309439267115e+00
1.530760878968394e-04	1.690309439267098e+00
1.540526503968394e-04	1.690309439267117e+00
1.550292128968394e-04	1.690309439267110e+00
1.560057753968394e-04	1.690309439267122e+00
1.569823378968394e-04	1.690309439267100e+00
1.579589003968394e-04	1.690309439267099e+00
1.589354628968394e-04	1.690309439267078e+00
1.599120253968394e-04	1.690309439267101e+00
1.608885878968394e-04	1.690309439267094e+00
1.618651503968394e-04	1.690309439267111e+00
1.628417128968394e-04	1.690309439267106e+00
1.638182753968394e-04	1.690309439267127e+00
1.647948378968394e-04	1.690309439267111e+00
1.657714003968394e-04	1.690309439267124e+00
1.667479628968394e-04	1.690309439267113e+00
1.677245253968394e-04	1.690309439267119e+00
1.687010878968394e-04	1.690309439267101e+00
1.696776503968394e-04	1.690309439267124e+00
1.706542128968394e-04	1.690309439267107e+00
1.716307753968394e-04	1.690309439267120e+00
1.726073378968394e-04	1.690309439267106e+00
1.735839003968394e-04	1.690309439267118e+00
1.745604628968394e-04	1.690309439267113e+00
1.755370253968394e-04	1.690309439267129e+00
1.765135878968394e-04	1.690309439267112e+00
1.774901503968394e-04	1.690309439267123e+00
1.784667128968394e-04	1.690309439267111e+00
1.794432753968394e-04	1.690309439267130e+00
1.804198378968394e-04	1.690309439267118e+00
1.813964003968394e-04	1.690309439267131e+00
1.823729628968394e-04	1.690309439267116e+00
1.833495253968394e-04	1.690309439267138e+00
1.843260878968394e-04	1.690309439267129e+00
1.853026503968394e-04	1.690309439267133e+00
1.862792128968394e-04	1.690309439267100e+00
1.872557753968394e-04	1.690309439267109e+00
1.882323378968394e-04	1.690309439267113e+00
1.892089003968394e-04	1.690309439267137e+00
1.901854628968394e-04	1.690309439267122e+00
1.911620253968394e-04	1.690309439267139e+00
1.921385878968394e-04	1.690309439267128e+00
1.931151503968394e-04	1.690309439267146e+00
1.940917128968394e-04	1.690309439267127e+00
1.950682753968394e-04	1.690309439267139e+00
1.960448378968394e-04	1.690309439267127e+00
1.970214003968394e-04	1.690309439267138e+00
1.979979628968394e-04	1.690309439267120e+00
1.989745253968394e-04	1.690309439267124e+00
1.999510878968394e-04	1.690309439267096e+00
2.009276503968394e-04	1.690309439267112e+00
2.019042128968394e-04	1.690309439267108e+00
2.028807753968394e-04	1.690309439267124e+00
2.038573378968394e-04	1.690309439267106e+00
2.048339003968394e-04	1.690309439267120e+00
2.058104628968394e-04	1.690309439267106e+00
2.067870253968394e-04	1.690309439267124e+00
2.077635878968394e-04	1.690309439267114e+00
2.087401503968394e-04	1.690309439267133e+00
2.097167128968394e-04	1.690309439267120e+00
2.106932753968394e-04	1.690309439267142e+00
2.116698378968394e-04	1.690309439267136e+00
2.126464003968394e-04	1.690309439267144e+00
2.136229628968394e-04	1.690309439267109e+00
2.145995253968394e-04	1.690309439267114e+00
2.155760878968394e-04	1.690309439267107e+00
2.165526503968394e-04	1.690309439267128e+00
2.175292128968395e-04	1.690309439267110e+00
2.185057753968395e-04	1.690309439267128e+00
2.194823378968395e-04	1.690309439267117e+00
2.204589003968395e-04	1.690309439267135e+00
2.214354628968395e-04	1.690309439267122e+00
2.224120253968395e-04	1.690309439267138e+00
2.233885878968395e-04	1.690309439267123e+00
2.243651503968395e-04	1.690309439267137e+00
2.253417128968395e-04	1.690309439267119e+00
2.263182753968395e-04	1.690309439267137e+00
2.272948378968395e-04	1.690309439267117e+00
2.282714003968395e-04	1.690309439267117e+00
2.292479628968395e-04	1.690309439267099e+00
2.302245253968395e-04	1.690309439267123e+00
2.312010878968395e-04	1.690309439267113e+00
2.321776503968395e-04	1.690309439267124e+00
2.331542128968395e-04	1.690309439267099e+00
2.341307753968395e-04	1.690309439267115e+00
2.351073378968395e-04	1.690309439267107e+00
2.360839003968395e-04	1.690309439267126e+00
2.370604628968395e-04	1.690309439267113e+00
2.380370253968395e-04	1.690309439267123e+00
2.390135878968395e-04	1.690309439267093e+00
2.399901503968395e-04	1.690309439267103e+00
2.409667128968395e-04	1.690309439267092e+00
2.419432753968395e-04	1.690309439267123e+00
2.429198378968395e-04	1.690309439267119e+00
2.438964003968395e-04	1.690309439267138e+00
2.448729628968394e-04	1.690309439267121e+00
2.458495253968394e-04	1.690309439267134e+00
2.468260878968394e-04	1.690309439267114e+00
2.478026503968395e-04	1.690309439267128e+00
2.487792128968395e-04	1.690309439267113e+00
2.497557753968395e-04	1.690309439267135e+00
2.507323378968395e-04	1.690309439267129e+00
2.517089003968395e-04	1.690309439267149e+00
2.526854628968395e-04	1.690309439267124e+00
2.536620253968395e-04	1.690309439267124e+00
2.546385878968395e-04	1.690309439267103e+00
2.556151503968395e-04	1.690309439267121e+00
2.565917128968395e-04	1.690309439267101e+00
2.575682753968395e-04	1.690309439267115e+00
2.585448378968395e-04	1.690309439267107e+00
2.595214003968395e-04	1.690309439267137e+00
2.604979628968395e-04	1.690309439267121e+00
2.614745253968395e-04	1.690309439267129e+00
2.624510878968395e-04	1.690309439267112e+00
2.634276503968395e-04	1.690309439267136e+00
2.644042128968395e-04	1.690309439267119e+00
2.653807753968395e-04	1.690309439267123e+00
2.663573378968395e-04	1.690309439267105e+00
2.673339003968395e-04	1.690309439267127e+00
2.683104628968395e-04	1.690309439267113e+00
2.692870253968395e-04	1.690309439267131e+00
2.702635878968395e-04	1.690309439267115e+00
2.712401503968395e-04	1.690309439267127e+00
2.722167128968395e-04	1.690309439267113e+00
2.731932753968395e-04	1.690309439267131e+00
2.741698378968395e-04	1.690309439267107e+00
2.751464003968395e-04	1.690309439267122e+00
2.761229628968395e-04	1.690309439267106e+00
2.770995253968395e-04	1.690309439267128e+00
2.780760878968395e-04	1.690309439267118e+00
2.790526503968395e-04	1.690309439267137e+00
2.800292128968395e-04	1.690309439267122e+00
2.810057753968395e-04	1.690309439267129e+00
2.819823378968395e-04	1.690309439267099e+00
2.829589003968395e-04	1.690309439267116e+00
2.839354628968395e-04	1.690309439267101e+00
2.849120253968395e-04	1.690309439267115e+00
2.858885878968395e-04	1.690309439267100e+00
2.868651503968395e-04	1.690309439267123e+00
2.878417128968395e-04	1.690309439267102e+00
2.888182753968395e-04	1.690309439267117e+00
2.897948378968395e-04	1.690309439267102e+00
2.907714003968395e-04	1.690309439267112e+00
2.917479628968395e-04	1.690309439267101e+00
2.927245253968395e-04	1.690309439267125e+00
2.937010878968395e-04	1.690309439267110e+00
2.946776503968395e-04	1.690309439267132e+00
2.956542128968395e-04	1.690309439267113e+00
2.966307753968395e-04	1.690309439267129e+00
2.976073378968395e-04	1.690309439267106e+00
2.985839003968395e-04	1.690309439267117e+00
2.995604628968395e-04	1.690309439267100e+00
3.005370253968395e-04	1.690309439267121e+00
3.015135878968395e-04	1.690309439267107e+00
3.024901503968395e-04	1.690309439267124e+00
3.034667128968395e-04	1.690309439267108e+00
3.044432753968395e-04	1.690309439267126e+00
3.054198378968395e-04	1.690309439267103e+00
3.063964003968395e-04	1.690309439267121e+00
3.073729628968395e-04	1.690309439267101e+00
3.083495253968395e-04	1.690309439267115e+00
3.093260878968395e-04	1.690309439267105e+00
3.103026503968395e-04	1.690309439267132e+00
3.112792128968395e-04	1.690309439267119e+00
3.122557753968395e-04	1.690309439267132e+00
3.132323378968395e-04	1.690309439267104e+00
3.142089003968395e-04	1.690309439267121e+00
3.151854628968395e-04	1.690309439267114e+00
3.161620253968395e-04	1.690309439267134e+00
3.171385878968395e-04	1.690309439267111e+00
3.181151503968395e-04	1.690309439267128e+00
3.190917128968395e-04	1.690309439267107e+00
3.200682753968395e-04	1.690309439267126e+00
3.210448378968395e-04	1.690309439267122e+00
3.220214003968395e-04	1.690309439267149e+00
3.229979628968395e-04	1.690309439267123e+00
3.239745253968395e-04	1.690309439267128e+00
3.249510878968395e-04	1.690309439267104e+00
3.259276503968395e-04	1.690309439267121e+00
3.269042128968395e-04	1.690309439267108e+00
3.278807753968395e-04	1.690309439267136e+00
3.288573378968395e-04	1.690309439267121e+00
3.298339003968395e-04	1.690309439267135e+00
3.308104628968395e-04	1.690309439267119e+00
3.317870253968395e-04	1.690309439267144e+00
3.327635878968395e-04	1.690309439267114e+00
3.337401503968395e-04	1.690309439267116e+00
3.347167128968395e-04	1.690309439267092e+00
3.356932753968395e-04	1.690309439267112e+00
3.366698378968395e-04	1.690309439267109e+00
3.376464003968395e-04	1.690309439267150e+00
3.386229628968395e-04	1.690309439267137e+00
3.395995253968395e-04	1.690309439267142e+00
3.405760878968395e-04	1.690309439267111e+00
3.415526503968395e-04	1.690309439267129e+00
3.425292128968395e-04	1.690309439267119e+00
3.435057753968395e-04	1.690309439267139e+00
3.444823378968395e-04	1.690309439267115e+00
3.454589003968395e-04	1.690309439267129e+00
3.464354628968395e-04	1.690309439267110e+00
3.474120253968395e-04	1.690309439267130e+00
3.483885878968395e-04	1.690309439267103e+00
3.493651503968395e-04	1.690309439267116e+00
3.503417128968395e-04	1.690309439267101e+00
3.513182753968395e-04	1.690309439267125e+00
3.522948378968395e-04	1.690309439267105e+00
3.532714003968395e-04	1.690309439267119e+00
3.542479628968395e-04	1.690309439267101e+00
3.552245253968395e-04	1.690309439267123e+00
3.562010878968395e-04	1.690309439267096e+00
3.571776503968395e-04	1.690309439267108e+00
3.581542128968395e-04	1.690309439267093e+00
3.591307753968395e-04	1.690309439267118e+00
3.601073378968396e-04	1.690309439267098e+00
3.610839003968396e-04	1.690309439267110e+00
3.620604628968396e-04	1.690309439267085e+00
3.630370253968396e-04	1.690309439267106e+00
3.640135878968396e-04	1.690309439267093e+00
3.649901503968396e-04	1.690309439267119e+00
3.659667128968396e-04	1.690309439267104e+00
3.669432753968396e-04	1.690309439267125e+00
3.679198378968396e-04	1.690309439267104e+00
3.688964003968396e-04	1.690309439267124e+00
3.698729628968396e-04	1.690309439267108e+00
3.708495253968396e-04	1.690309439267131e+00
3.718260878968396e-04	1.690309439267116e+00
3.728026503968396e-04	1.690309439267133e+00
3.737792128968396e-04	1.690309439267108e+00
3.747557753968396e-04	1.690309439267125e+00
3.757323378968396e-04	1.690309439267097e+00
3.767089003968396e-04	1.690309439267111e+00
3.776854628968396e-04	1.690309439267093e+00
3.786620253968396e-04	1.690309439267120e+00
3.796385878968396e-04	1.690309439267109e+00
3.806151503968396e-04	1.690309439267134e+00
3.815917128968396e-04	1.690309439267113e+00
3.825682753968396e-04	1.690309439267128e+00
3.835448378968396e-04	1.690309439267104e+00
3.845214003968396e-04	1.690309439267124e+00
3.854979628968396e-04	1.690309439267113e+00
3.864745253968396e-04	1.690309439267137e+00
3.874510878968396e-04	1.690309439267117e+00
3.884276503968396e-04	1.690309439267136e+00
3.894042128968396e-04	1.690309439267113e+00
3.903807753968396e-04	1.690309439267136e+00
3.913573378968396e-04	1.690309439267119e+00
3.923339003968396e-04	1.690309439267131e+00
3.933104628968396e-04	1.690309439267112e+00
3.942870253968396e-04	1.690309439267140e+00
3.952635878968396e-04	1.690309439267129e+00
3.962401503968396e-04	1.690309439267145e+00
3.972167128968396e-04	1.690309439267114e+00
3.981932753968396e-04	1.690309439267127e+00
3.991698378968396e-04	1.690309439267096e+00
4.001464003968396e-04	1.690309439267113e+00
4.011229628968396e-04	1.690309439267100e+00
4.020995253968396e-04	1.690309439267126e+00
4.030760878968396e-04	1.690309439267110e+00
4.040526503968396e-04	1.690309439267129e+00
4.050292128968396e-04	1.690309439267106e+00
4.060057753968396e-04	1.690309439267123e+00
4.069823378968396e-04	1.690309439267103e+00
4.079589003968396e-04	1.690309439267126e+00
4.089354628968396e-04	1.690309439267104e+00
4.099120253968396e-04	1.690309439267127e+00
4.108885878968396e-04	1.690309439267115e+00
4.118651503968396e-04	1.690309439267137e+00
4.128417128968396e-04	1.690309439267107e+00
4.138182753968396e-04	1.690309439267121e+00
4.147948378968396e-04	1.690309439267107e+00
4.157714003968396e-04	1.690309439267133e+00
4.167479628968396e-04	1.690309439267113e+00
4.177245253968396e-04	1.690309439267140e+00
4.187010878968396e-04	1.690309439267124e+00
4.196776503968396e-04	1.690309439267134e+00
4.206542128968396e-04	1.690309439267100e+00
4.216307753968396e-04	1.690309439267122e+00
4.226073378968396e-04	1.690309439267107e+00
4.235839003968396e-04	1.690309439267132e+00
4.245604628968396e-04	1.690309439267117e+00
4.255370253968396e-04	1.690309439267132e+00
4.265135878968396e-04	1.690309439267101e+00
4.274901503968396e-04	1.690309439267121e+00
4.284667128968396e-04	1.690309439267111e+00
4.294432753968396e-04	1.690309439267138e+00
4.304198378968396e-04	1.690309439267114e+00
4.313964003968396e-04	1.690309439267135e+00
4.323729628968396e-04	1.690309439267121e+00
4.333495253968396e-04	1.690309439267137e+00
4.343260878968396e-04	1.690309439267105e+00
4.353026503968396e-04	1.690309439267134e+00
4.362792128968396e-04	1.690309439267122e+00
4.372557753968396e-04	1.690309439267136e+00
4.382323378968396e-04	1.690309439267105e+00
4.392089003968396e-04	1.690309439267123e+00
4.401854628968396e-04	1.690309439267108e+00
4.411620253968396e-04	1.690309439267128e+00
4.421385878968396e-04	1.690309439267099e+00
4.431151503968396e-04	1.690309439267124e+00
4.440917128968396e-04	1.690309439267114e+00
4.450682753968396e-04	1.690309439267134e+00
4.460448378968396e-04	1.690309439267110e+00
4.470214003968396e-04	1.690309439267134e+00
4.479979628968396e-04	1.690309439267107e+00
4.489745253968396e-04	1.690309439267118e+00
4.499510878968396e-04	1.690309439267104e+00
4.509276503968396e-04	1.690309439267131e+00
4.519042128968396e-04	1.690309439267105e+00
4.528807753968396e-04	1.690309439267136e+00
4.538573378968396e-04	1.690309439267124e+00
4.548339003968396e-04	1.690309439267138e+00
4.558104628968396e-04	1.690309439267103e+00
4.567870253968396e-04	1.690309439267117e+00
4.577635878968396e-04	1.690309439267091e+00
4.587401503968396e-04	1.690309439267116e+00
4.597167128968396e-04	1.690309439267108e+00
4.606932753968396e-04	1.690309439267128e+00
4.616698378968396e-04	1.690309439267094e+00
4.626464003968396e-04	1.690309439267118e+00
4.636229628968396e-04	1.690309439267109e+00
4.645995253968396e-04	1.690309439267132e+00
4.655760878968396e-04	1.690309439267102e+00
4.665526503968396e-04	1.690309439267115e+00
4.675292128968396e-04	1.690309439267097e+00
4.685057753968396e-04	1.690309439267134e+00
4.694823378968396e-04	1.690309439267117e+00
4.704589003968396e-04	1.690309439267127e+00
4.714354628968396e-04	1.690309439267102e+00
4.724120253968396e-04	1.690309439267134e+00
4.733885878968397e-04	1.690309439267111e+00
4.743651503968397e-04	1.690309439267124e+00
4.753417128968397e-04	1.690309439267105e+00
4.763182753968397e-04	1.690309439267133e+00
4.772948378968397e-04	1.690309439267117e+00
4.782714003968397e-04	1.690309439267142e+00
4.792479628968397e-04	1.690309439267116e+00
4.802245253968397e-04	1.690309439267137e+00
4.812010878968397e-04	1.690309439267109e+00
4.821776503968397e-04	1.690309439267124e+00
4.831542128968397e-04	1.690309439267107e+00
4.841307753968397e-04	1.690309439267135e+00
4.851073378968397e-04	1.690309439267114e+00
4.860839003968397e-04	1.690309439267129e+00
4.870604628968397e-04	1.690309439267099e+00
4.880370253968397e-04	1.690309439267121e+00
4.890135878968397e-04	1.690309439267102e+00
4.899901503968397e-04	1.690309439267129e+00
4.909667128968397e-04	1.690309439267111e+00
4.919432753968397e-04	1.690309439267136e+00
4.929198378968397e-04	1.690309439267109e+00
4.938964003968397e-04	1.690309439267129e+00
4.948729628968397e-04	1.690309439267116e+00
4.958495253968397e-04	1.690309439267140e+00
4.968260878968397e-04	1.690309439267109e+00
4.978026503968397e-04	1.690309439267124e+00
4.987792128968397e-04	1.690309439694597e+00
4.990284375000000e-04	1.690309439554214e+00
4.995268867063206e-04	1.690309467113403e+00
4.995318867063206e-04	1.690309453452777e+00
4.995418867063205e-04	1.690309438574459e+00
4.995523161778245e-04	1.690309440414580e+00
4.995636551774899e-04	1.690309435943906e+00
4.995794262492291e-04	1.690309439741798e+00
4.995960411831791e-04	1.690309437482727e+00
4.996175751561199e-04	1.690309440152481e+00
4.996428331392620e-04	1.690309438215830e+00
4.996748389125393e-04	1.690309440351299e+00
4.997193227464220e-04	1.690309438454213e+00
4.997824690893601e-04	1.690309439745446e+00
4.998664673747515e-04	1.690309443919235e+00
4.998861062591410e-04	1.690309442316805e+00
4.999253840279199e-04	1.690309527762319e+00
4.999264444624420e-04	1.690309490007681e+00
4.999285653314862e-04	1.690309432585646e+00
4.999307652928201e-04	1.690309445410587e+00
4.999330923872819e-04	1.690309435059228e+00
4.999365103565677e-04	1.690309441349341e+00
4.999400901897364e-04	1.690309439839063e+00
4.999449511072717e-04	1.690309438667882e+00
4.999508688221762e-04	1.690309440479713e+00
4.999583723482940e-04	1.690309437214892e+00
4.999692496615548e-04	1.690309440982913e+00
4.999853804023068e-04	1.690309449107019e+00
4.999903804023067e-04	1.690309437020201e+00
4.999950000000000e-04	1.690309556702465e+00
4.999957608046134e-04	1.690309503458932e+00
4.999972824138400e-04	1.690309431833640e+00
4.999989756496882e-04	1.690309443175746e+00
5.000007362378322e-04	1.690309424022678e+00
5.000028782267966e-04	1.690309636752576e+00
5.000029059076996e-04	1.690309547239436e+00
5.000029612695057e-04	1.690309239556907e+00
5.000030719931178e-04	1.690308985251388e+00
5.000032171351356e-04	1.690309251636854e+00
5.000033643914619e-04	1.690309659250091e+00
5.000035750058505e-04	1.690309623877730e+00
5.000038172194516e-04	1.690309245368198e+00
5.000040655005041e-04	1.690309365037803e+00
5.000043474745612e-04	1.690309612640358e+00
5.000046320861831e-04	1.690309190940693e+00
5.000046388587056e-04	1.690309167260530e+00
5.000046524037507e-04	1.690309114145047e+00
5.000046794938408e-04	1.690309036862130e+00
5.000047336740211e-04	1.690309002245998e+00
5.000048420343817e-04	1.690309191656111e+00
5.000048848942182e-04	1.690309347392664e+00
5.000049142803271e-04	1.690309483929235e+00
5.000049412277822e-04	1.690309608593811e+00
5.000049461050897e-04	1.690309630006702e+00
5.000049558597048e-04	1.690309669609841e+00
5.000049753689350e-04	1.690309740060114e+00
5.000050000000000e-04	1.690309817951710e+00
5.000050024631065e-04	1.690309823853206e+00
5.000050073893195e-04	1.690309834880348e+00
5.000050172417454e-04	1.690309853031775e+00
5.000050369465975e-04	1.690309872924647e+00
5.000050763563015e-04	1.690309859920121e+00
5.000051292917953e-04	1.690309758793736e+00
5.000051779747970e-04	1.690309598018370e+00
5.000052264468070e-04	1.690309405033962e+00
5.000052785889887e-04	1.690309211608842e+00
5.000053255339542e-04	1.690309093168511e+00
5.000053818812196e-04	1.690309051424153e+00
5.000054359316266e-04	1.690309117926264e+00
5.000054991781985e-04	1.690309296791208e+00
5.000055590354326e-04	1.690309500445144e+00
5.000056270331732e-04	1.690309694826185e+00
5.000056783332177e-04	1.690309757250441e+00
5.000057466160823e-04	1.690309700799734e+00
5.000058081100999e-04	1.690309547856841e+00
5.000058599797341e-04	1.690309374382517e+00
5.000059252024822e-04	1.690309185887965e+00
5.000060113309392e-04	1.690309079189280e+00
5.000061058917708e-04	1.690309155358461e+00
5.000061958096065e-04	1.690309335829561e+00
5.000062886659119e-04	1.690309479560457e+00
5.000063721170114e-04	1.690309454894123e+00
5.000064635163422e-04	1.690309248000631e+00
5.000065616297301e-04	1.690308949064038e+00
5.000066655995487e-04	1.690308717994462e+00
5.000067819092206e-04	1.690308637949457e+00
5.000069072497762e-04	1.690308612902416e+00
5.000070317501123e-04	1.690308405717647e+00
5.000071582919680e-04	1.690307896467968e+00
5.000072877228231e-04	1.690307203872513e+00
5.000074125738520e-04	1.690306561981890e+00
5.000075365922762e-04	1.690305955450330e+00
5.000076670064892e-04	1.690305119226679e+00
5.000078177510399e-04	1.690303660888320e+00
5.000079898546996e-04	1.690301405540669e+00
5.000082168440710e-04	1.690297723762173e+00
5.000084417952260e-04	1.690292860546293e+00
5.000087228295800e-04	1.690284320307736e+00
5.000089808259860e-04	1.690273634133587e+00
5.000092495161121e-04	1.690258546412610e+00
5.000095759478986e-04	1.690235692883939e+00
5.000096010848599e-04	1.690233599748026e+00
5.000096513587826e-04	1.690228869947195e+00
5.000097519066279e-04	1.690218850040032e+00
5.000098338569417e-04	1.690210276343468e+00
5.000098360993724e-04	1.690210032886438e+00
5.000098405842340e-04	1.690209536875596e+00
5.000098495539571e-04	1.690208538385579e+00
5.000098674934032e-04	1.690206514690538e+00
5.000099033722955e-04	1.690202395647469e+00
5.000099282422152e-04	1.690199481057076e+00
5.000099502601604e-04	1.690196852961428e+00
5.000099559641095e-04	1.690196162739365e+00
5.000099673720076e-04	1.690194767514771e+00
5.000099771842037e-04	1.690193559414898e+00
5.000099803756077e-04	1.690193163771623e+00
5.000099867584157e-04	1.690192366715227e+00
5.000099995240316e-04	1.690190764315637e+00
5.000100000000001e-04	1.690190704302437e+00
5.000100009519369e-04	1.690190583760514e+00
5.000100028558107e-04	1.690190342359196e+00
5.000100066635582e-04	1.690189857995762e+00
5.000100142790533e-04	1.690188882807726e+00
5.000100295100433e-04	1.690186906018411e+00
5.000100599720235e-04	1.690182843145548e+00
5.000101208959838e-04	1.690174264285933e+00
5.000102427439045e-04	1.690155802951780e+00
5.000103523816959e-04	1.690137679649550e+00
5.000104702740561e-04	1.690116275412437e+00
5.000105674522546e-04	1.690095844125207e+00
5.000106744597562e-04	1.690066417201164e+00
5.000107852867542e-04	1.690026653102327e+00
5.000108376141132e-04	1.690005596891605e+00
5.000109015573477e-04	1.689981439243986e+00
5.000109301637712e-04	1.689973235976403e+00
5.000109748233762e-04	1.689965018469164e+00
5.000110100739612e-04	1.689961225342372e+00
5.000110540016545e-04	1.689958152736925e+00
5.000110999762565e-04	1.689953502737683e+00
5.000111556730191e-04	1.689942546589481e+00
5.000112196199613e-04	1.689921265788322e+00
5.000112804103602e-04	1.689892396495871e+00
5.000113462357741e-04	1.689854286264556e+00
5.000114268091250e-04	1.689806062059817e+00
5.000115156747658e-04	1.689759907655723e+00
5.000116194226912e-04	1.689718650249142e+00
5.000117419119359e-04	1.689675739394838e+00
5.000118680284889e-04	1.689619904984230e+00
5.000119953723946e-04	1.689543288876847e+00
5.000121477800745e-04	1.689440824812992e+00
5.000123067393925e-04	1.689342744886984e+00
5.000125185620212e-04	1.689216577568954e+00
5.000127385007641e-04	1.689061788444246e+00
5.000129701220252e-04	1.688875723227885e+00
5.000131475372788e-04	1.688736118061775e+00
5.000133402542028e-04	1.688586435318455e+00
5.000135029507868e-04	1.688444009426351e+00
5.000136759382887e-04	1.688276650215036e+00
5.000138477584901e-04	1.688112825702320e+00
5.000140272300886e-04	1.687946800874147e+00
5.000142091468099e-04	1.687767339145481e+00
5.000144063757323e-04	1.687555498567149e+00
5.000146134355518e-04	1.687330997886965e+00
5.000148325370506e-04	1.687096272165615e+00
5.000150636405849e-04	1.686836687354472e+00
5.000152409979564e-04	1.686625616463288e+00
5.000154283065113e-04	1.686402979502369e+00
5.000155935521509e-04	1.686211155022113e+00
5.000157407130123e-04	1.686035452342162e+00
5.000158938730054e-04	1.685842593495434e+00
5.000160837478616e-04	1.685600690515253e+00
5.000162756534635e-04	1.685361066119168e+00
5.000164914331902e-04	1.685089437331299e+00
5.000166786299939e-04	1.684844521876340e+00
5.000168959937432e-04	1.684556115235806e+00
5.000170544400685e-04	1.684349531905613e+00
5.000172254228560e-04	1.684126139754643e+00
5.000173986075867e-04	1.683892563805328e+00
5.000175288018829e-04	1.683713479455005e+00
5.000176686709723e-04	1.683523307087974e+00
5.000178151766496e-04	1.683327420494068e+00
5.000179929175131e-04	1.683087203603308e+00
5.000181886135554e-04	1.682816283884325e+00
5.000183932985553e-04	1.682532155421664e+00
5.000186065526056e-04	1.682240202719271e+00
5.000187719789236e-04	1.682013296009067e+00
5.000189176904962e-04	1.681809758171270e+00
5.000190714911323e-04	1.681593470925151e+00
5.000191869155662e-04	1.681433479739604e+00
5.000193152866373e-04	1.681258268062414e+00
5.000194505624157e-04	1.681073050628187e+00
5.000196051903937e-04	1.680858439059203e+00
5.000197984013895e-04	1.680589820049125e+00
5.000199897515820e-04	1.680327624962329e+00
5.000201768026524e-04	1.680073993883718e+00
5.000203194458776e-04	1.679879492154262e+00
5.000204691309487e-04	1.679674269616909e+00
5.000206145239011e-04	1.679476701144450e+00
5.000207242275966e-04	1.679330084113500e+00
5.000208422209798e-04	1.679173716577732e+00
5.000209859866517e-04	1.678982386106898e+00
5.000211616377183e-04	1.678747823990841e+00
5.000213166748705e-04	1.678542741740571e+00
5.000214783621066e-04	1.678332354344862e+00
5.000216065913738e-04	1.678166926355960e+00
5.000217448182947e-04	1.677988290422401e+00
5.000218585830508e-04	1.677841038727262e+00
5.000219764608395e-04	1.677689612864151e+00
5.000220893871221e-04	1.677546732017650e+00
5.000222367122272e-04	1.677362605714271e+00
5.000223796175717e-04	1.677184558221912e+00
5.000225233248888e-04	1.677005566027181e+00
5.000226653402439e-04	1.676829977709806e+00
5.000228105557965e-04	1.676653210286557e+00
5.000229787752696e-04	1.676451185130065e+00
5.000231065665031e-04	1.676298477011521e+00
5.000232406857345e-04	1.676138661308036e+00
5.000233979402724e-04	1.675953080353567e+00
5.000235644362829e-04	1.675759712385517e+00
5.000237189582687e-04	1.675582612872103e+00
5.000238554604835e-04	1.675427090489692e+00
5.000239956929640e-04	1.675268174179721e+00
5.000241603195338e-04	1.675084003139083e+00
5.000243545442186e-04	1.674870313796238e+00
5.000245097234776e-04	1.674701675133802e+00
5.000246684998279e-04	1.674530411495626e+00
5.000248269928219e-04	1.674361112552608e+00
5.000249882546082e-04	1.674191630613824e+00
5.000251810000875e-04	1.673992163726184e+00
5.000253256451774e-04	1.673843872667673e+00
5.000254581657268e-04	1.673709012048266e+00
5.000255942271618e-04	1.673572176148190e+00
5.000257670679941e-04	1.673401070894000e+00
5.000259300423510e-04	1.673241937983458e+00
5.000260952468260e-04	1.673082182826737e+00
5.000262483922375e-04	1.672935527230498e+00
5.000264002766353e-04	1.672792235122532e+00
5.000265856500508e-04	1.672620138673139e+00
5.000267462890329e-04	1.672472763265116e+00
5.000268816228673e-04	1.672349711907934e+00
5.000270205838850e-04	1.672224688187743e+00
5.000271633660676e-04	1.672098118146376e+00
5.000273460900841e-04	1.671938559105280e+00
5.000275262920913e-04	1.671783037026544e+00
5.000276894538039e-04	1.671643826962831e+00
5.000278572521365e-04	1.671502718340943e+00
5.000280248202649e-04	1.671364222148534e+00
5.000282701733956e-04	1.671164512900388e+00
5.000284678473270e-04	1.671005783958129e+00
5.000286422361551e-04	1.670868011762571e+00
5.000288193191285e-04	1.670730419712116e+00
5.000289846195568e-04	1.670603865387246e+00
5.000292173239149e-04	1.670428325382269e+00
5.000294818684640e-04	1.670232460433287e+00
5.000297455748341e-04	1.670041376332374e+00
5.000300035032882e-04	1.669858116787263e+00
5.000302492309366e-04	1.669686782685702e+00
5.000304822339485e-04	1.669527585291620e+00
5.000307161222559e-04	1.669370859394874e+00
5.000309829634723e-04	1.669195817596359e+00
5.000314097066917e-04	1.668922841354149e+00
5.000317808205880e-04	1.668691960275757e+00
5.000321533103207e-04	1.668466659864524e+00
5.000324989592795e-04	1.668263105451137e+00
5.000328125785001e-04	1.668083015354361e+00
5.000331168850212e-04	1.667912145449047e+00
5.000334136217799e-04	1.667749297493915e+00
5.000337331909609e-04	1.667578089821315e+00
5.000341140059646e-04	1.667379432128908e+00
5.000346426360647e-04	1.667113413768214e+00
5.000354649833657e-04	1.666717360191617e+00
5.000362567101476e-04	1.666355374486080e+00
5.000371697741083e-04	1.665961618582506e+00
5.000381088533372e-04	1.665580042504927e+00
5.000390716514496e-04	1.665212474625257e+00
5.000400858317126e-04	1.664848775882744e+00
5.000410711559820e-04	1.664516821810601e+00
5.000420471897136e-04	1.664207629939492e+00
5.000429857935343e-04	1.663927367133583e+00
5.000438751123719e-04	1.663676465468772e+00
5.000447171411472e-04	1.663451259121246e+00
5.000455009558319e-04	1.663251916913261e+00
5.000462339695460e-04	1.663074026536483e+00
5.000469173357864e-04	1.662915319402070e+00
5.000475607122327e-04	1.662771947775946e+00
5.000481755143508e-04	1.662640191861678e+00
5.000487784516427e-04	1.662515862220963e+00
5.000493938594293e-04	1.662393730922099e+00
5.000500600049960e-04	1.662266869974596e+00
5.000508462090837e-04	1.662124205589839e+00
5.000519103838683e-04	1.661943042373552e+00
5.000535835845039e-04	1.661681634482119e+00
5.000556764481511e-04	1.661391952177531e+00
5.000588423529630e-04	1.661015937666007e+00
5.000618389318151e-04	1.660719393574637e+00
5.000653584706725e-04	1.660437523657620e+00
5.000690576226196e-04	1.660205447605935e+00
5.000746955625119e-04	1.659939765471468e+00
5.000801059457076e-04	1.659764188153160e+00
5.000909267120989e-04	1.659549000479020e+00
5.001007976069278e-04	1.659442420285093e+00
5.001175303009405e-04	1.659368011205587e+00
5.001352281707373e-04	1.659341551507090e+00
5.001605082451216e-04	1.659338784384464e+00
5.001987789748997e-04	1.659348948289164e+00
5.002533830488785e-04	1.659367831635546e+00
5.003625911968362e-04	1.659406726076323e+00
5.005805050599922e-04	1.659482938920784e+00
5.010163327863042e-04	1.659622732986286e+00
5.018399002853105e-04	1.659846020581992e+00
5.028164627853105e-04	1.660054605997176e+00
5.037930252853105e-04	1.660210661863328e+00
5.047695877853105e-04	1.660325595074646e+00
5.057461502853105e-04	1.660410238201766e+00
5.067227127853105e-04	1.660472575651777e+00
5.076992752853105e-04	1.660518484857980e+00
5.086758377853105e-04	1.660552295591603e+00
5.096524002853105e-04	1.660577196013473e+00
5.106289627853105e-04	1.660595534388957e+00
5.116055252853105e-04	1.660609039967593e+00
5.125820877853105e-04	1.660618986401501e+00
5.135586502853105e-04	1.660626311601198e+00
5.145352127853105e-04	1.660631706386264e+00
5.155117752853105e-04	1.660635679450310e+00
5.164883377853105e-04	1.660638605496070e+00
5.174649002853105e-04	1.660640760417089e+00
5.184414627853105e-04	1.660642347459010e+00
5.194180252853105e-04	1.660643516249672e+00
5.203945877853105e-04	1.660644377037866e+00
5.213711502853105e-04	1.660645010968018e+00
5.223477127853105e-04	1.660645477847814e+00
5.233242752853105e-04	1.660645821678614e+00
5.243008377853105e-04	1.660646074908776e+00
5.252774002853105e-04	1.660646261394793e+00
5.262539627853105e-04	1.660646398744728e+00
5.272305252853105e-04	1.660646499889705e+00
5.282070877853105e-04	1.660646574387894e+00
5.291836502853105e-04	1.660646629245455e+00
5.301602127853105e-04	1.660646669653753e+00
5.311367752853105e-04	1.660646699406005e+00
5.321133377853105e-04	1.660646721324340e+00
5.330899002853105e-04	1.660646737459979e+00
5.340664627853105e-04	1.660646749349521e+00
5.350430252853105e-04	1.660646758099871e+00
5.360195877853105e-04	1.660646764549860e+00
5.369961502853105e-04	1.660646769294705e+00
5.379727127853105e-04	1.660646772794244e+00
5.389492752853105e-04	1.660646775366618e+00
5.399258377853105e-04	1.660646777265779e+00
5.409024002853105e-04	1.660646778659958e+00
5.418789627853105e-04	1.660646779691031e+00
5.428555252853105e-04	1.660646780446283e+00
5.438320877853105e-04	1.660646781006428e+00
5.448086502853105e-04	1.660646781415173e+00
5.457852127853106e-04	1.660646781719821e+00
5.467617752853106e-04	1.660646781940713e+00
5.477383377853106e-04	1.660646782106726e+00
5.487149002853106e-04	1.660646782225809e+00
5.496914627853106e-04	1.660646782316563e+00
5.506680252853106e-04	1.660646782380443e+00
5.516445877853106e-04	1.660646782430322e+00
5.526211502853106e-04	1.660646782464339e+00
5.535977127853106e-04	1.660646782492007e+00
5.545742752853106e-04	1.660646782509880e+00
5.555508377853106e-04	1.660646782525460e+00
5.565274002853106e-04	1.660646782534608e+00
5.575039627853106e-04	1.660646782543579e+00
5.584805252853106e-04	1.660646782548031e+00
5.594570877853106e-04	1.660646782553385e+00
5.604336502853106e-04	1.660646782555331e+00
5.614102127853106e-04	1.660646782558689e+00
5.623867752853106e-04	1.660646782559306e+00
5.633633377853106e-04	1.660646782561545e+00
5.643399002853106e-04	1.660646782561475e+00
5.653164627853106e-04	1.660646782563080e+00
5.662930252853106e-04	1.660646782562663e+00
5.672695877853106e-04	1.660646782563907e+00
5.682461502853106e-04	1.660646782563337e+00
5.692227127853106e-04	1.660646782564330e+00
5.701992752853106e-04	1.660646782563682e+00
5.711758377853106e-04	1.660646782564540e+00
5.721524002853106e-04	1.660646782563889e+00
5.731289627853106e-04	1.660646782564654e+00
5.741055252853106e-04	1.660646782564023e+00
5.750820877853106e-04	1.660646782564701e+00
5.760586502853106e-04	1.660646782564100e+00
5.770352127853106e-04	1.660646782564721e+00
5.780117752853106e-04	1.660646782564146e+00
5.789883377853106e-04	1.660646782564712e+00
5.799649002853106e-04	1.660646782564189e+00
5.809414627853106e-04	1.660646782564718e+00
5.819180252853106e-04	1.660646782564218e+00
5.828945877853106e-04	1.660646782564692e+00
5.838711502853106e-04	1.660646782564244e+00
5.848477127853106e-04	1.660646782564701e+00
5.858242752853106e-04	1.660646782564274e+00
5.868008377853106e-04	1.660646782564664e+00
5.877774002853106e-04	1.660646782564271e+00
5.887539627853106e-04	1.660646782564655e+00
5.897305252853106e-04	1.660646782564306e+00
5.907070877853106e-04	1.660646782564650e+00
5.916836502853106e-04	1.660646782564321e+00
5.926602127853106e-04	1.660646782564628e+00
5.936367752853106e-04	1.660646782564335e+00
5.946133377853106e-04	1.660646782564630e+00
5.955899002853106e-04	1.660646782564359e+00
5.965664627853106e-04	1.660646782564607e+00
5.975430252853106e-04	1.660646782564359e+00
5.985195877853106e-04	1.660646782564578e+00
5.994961502853106e-04	1.660646782564363e+00
6.004727127853106e-04	1.660646782564568e+00
6.014492752853106e-04	1.660646782564367e+00
6.024258377853106e-04	1.660646782564554e+00
6.034024002853106e-04	1.660646782564387e+00
6.043789627853106e-04	1.660646782564545e+00
6.053555252853106e-04	1.660646782564399e+00
6.063320877853106e-04	1.660646782564538e+00
6.073086502853106e-04	1.660646782564416e+00
6.082852127853106e-04	1.660646782564539e+00
6.092617752853106e-04	1.660646782564435e+00
6.102383377853106e-04	1.660646782564521e+00
6.112149002853106e-04	1.660646782564426e+00
6.121914627853106e-04	1.660646782564519e+00
6.131680252853106e-04	1.660646782564451e+00
6.141445877853106e-04	1.660646782564494e+00
6.151211502853106e-04	1.660646782564446e+00
6.160977127853106e-04	1.660646782564505e+00
6.170742752853106e-04	1.660646782564480e+00
6.180508377853106e-04	1.660646782564501e+00
6.190274002853106e-04	1.660646782564472e+00
6.200039627853106e-04	1.660646782564468e+00
6.209805252853106e-04	1.660646782564460e+00
6.219570877853106e-04	1.660646782564470e+00
6.229336502853106e-04	1.660646782564492e+00
6.239102127853106e-04	1.660646782564465e+00
6.248867752853106e-04	1.660646782564490e+00
6.258633377853106e-04	1.660646782564459e+00
6.268399002853106e-04	1.660646782564496e+00
6.278164627853106e-04	1.660646782564446e+00
6.287930252853106e-04	1.660646782564506e+00
6.297695877853106e-04	1.660646782564446e+00
6.307461502853106e-04	1.660646782564510e+00
6.317227127853106e-04	1.660646782564441e+00
6.326992752853106e-04	1.660646782564519e+00
6.336758377853106e-04	1.660646782564438e+00
6.346524002853106e-04	1.660646782564522e+00
6.356289627853106e-04	1.660646782564430e+00
6.366055252853106e-04	1.660646782564532e+00
6.375820877853106e-04	1.660646782564420e+00
6.385586502853106e-04	1.660646782564520e+00
6.395352127853106e-04	1.660646782564408e+00
6.405117752853106e-04	1.660646782564525e+00
6.414883377853106e-04	1.660646782564398e+00
6.424649002853106e-04	1.660646782564532e+00
6.434414627853106e-04	1.660646782564409e+00
6.444180252853106e-04	1.660646782564539e+00
6.453945877853106e-04	1.660646782564394e+00
6.463711502853106e-04	1.660646782564540e+00
6.473477127853106e-04	1.660646782564402e+00
6.483242752853106e-04	1.660646782564556e+00
6.493008377853106e-04	1.660646782564388e+00
6.502774002853106e-04	1.660646782564540e+00
6.512539627853106e-04	1.660646782564388e+00
6.522305252853106e-04	1.660646782564548e+00
6.532070877853106e-04	1.660646782564375e+00
6.541836502853106e-04	1.660646782564554e+00
6.551602127853106e-04	1.660646782564382e+00
6.561367752853106e-04	1.660646782564561e+00
6.571133377853106e-04	1.660646782564379e+00
6.580899002853107e-04	1.660646782564555e+00
6.590664627853107e-04	1.660646782564377e+00
6.600430252853107e-04	1.660646782564573e+00
6.610195877853107e-04	1.660646782564380e+00
6.619961502853107e-04	1.660646782564560e+00
6.629727127853107e-04	1.660646782564369e+00
6.639492752853107e-04	1.660646782564573e+00
6.649258377853107e-04	1.660646782564371e+00
6.659024002853107e-04	1.660646782564564e+00
6.668789627853107e-04	1.660646782564362e+00
6.678555252853107e-04	1.660646782564564e+00
6.688320877853107e-04	1.660646782564356e+00
6.698086502853107e-04	1.660646782564557e+00
6.707852127853107e-04	1.660646782564350e+00
6.717617752853107e-04	1.660646782564567e+00
6.727383377853107e-04	1.660646782564358e+00
6.737149002853107e-04	1.660646782564558e+00
6.746914627853107e-04	1.660646782564346e+00
6.756680252853107e-04	1.660646782564581e+00
6.766445877853107e-04	1.660646782564379e+00
6.776211502853107e-04	1.660646782564582e+00
6.785977127853107e-04	1.660646782564358e+00
6.795742752853107e-04	1.660646782564581e+00
6.805508377853107e-04	1.660646782564372e+00
6.815274002853107e-04	1.660646782564591e+00
6.825039627853107e-04	1.660646782564370e+00
6.834805252853107e-04	1.660646782564589e+00
6.844570877853107e-04	1.660646782564368e+00
6.854336502853107e-04	1.660646782564586e+00
6.864102127853107e-04	1.660646782564367e+00
6.873867752853107e-04	1.660646782564588e+00
6.883633377853107e-04	1.660646782564364e+00
6.893399002853107e-04	1.660646782564586e+00
6.903164627853107e-04	1.660646782564367e+00
6.912930252853107e-04	1.660646782564585e+00
6.922695877853107e-04	1.660646782564359e+00
6.932461502853107e-04	1.660646782564579e+00
6.942227127853107e-04	1.660646782564361e+00
6.951992752853107e-04	1.660646782564583e+00
6.961758377853107e-04	1.660646782564362e+00
6.971524002853107e-04	1.660646782564578e+00
6.981289627853107e-04	1.660646782564366e+00
6.991055252853107e-04	1.660646782564592e+00
7.000820877853107e-04	1.660646782564375e+00
7.010586502853107e-04	1.660646782564592e+00
7.020352127853107e-04	1.660646782564370e+00
7.030117752853107e-04	1.660646782564588e+00
7.039883377853107e-04	1.660646782564370e+00
7.049649002853107e-04	1.660646782564589e+00
7.059414627853107e-04	1.660646782564379e+00
7.069180252853107e-04	1.660646782564585e+00
7.078945877853107e-04	1.660646782564374e+00
7.088711502853107e-04	1.660646782564595e+00
7.098477127853107e-04	1.660646782564378e+00
7.108242752853107e-04	1.660646782564587e+00
7.118008377853107e-04	1.660646782564385e+00
7.127774002853107e-04	1.660646782564598e+00
7.137539627853107e-04	1.660646782564388e+00
7.147305252853107e-04	1.660646782564590e+00
7.157070877853107e-04	1.660646782564374e+00
7.166836502853107e-04	1.660646782564565e+00
7.176602127853107e-04	1.660646782564359e+00
7.186367752853107e-04	1.660646782564570e+00
7.196133377853107e-04	1.660646782564369e+00
7.205899002853107e-04	1.660646782564563e+00
7.215664627853107e-04	1.660646782564363e+00
7.225430252853107e-04	1.660646782564569e+00
7.235195877853107e-04	1.660646782564381e+00
7.244961502853107e-04	1.660646782564574e+00
7.254727127853107e-04	1.660646782564370e+00
7.264492752853107e-04	1.660646782564565e+00
7.274258377853107e-04	1.660646782564384e+00
7.284024002853107e-04	1.660646782564575e+00
7.293789627853107e-04	1.660646782564385e+00
7.303555252853107e-04	1.660646782564570e+00
7.313320877853107e-04	1.660646782564379e+00
7.323086502853107e-04	1.660646782564565e+00
7.332852127853107e-04	1.660646782564394e+00
7.342617752853107e-04	1.660646782564576e+00
7.352383377853107e-04	1.660646782564383e+00
7.362149002853107e-04	1.660646782564552e+00
7.371914627853107e-04	1.660646782564381e+00
7.381680252853107e-04	1.660646782564569e+00
7.391445877853107e-04	1.660646782564397e+00
7.401211502853107e-04	1.660646782564563e+00
7.410977127853107e-04	1.660646782564389e+00
7.420742752853107e-04	1.660646782564561e+00
7.430508377853107e-04	1.660646782564394e+00
7.440274002853107e-04	1.660646782564549e+00
7.450039627853107e-04	1.660646782564380e+00
7.459805252853107e-04	1.660646782564540e+00
7.469570877853107e-04	1.660646782564381e+00
7.479336502853107e-04	1.660646782564550e+00
7.489102127853107e-04	1.660646782564395e+00
7.498867752853107e-04	1.660646782564545e+00
7.508633377853107e-04	1.660646782564388e+00
7.518399002853107e-04	1.660646782564540e+00
7.528164627853107e-04	1.660646782564382e+00
7.537930252853107e-04	1.660646782564527e+00
7.547695877853107e-04	1.660646782564386e+00
7.557461502853107e-04	1.660646782564534e+00
7.567227127853107e-04	1.660646782564391e+00
7.576992752853107e-04	1.660646782564543e+00
7.586758377853107e-04	1.660646782564408e+00
7.596524002853107e-04	1.660646782564540e+00
7.606289627853107e-04	1.660646782564394e+00
7.616055252853107e-04	1.660646782564530e+00
7.625820877853107e-04	1.660646782564398e+00
7.635586502853107e-04	1.660646782564540e+00
7.645352127853107e-04	1.660646782564420e+00
7.655117752853107e-04	1.660646782564539e+00
7.664883377853107e-04	1.660646782564401e+00
7.674649002853107e-04	1.660646782564533e+00
7.684414627853107e-04	1.660646782564414e+00
7.694180252853107e-04	1.660646782564543e+00
7.703945877853108e-04	1.660646782564427e+00
7.713711502853108e-04	1.660646782564540e+00
7.723477127853108e-04	1.660646782564414e+00
7.733242752853108e-04	1.660646782564534e+00
7.743008377853108e-04	1.660646782564431e+00
7.752774002853108e-04	1.660646782564545e+00
7.762539627853108e-04	1.660646782564434e+00
7.772305252853108e-04	1.660646782564554e+00
7.782070877853108e-04	1.660646782564447e+00
7.791836502853108e-04	1.660646782564541e+00
7.801602127853108e-04	1.660646782564427e+00
7.811367752853108e-04	1.660646782564529e+00
7.821133377853108e-04	1.660646782564427e+00
7.830899002853108e-04	1.660646782564520e+00
7.840664627853108e-04	1.660646782564423e+00
7.850430252853108e-04	1.660646782564532e+00
7.860195877853108e-04	1.660646782564444e+00
7.869961502853108e-04	1.660646782564536e+00
7.879727127853108e-04	1.660646782564438e+00
7.889492752853108e-04	1.660646782564528e+00
7.899258377853108e-04	1.660646782564438e+00
7.909024002853108e-04	1.660646782564524e+00
7.918789627853108e-04	1.660646782564440e+00
7.928555252853108e-04	1.660646782564524e+00
7.938320877853108e-04	1.660646782564438e+00
7.948086502853108e-04	1.660646782564520e+00
7.957852127853108e-04	1.660646782564439e+00
7.967617752853108e-04	1.660646782564513e+00
7.977383377853108e-04	1.660646782564435e+00
7.987149002853108e-04	1.660646782564512e+00
7.996914627853108e-04	1.660646782564446e+00
8.006680252853108e-04	1.660646782564524e+00
8.016445877853108e-04	1.660646782564446e+00
8.026211502853108e-04	1.660646782564516e+00
8.035977127853108e-04	1.660646782564449e+00
8.045742752853108e-04	1.660646782564517e+00
8.055508377853108e-04	1.660646782564449e+00
8.065274002853108e-04	1.660646782564512e+00
8.075039627853108e-04	1.660646782564447e+00
8.084805252853108e-04	1.660646782564512e+00
8.094570877853108e-04	1.660646782564449e+00
8.104336502853108e-04	1.660646782564508e+00
8.114102127853108e-04	1.660646782564455e+00
8.123867752853108e-04	1.660646782564504e+00
8.133633377853108e-04	1.660646782564443e+00
8.143399002853108e-04	1.660646782564503e+00
8.153164627853108e-04	1.660646782564449e+00
8.162930252853108e-04	1.660646782564495e+00
8.172695877853108e-04	1.660646782564438e+00
8.182461502853108e-04	1.660646782564496e+00
8.192227127853108e-04	1.660646782564455e+00
8.201992752853108e-04	1.660646782564504e+00
8.211758377853108e-04	1.660646782564453e+00
8.221524002853108e-04	1.660646782564494e+00
8.231289627853108e-04	1.660646782564453e+00
8.241055252853108e-04	1.660646782564491e+00
8.250820877853108e-04	1.660646782564447e+00
8.260586502853108e-04	1.660646782564492e+00
8.270352127853108e-04	1.660646782564454e+00
8.280117752853108e-04	1.660646782564490e+00
8.289883377853108e-04	1.660646782564452e+00
8.299649002853108e-04	1.660646782564497e+00
8.309414627853108e-04	1.660646782564470e+00
8.319180252853108e-04	1.660646782564504e+00
8.328945877853108e-04	1.660646782564462e+00
8.338711502853108e-04	1.660646782564488e+00
8.348477127853108e-04	1.660646782564452e+00
8.358242752853108e-04	1.660646782564494e+00
8.368008377853108e-04	1.660646782564475e+00
8.377774002853108e-04	1.660646782564502e+00
8.387539627853108e-04	1.660646782564467e+00
8.397305252853108e-04	1.660646782564484e+00
8.407070877853108e-04	1.660646782564452e+00
8.416836502853108e-04	1.660646782564482e+00
8.426602127853108e-04	1.660646782564464e+00
8.436367752853108e-04	1.660646782564482e+00
8.446133377853108e-04	1.660646782564454e+00
8.455899002853108e-04	1.660646782564480e+00
8.465664627853108e-04	1.660646782564457e+00
8.475430252853108e-04	1.660646782564472e+00
8.485195877853108e-04	1.660646782564452e+00
8.494961502853108e-04	1.660646782564473e+00
8.504727127853108e-04	1.660646782564457e+00
8.514492752853108e-04	1.660646782564480e+00
8.524258377853108e-04	1.660646782564470e+00
8.534024002853108e-04	1.660646782564492e+00
8.543789627853108e-04	1.660646782564477e+00
8.553555252853108e-04	1.660646782564484e+00
8.563320877853108e-04	1.660646782564462e+00
8.573086502853108e-04	1.660646782564466e+00
8.582852127853108e-04	1.660646782564448e+00
8.592617752853108e-04	1.660646782564461e+00
8.602383377853108e-04	1.660646782564450e+00
8.612149002853108e-04	1.660646782564460e+00
8.621914627853108e-04	1.660646782564462e+00
8.631680252853108e-04	1.660646782564479e+00
8.641445877853108e-04	1.660646782564464e+00
8.651211502853108e-04	1.660646782564478e+00
8.660977127853108e-04	1.660646782564470e+00
8.670742752853108e-04	1.660646782564462e+00
8.680508377853108e-04	1.660646782564450e+00
8.690274002853108e-04	1.660646782564466e+00
8.700039627853108e-04	1.660646782564479e+00
8.709805252853108e-04	1.660646782564488e+00
8.719570877853108e-04	1.660646782564470e+00
8.729336502853108e-04	1.660646782564472e+00
8.739102127853108e-04	1.660646782564472e+00
8.748867752853108e-04	1.660646782564472e+00
8.758633377853108e-04	1.660646782564476e+00
8.768399002853108e-04	1.660646782564484e+00
8.778164627853108e-04	1.660646782564476e+00
8.787930252853108e-04	1.660646782564475e+00
8.797695877853108e-04	1.660646782564469e+00
8.807461502853108e-04	1.660646782564467e+00
8.817227127853108e-04	1.660646782564478e+00
8.826992752853108e-04	1.660646782564484e+00
8.836758377853109e-04	1.660646782564482e+00
8.846524002853109e-04	1.660646782564475e+00
8.856289627853109e-04	1.660646782564470e+00
8.866055252853109e-04	1.660646782564470e+00
8.875820877853109e-04	1.660646782564480e+00
8.885586502853109e-04	1.660646782564477e+00
8.895352127853109e-04	1.660646782564485e+00
8.905117752853109e-04	1.660646782564495e+00
8.914883377853109e-04	1.660646782564498e+00
8.924649002853109e-04	1.660646782564482e+00
8.934414627853109e-04	1.660646782564477e+00
8.944180252853109e-04	1.660646782564470e+00
8.953945877853109e-04	1.660646782564477e+00
8.963711502853109e-04	1.660646782564476e+00
8.973477127853109e-04	1.660646782564480e+00
8.983242752853109e-04	1.660646782564475e+00
8.993008377853109e-04	1.660646782564478e+00
9.002774002853109e-04	1.660646782564464e+00
9.012539627853109e-04	1.660646782564467e+00
9.022305252853109e-04	1.660646782564463e+00
9.032070877853109e-04	1.660646782564466e+00
9.041836502853109e-04	1.660646782564454e+00
9.051602127853109e-04	1.660646782564462e+00
9.061367752853109e-04	1.660646782564470e+00
9.071133377853109e-04	1.660646782564495e+00
9.080899002853109e-04	1.660646782564491e+00
9.090664627853109e-04	1.660646782564489e+00
9.100430252853109e-04	1.660646782564479e+00
9.110195877853109e-04	1.660646782564495e+00
9.119961502853109e-04	1.660646782564480e+00
9.129727127853109e-04	1.660646782564477e+00
9.139492752853109e-04	1.660646782564471e+00
9.149258377853109e-04	1.660646782564485e+00
9.159024002853109e-04	1.660646782564490e+00
9.168789627853109e-04	1.660646782564506e+00
9.178555252853109e-04	1.660646782564484e+00
9.188320877853109e-04	1.660646782564478e+00
9.198086502853109e-04	1.660646782564471e+00
9.207852127853109e-04	1.660646782564484e+00
9.217617752853109e-04	1.660646782564474e+00
9.227383377853109e-04	1.660646782564484e+00
9.237149002853109e-04	1.660646782564474e+00
9.246914627853109e-04	1.660646782564483e+00
9.256680252853109e-04	1.660646782564474e+00
9.266445877853109e-04	1.660646782564478e+00
9.276211502853109e-04	1.660646782564478e+00
9.285977127853109e-04	1.660646782564488e+00
9.295742752853109e-04	1.660646782564470e+00
9.305508377853109e-04	1.660646782564482e+00
9.315274002853109e-04	1.660646782564467e+00
9.325039627853109e-04	1.660646782564462e+00
9.334805252853109e-04	1.660646782564455e+00
9.344570877853109e-04	1.660646782564474e+00
9.354336502853109e-04	1.660646782564471e+00
9.364102127853109e-04	1.660646782564480e+00
9.373867752853109e-04	1.660646782564469e+00
9.383633377853109e-04	1.660646782564479e+00
9.393399002853109e-04	1.660646782564471e+00
9.403164627853109e-04	1.660646782564477e+00
9.412930252853109e-04	1.660646782564460e+00
9.422695877853109e-04	1.660646782564471e+00
9.432461502853109e-04	1.660646782564465e+00
9.442227127853109e-04	1.660646782564475e+00
9.451992752853109e-04	1.660646782564475e+00
9.461758377853109e-04	1.660646782564489e+00
9.471524002853109e-04	1.660646782564472e+00
9.481289627853109e-04	1.660646782564484e+00
9.491055252853109e-04	1.660646782564476e+00
9.500820877853109e-04	1.660646782564475e+00
9.510586502853109e-04	1.660646782564457e+00
9.520352127853109e-04	1.660646782564468e+00
9.530117752853109e-04	1.660646782564475e+00
9.539883377853109e-04	1.660646782564497e+00
9.549649002853109e-04	1.660646782564482e+00
9.559414627853109e-04	1.660646782564477e+00
9.569180252853109e-04	1.660646782564461e+00
9.578945877853109e-04	1.660646782564476e+00
9.588711502853109e-04	1.660646782564475e+00
9.598477127853109e-04	1.660646782564486e+00
9.608242752853109e-04	1.660646782564471e+00
9.618008377853109e-04	1.660646782564477e+00
9.627774002853109e-04	1.660646782564469e+00
9.637539627853109e-04	1.660646782564472e+00
9.647305252853109e-04	1.660646782564466e+00
9.657070877853109e-04	1.660646782564478e+00
9.666836502853109e-04	1.660646782564461e+00
9.676602127853109e-04	1.660646782564472e+00
9.686367752853109e-04	1.660646782564474e+00
9.696133377853109e-04	1.660646782564485e+00
9.705899002853109e-04	1.660646782564482e+00
9.715664627853109e-04	1.660646782564489e+00
9.725430252853109e-04	1.660646782564469e+00
9.735195877853109e-04	1.660646782564465e+00
9.744961502853109e-04	1.660646782564462e+00
9.754727127853109e-04	1.660646782564473e+00
9.764492752853109e-04	1.660646782564463e+00
9.774258377853108e-04	1.660646782564477e+00
9.784024002853107e-04	1.660646782564484e+00
9.793789627853106e-04	1.660646782564496e+00
9.803555252853105e-04	1.660646782564485e+00
9.813320877853104e-04	1.660646782564487e+00
9.823086502853103e-04	1.660646782564472e+00
9.832852127853102e-04	1.660646782564469e+00
9.842617752853101e-04	1.660646782564464e+00
9.852383377853100e-04	1.660646782564476e+00
9.862149002853099e-04	1.660646782564472e+00
9.871914627853097e-04	1.660646782564478e+00
9.881680252853096e-04	1.660646782564468e+00
9.891445877853095e-04	1.660646782564470e+00
9.901211502853094e-04	1.660646782564462e+00
9.910977127853093e-04	1.660646782564466e+00
9.920742752853092e-04	1.660646782564468e+00
9.930508377853091e-04	1.660646782564480e+00
9.940274002853090e-04	1.660646782564470e+00
9.950039627853089e-04	1.660646782564475e+00
9.959805252853088e-04	1.660646782564480e+00
9.969570877853087e-04	1.660646782564491e+00
9.979336502853086e-04	1.660646782564484e+00
9.989102127853085e-04	1.660646782443071e+00
9.990234375000001e-04	1.660646782495785e+00
9.992498869293835e-04	1.660646782580772e+00
9.995471011412333e-04	1.660646785676741e+00
9.995521011412333e-04	1.660646784124593e+00
9.995621011412333e-04	1.660646781747607e+00
9.995821011412334e-04	1.660646782536038e+00
9.996016018828597e-04	1.660646782122947e+00
9.996406033661121e-04	1.660646782779022e+00
9.997157797802215e-04	1.660646782481042e+00
9.998329587536379e-04	1.660646779137372e+00
9.998379587536378e-04	1.660646780791635e+00
9.998479587536378e-04	1.660646783480843e+00
9.998679587536379e-04	1.660646782540852e+00
9.998885578102622e-04	1.660646783019913e+00
9.999297559235107e-04	1.660646785936473e+00
9.999347559235107e-04	1.660646784471527e+00
9.999447559235106e-04	1.660646781590390e+00
9.999647559235107e-04	1.660646782095910e+00
9.999783446926753e-04	1.660646785088012e+00
9.999833446926753e-04	1.660646783546021e+00
9.999900000000001e-04	1.660646783569396e+00
9.999950000000001e-04	1.660646782570010e+00
1.000000000000000e-03	1.660646777570657e+00
Step Information: Ct=27p  (Step: 2/3)
0.000000000000000e+00	1.660646782564473e+00
9.765624940649698e-12	1.660646782564093e+00
1.183382537236744e-11	1.660646782563994e+00
1.597022623580292e-11	1.660646782563682e+00
2.424302796267389e-11	1.660646782562206e+00
4.078863141641581e-11	1.660646782551631e+00
7.387983832389967e-11	1.660646782494043e+00
1.205083359392018e-10	1.660646782383316e+00
1.713188329690007e-10	1.660646782466916e+00
2.225333090835647e-10	1.660646783269564e+00
2.700803971376956e-10	1.660646785250607e+00
3.205684129272096e-10	1.660646788918592e+00
3.918641659552862e-10	1.660646795277673e+00
4.534344584069358e-10	1.660646799678684e+00
5.198843684313900e-10	1.660646801194620e+00
5.861628557345776e-10	1.660646799909535e+00
6.790721858940628e-10	1.660646799048314e+00
7.486291719868572e-10	1.660646804196107e+00
8.233580484578206e-10	1.660646817762347e+00
8.789196970152530e-10	1.660646831756354e+00
9.547470108656984e-10	1.660646851872869e+00
1.031719775043479e-09	1.660646870522292e+00
1.132075940329194e-09	1.660646895596699e+00
1.233310104122079e-09	1.660646930033216e+00
1.346740984777661e-09	1.660646986759043e+00
1.462087256667877e-09	1.660647065905415e+00
1.569762379958154e-09	1.660647162340781e+00
1.683093325263280e-09	1.660647291769801e+00
1.799852755568833e-09	1.660647457560040e+00
1.907598509998642e-09	1.660647648800651e+00
2.044294037253623e-09	1.660647956512487e+00
2.170122306721881e-09	1.660648323961022e+00
2.314340819311177e-09	1.660648869086662e+00
2.471503531117568e-09	1.660649615199500e+00
2.609029881688994e-09	1.660650432528946e+00
2.755049233649589e-09	1.660651507151117e+00
2.880148494456682e-09	1.660652631149662e+00
3.014703431370462e-09	1.660654094942067e+00
3.166698021240869e-09	1.660656083557782e+00
3.322993676349935e-09	1.660658579094055e+00
3.516274501166203e-09	1.660662394768994e+00
3.727380644979241e-09	1.660667551892255e+00
3.927592358215753e-09	1.660673563008972e+00
4.113357833758454e-09	1.660680337830726e+00
4.306707253033131e-09	1.660688832406960e+00
4.516772743166781e-09	1.660699846619742e+00
4.710228664847921e-09	1.660711592568205e+00
4.800718265339621e-09	1.660717692022002e+00
4.819020799016600e-09	1.660719012730680e+00
4.855625866370557e-09	1.660721775346070e+00
4.928836001078473e-09	1.660727533608212e+00
5.000000000000000e-09	1.660733340574091e+00
5.007116399892153e-09	1.660733951426914e+00
5.021349199676458e-09	1.660735183681109e+00
5.049814799245069e-09	1.660737700455981e+00
5.106745998382291e-09	1.660742954868146e+00
5.220608396656735e-09	1.660754168207838e+00
5.347728759582044e-09	1.660767792987627e+00
5.481666732551298e-09	1.660783605392494e+00
5.609053136035992e-09	1.660800209194434e+00
5.740262391033350e-09	1.660819139638084e+00
5.888813006487996e-09	1.660842885678385e+00
6.039930500964033e-09	1.660869809321573e+00
6.210621650887404e-09	1.660904132728945e+00
6.422360769464093e-09	1.660952464429380e+00
6.625630528806316e-09	1.661005191033306e+00
6.815455297666835e-09	1.661061244590364e+00
7.032567845280960e-09	1.661133595854073e+00
7.226417354886228e-09	1.661205865588808e+00
7.405344244986544e-09	1.661280903527410e+00
7.587720520528092e-09	1.661368562970315e+00
7.753014933408314e-09	1.661458580408319e+00
7.861694638098538e-09	1.661519917378477e+00
7.976761446292180e-09	1.661580689808323e+00
8.055567683638373e-09	1.661619494183868e+00
8.128166964619246e-09	1.661657393725779e+00
8.204670268309192e-09	1.661704812506937e+00
8.284025138925440e-09	1.661762660458920e+00
8.371402773574591e-09	1.661831535232672e+00
8.477515576081958e-09	1.661913397095801e+00
8.590726343116511e-09	1.661994065297724e+00
8.742239791042127e-09	1.662099601500865e+00
8.901543282280378e-09	1.662223367991112e+00
9.099937249429251e-09	1.662397261299896e+00
9.281069127940169e-09	1.662559772680856e+00
9.468418459305457e-09	1.662724587488605e+00
9.648162474867252e-09	1.662890425284887e+00
9.807802772122972e-09	1.663052287665105e+00
9.960088096967095e-09	1.663212953598926e+00
1.011666841378712e-08	1.663374645881875e+00
1.028660048957037e-08	1.663550913153185e+00
1.047342876425620e-08	1.663757701135282e+00
1.069449915479272e-08	1.664015407204237e+00
1.091871244044593e-08	1.664278318199350e+00
1.118945017586485e-08	1.664601659578771e+00
1.143673095983511e-08	1.664911983698041e+00
1.166266837175098e-08	1.665202422569395e+00
1.191230800199065e-08	1.665522610242312e+00
1.210794231454029e-08	1.665779468946386e+00
1.228837210043314e-08	1.666024761973071e+00
1.247380367429049e-08	1.666277455047028e+00
1.267121812283754e-08	1.666543558902773e+00
1.288649420799537e-08	1.666838314955195e+00
1.310657337905785e-08	1.667146673760052e+00
1.333778509651750e-08	1.667469856475071e+00
1.358875004327219e-08	1.667818295623296e+00
1.382366511791870e-08	1.668149009703674e+00
1.400955100318220e-08	1.668413290489164e+00
1.417316253588982e-08	1.668642791764059e+00
1.434680104227424e-08	1.668883346528553e+00
1.448325268862536e-08	1.669074295905295e+00
1.462947557647533e-08	1.669281746686973e+00
1.477309687067077e-08	1.669484369663834e+00
1.492368916477035e-08	1.669692909807299e+00
1.512042794499606e-08	1.669963270399434e+00
1.529711998825956e-08	1.670207994948245e+00
1.548310938520065e-08	1.670466115227095e+00
1.562039203994786e-08	1.670653680520438e+00
1.576653436713013e-08	1.670850166886097e+00
1.592254409083862e-08	1.671059885109832e+00
1.603871052773720e-08	1.671217235735192e+00
1.616731861764279e-08	1.671391128827016e+00
1.630594405662345e-08	1.671575636995464e+00
1.644166069126959e-08	1.671753292597694e+00
1.658320148822538e-08	1.671937722715129e+00
1.672928841517342e-08	1.672128917786282e+00
1.684312513645486e-08	1.672277760588846e+00
1.696455407016058e-08	1.672434636787338e+00
1.706789341253207e-08	1.672565928439622e+00
1.717657072613908e-08	1.672702526013538e+00
1.728447746918839e-08	1.672838112508603e+00
1.741589836947853e-08	1.673003736435477e+00
1.753193804606604e-08	1.673149433402012e+00
1.765377843005821e-08	1.673300337828444e+00
1.778499636146948e-08	1.673460214306543e+00
1.791712036252415e-08	1.673619695102081e+00
1.802027445666618e-08	1.673744102565657e+00
1.813421139934084e-08	1.673881459055980e+00
1.826102472406523e-08	1.674033030251547e+00
1.840341514160875e-08	1.674200593291709e+00
1.852192513242774e-08	1.674338038866678e+00
1.864503423689250e-08	1.674479826477772e+00
1.878567515280487e-08	1.674641444066105e+00
1.893591630850474e-08	1.674812963812984e+00
1.906108624213199e-08	1.674953817495761e+00
1.919006490794261e-08	1.675096639884363e+00
1.933430600951570e-08	1.675254832261569e+00
1.948403498185205e-08	1.675418340952067e+00
1.960982067715218e-08	1.675554795591387e+00
1.973806392612316e-08	1.675692146818165e+00
1.985484866762848e-08	1.675815285050198e+00
2.000013430859000e-08	1.675966733991910e+00
2.012101011601604e-08	1.676092059529796e+00
2.024451926512339e-08	1.676219439283183e+00
2.037408567932469e-08	1.676351610395454e+00
2.052448881429218e-08	1.676502714078855e+00
2.064540001704224e-08	1.676622542884739e+00
2.076828270248069e-08	1.676743340857009e+00
2.087918720255278e-08	1.676851828542441e+00
2.101199199868001e-08	1.676980779211155e+00
2.112074944744726e-08	1.677085102931140e+00
2.123239370693143e-08	1.677190685660707e+00
2.135855167281621e-08	1.677308686060127e+00
2.149338686513999e-08	1.677433945763254e+00
2.160563032388620e-08	1.677537595457912e+00
2.172136855920737e-08	1.677643471947931e+00
2.184676037524761e-08	1.677756716128597e+00
2.195823686561783e-08	1.677856080954278e+00
2.207375987366877e-08	1.677958058923382e+00
2.218258976522272e-08	1.678053446258714e+00
2.235860196873539e-08	1.678206417136796e+00
2.250356323945601e-08	1.678330751553987e+00
2.265037980749653e-08	1.678454700988133e+00
2.278979167398421e-08	1.678570897841947e+00
2.294970895980390e-08	1.678702906499565e+00
2.310538768529011e-08	1.678830130869679e+00
2.324023742085365e-08	1.678938840284728e+00
2.337775466676086e-08	1.679048074953150e+00
2.352409000749781e-08	1.679162813530293e+00
2.374401697133215e-08	1.679333240277505e+00
2.393538432889222e-08	1.679479356401578e+00
2.412774681262612e-08	1.679623587869610e+00
2.430856694219964e-08	1.679757010277248e+00
2.448696474691213e-08	1.679886835463187e+00
2.471210335877554e-08	1.680048077497820e+00
2.495130470700057e-08	1.680216166063263e+00
2.515856380772496e-08	1.680359184477560e+00
2.536763091700236e-08	1.680501266782562e+00
2.555831063223298e-08	1.680628778568868e+00
2.576325809691132e-08	1.680763265885052e+00
2.602100842691453e-08	1.680928969253095e+00
2.641554337325287e-08	1.681176744073761e+00
2.680315516799579e-08	1.681413341803442e+00
2.719460971671203e-08	1.681645166980538e+00
2.758023732139140e-08	1.681867104841311e+00
2.793326354787046e-08	1.682064565687320e+00
2.827057328854317e-08	1.682248378310500e+00
2.858776862452328e-08	1.682417121198799e+00
2.890483859770748e-08	1.682581615924351e+00
2.925224161540665e-08	1.682757179402504e+00
2.971326672902627e-08	1.682982777950152e+00
3.041319963134672e-08	1.683312095543056e+00
3.110385070974303e-08	1.683622704114232e+00
3.184091321074757e-08	1.683938107614424e+00
3.258705640565758e-08	1.684242028448391e+00
3.330837247702817e-08	1.684521820341242e+00
3.401893271208123e-08	1.684784641202692e+00
3.469686201375266e-08	1.685024320994216e+00
3.534776906928839e-08	1.685244649986491e+00
3.597239226517662e-08	1.685447548802457e+00
3.657170869134792e-08	1.685634706870848e+00
3.715486680270592e-08	1.685809976295939e+00
3.772700705407068e-08	1.685975717739313e+00
3.830062844126925e-08	1.686135841655672e+00
3.888925335158806e-08	1.686294111790301e+00
3.951473077381363e-08	1.686455824459454e+00
4.020982436390939e-08	1.686627880681812e+00
4.103220273251688e-08	1.686821408039892e+00
4.209079249457627e-08	1.687054776665531e+00
4.364422791698752e-08	1.687368291459763e+00
4.579374086185968e-08	1.687754199895241e+00
4.837938761848881e-08	1.688150104906875e+00
5.203326019563906e-08	1.688600316807285e+00
5.723942725119869e-08	1.689076304256634e+00
6.495397871841752e-08	1.689556609756037e+00
7.287459774853365e-08	1.689866896054406e+00
8.175582235939850e-08	1.690065882558984e+00
9.335510915949669e-08	1.690204307799303e+00
1.065064945874703e-07	1.690277842323036e+00
1.252161333496263e-07	1.690318419386431e+00
1.454680845624938e-07	1.690332697256793e+00
1.859719869882286e-07	1.690339310411288e+00
2.270462850732768e-07	1.690341545863570e+00
3.091948812433731e-07	1.690343596053731e+00
4.424615767317294e-07	1.690345166298597e+00
6.416845141260638e-07	1.690345211752469e+00
8.885273720605237e-07	1.690343651727501e+00
1.289071525673749e-06	1.690340230752570e+00
1.857152006996251e-06	1.690335653107957e+00
2.760077469132540e-06	1.690329619451910e+00
3.736639969132540e-06	1.690324528922393e+00
4.713202469132540e-06	1.690320701770724e+00
5.689764969132540e-06	1.690317845312747e+00
6.666327469132540e-06	1.690315713315919e+00
7.642889969132541e-06	1.690314122063503e+00
8.619452469132542e-06	1.690312934380886e+00
9.596014969132543e-06	1.690312047936356e+00
1.057257746913254e-05	1.690311386305608e+00
1.154913996913254e-05	1.690310892491867e+00
1.252570246913255e-05	1.690310523912566e+00
1.350226496913255e-05	1.690310248823390e+00
1.447882746913255e-05	1.690310043495201e+00
1.545538996913255e-05	1.690309890251108e+00
1.643195246913255e-05	1.690309775866356e+00
1.740851496913255e-05	1.690309690499494e+00
1.838507746913255e-05	1.690309626777593e+00
1.936163996913255e-05	1.690309579223021e+00
2.033820246913255e-05	1.690309543723886e+00
2.131476496913255e-05	1.690309517233305e+00
2.229132746913255e-05	1.690309497456743e+00
2.326788996913255e-05	1.690309482700486e+00
2.424445246913256e-05	1.690309471682726e+00
2.522101496913256e-05	1.690309463463058e+00
2.619757746913256e-05	1.690309457324590e+00
2.717413996913256e-05	1.690309452746205e+00
2.815070246913256e-05	1.690309449326110e+00
2.912726496913256e-05	1.690309446776175e+00
3.010382746913256e-05	1.690309444870470e+00
3.108038996913256e-05	1.690309443450331e+00
3.205695246913256e-05	1.690309442388308e+00
3.303351496913256e-05	1.690309441597539e+00
3.401007746913256e-05	1.690309441005647e+00
3.498663996913257e-05	1.690309440565397e+00
3.596320246913257e-05	1.690309440235420e+00
3.693976496913257e-05	1.690309439990354e+00
3.791632746913257e-05	1.690309439806360e+00
3.889288996913257e-05	1.690309439669989e+00
3.986945246913257e-05	1.690309439567399e+00
4.084601496913257e-05	1.690309439491530e+00
4.182257746913257e-05	1.690309439434285e+00
4.279913996913257e-05	1.690309439392041e+00
4.377570246913257e-05	1.690309439360139e+00
4.475226496913257e-05	1.690309439336632e+00
4.572882746913257e-05	1.690309439318877e+00
4.670538996913258e-05	1.690309439305745e+00
4.768195246913258e-05	1.690309439295885e+00
4.865851496913258e-05	1.690309439288503e+00
4.963507746913258e-05	1.690309439283091e+00
5.061163996913258e-05	1.690309439278894e+00
5.158820246913258e-05	1.690309439275983e+00
5.256476496913258e-05	1.690309439273527e+00
5.354132746913258e-05	1.690309439272025e+00
5.451788996913258e-05	1.690309439270523e+00
5.549445246913258e-05	1.690309439269839e+00
5.647101496913258e-05	1.690309439268850e+00
5.744757746913259e-05	1.690309439268637e+00
5.842413996913259e-05	1.690309439267904e+00
5.940070246913259e-05	1.690309439267961e+00
6.037726496913259e-05	1.690309439267369e+00
6.135382746913258e-05	1.690309439267583e+00
6.233038996913258e-05	1.690309439267039e+00
6.330695246913258e-05	1.690309439267376e+00
6.428351496913258e-05	1.690309439266885e+00
6.526007746913259e-05	1.690309439267308e+00
6.623663996913259e-05	1.690309439266802e+00
6.721320246913259e-05	1.690309439267248e+00
6.818976496913259e-05	1.690309439266730e+00
6.916632746913259e-05	1.690309439267222e+00
7.014288996913259e-05	1.690309439266693e+00
7.111945246913259e-05	1.690309439267203e+00
7.209601496913259e-05	1.690309439266651e+00
7.307257746913259e-05	1.690309439267185e+00
7.404913996913259e-05	1.690309439266644e+00
7.502570246913259e-05	1.690309439267200e+00
7.600226496913259e-05	1.690309439266625e+00
7.697882746913260e-05	1.690309439267194e+00
7.795538996913260e-05	1.690309439266628e+00
7.893195246913260e-05	1.690309439267214e+00
7.990851496913260e-05	1.690309439266623e+00
8.088507746913260e-05	1.690309439267207e+00
8.186163996913260e-05	1.690309439266619e+00
8.283820246913260e-05	1.690309439267221e+00
8.381476496913260e-05	1.690309439266626e+00
8.479132746913260e-05	1.690309439267224e+00
8.576788996913260e-05	1.690309439266619e+00
8.674445246913260e-05	1.690309439267215e+00
8.772101496913261e-05	1.690309439266599e+00
8.869757746913261e-05	1.690309439267220e+00
8.967413996913261e-05	1.690309439266626e+00
9.065070246913261e-05	1.690309439267232e+00
9.162726496913261e-05	1.690309439266621e+00
9.260382746913261e-05	1.690309439267235e+00
9.358038996913261e-05	1.690309439266615e+00
9.455695246913261e-05	1.690309439267218e+00
9.553351496913261e-05	1.690309439266612e+00
9.651007746913261e-05	1.690309439267225e+00
9.748663996913261e-05	1.690309439266619e+00
9.846320246913261e-05	1.690309439267226e+00
9.943976496913262e-05	1.690309439266622e+00
1.004163274691326e-04	1.690309439267218e+00
1.013928899691326e-04	1.690309439266608e+00
1.023694524691326e-04	1.690309439267220e+00
1.033460149691326e-04	1.690309439266635e+00
1.043225774691326e-04	1.690309439267222e+00
1.052991399691326e-04	1.690309439266618e+00
1.062757024691326e-04	1.690309439267211e+00
1.072522649691326e-04	1.690309439266614e+00
1.082288274691326e-04	1.690309439267198e+00
1.092053899691326e-04	1.690309439266622e+00
1.101819524691326e-04	1.690309439267209e+00
1.111585149691326e-04	1.690309439266634e+00
1.121350774691326e-04	1.690309439267204e+00
1.131116399691326e-04	1.690309439266645e+00
1.140882024691326e-04	1.690309439267221e+00
1.150647649691326e-04	1.690309439266646e+00
1.160413274691326e-04	1.690309439267199e+00
1.170178899691326e-04	1.690309439266643e+00
1.179944524691326e-04	1.690309439267187e+00
1.189710149691326e-04	1.690309439266639e+00
1.199475774691326e-04	1.690309439267193e+00
1.209241399691326e-04	1.690309439266654e+00
1.219007024691326e-04	1.690309439267190e+00
1.228772649691326e-04	1.690309439266660e+00
1.238538274691326e-04	1.690309439267192e+00
1.248303899691326e-04	1.690309439266668e+00
1.258069524691326e-04	1.690309439267175e+00
1.267835149691326e-04	1.690309439266669e+00
1.277600774691326e-04	1.690309439267197e+00
1.287366399691326e-04	1.690309439266688e+00
1.297132024691326e-04	1.690309439267180e+00
1.306897649691326e-04	1.690309439266680e+00
1.316663274691326e-04	1.690309439267171e+00
1.326428899691326e-04	1.690309439266683e+00
1.336194524691326e-04	1.690309439267166e+00
1.345960149691326e-04	1.690309439266701e+00
1.355725774691326e-04	1.690309439267184e+00
1.365491399691326e-04	1.690309439266708e+00
1.375257024691326e-04	1.690309439267158e+00
1.385022649691326e-04	1.690309439266695e+00
1.394788274691326e-04	1.690309439267146e+00
1.404553899691326e-04	1.690309439266694e+00
1.414319524691326e-04	1.690309439267129e+00
1.424085149691326e-04	1.690309439266687e+00
1.433850774691326e-04	1.690309439267117e+00
1.443616399691326e-04	1.690309439266688e+00
1.453382024691326e-04	1.690309439267121e+00
1.463147649691326e-04	1.690309439266718e+00
1.472913274691326e-04	1.690309439267135e+00
1.482678899691326e-04	1.690309439266730e+00
1.492444524691326e-04	1.690309439267128e+00
1.502210149691326e-04	1.690309439266717e+00
1.511975774691326e-04	1.690309439267117e+00
1.521741399691326e-04	1.690309439266743e+00
1.531507024691326e-04	1.690309439267123e+00
1.541272649691327e-04	1.690309439266751e+00
1.551038274691327e-04	1.690309439267123e+00
1.560803899691327e-04	1.690309439266747e+00
1.570569524691327e-04	1.690309439267098e+00
1.580335149691327e-04	1.690309439266735e+00
1.590100774691327e-04	1.690309439267092e+00
1.599866399691327e-04	1.690309439266756e+00
1.609632024691327e-04	1.690309439267100e+00
1.619397649691327e-04	1.690309439266756e+00
1.629163274691327e-04	1.690309439267081e+00
1.638928899691327e-04	1.690309439266762e+00
1.648694524691327e-04	1.690309439267091e+00
1.658460149691327e-04	1.690309439266779e+00
1.668225774691327e-04	1.690309439267094e+00
1.677991399691327e-04	1.690309439266785e+00
1.687757024691327e-04	1.690309439267077e+00
1.697522649691327e-04	1.690309439266776e+00
1.707288274691327e-04	1.690309439267068e+00
1.717053899691327e-04	1.690309439266789e+00
1.726819524691327e-04	1.690309439267074e+00
1.736585149691327e-04	1.690309439266797e+00
1.746350774691327e-04	1.690309439267069e+00
1.756116399691327e-04	1.690309439266792e+00
1.765882024691327e-04	1.690309439267044e+00
1.775647649691327e-04	1.690309439266787e+00
1.785413274691327e-04	1.690309439267038e+00
1.795178899691327e-04	1.690309439266778e+00
1.804944524691327e-04	1.690309439267019e+00
1.814710149691327e-04	1.690309439266801e+00
1.824475774691327e-04	1.690309439267043e+00
1.834241399691327e-04	1.690309439266806e+00
1.844007024691327e-04	1.690309439267031e+00
1.853772649691327e-04	1.690309439266812e+00
1.863538274691327e-04	1.690309439267029e+00
1.873303899691327e-04	1.690309439266833e+00
1.883069524691327e-04	1.690309439267053e+00
1.892835149691327e-04	1.690309439266838e+00
1.902600774691327e-04	1.690309439267016e+00
1.912366399691327e-04	1.690309439266823e+00
1.922132024691327e-04	1.690309439267014e+00
1.931897649691327e-04	1.690309439266826e+00
1.941663274691327e-04	1.690309439267009e+00
1.951428899691327e-04	1.690309439266833e+00
1.961194524691327e-04	1.690309439267006e+00
1.970960149691327e-04	1.690309439266834e+00
1.980725774691327e-04	1.690309439266994e+00
1.990491399691327e-04	1.690309439266832e+00
2.000257024691327e-04	1.690309439266996e+00
2.010022649691327e-04	1.690309439266847e+00
2.019788274691327e-04	1.690309439266995e+00
2.029553899691327e-04	1.690309439266852e+00
2.039319524691327e-04	1.690309439266996e+00
2.049085149691327e-04	1.690309439266858e+00
2.058850774691327e-04	1.690309439266997e+00
2.068616399691327e-04	1.690309439266865e+00
2.078382024691327e-04	1.690309439266981e+00
2.088147649691327e-04	1.690309439266856e+00
2.097913274691327e-04	1.690309439266984e+00
2.107678899691327e-04	1.690309439266874e+00
2.117444524691327e-04	1.690309439266989e+00
2.127210149691327e-04	1.690309439266880e+00
2.136975774691327e-04	1.690309439266980e+00
2.146741399691327e-04	1.690309439266874e+00
2.156507024691327e-04	1.690309439266975e+00
2.166272649691327e-04	1.690309439266874e+00
2.176038274691327e-04	1.690309439266963e+00
2.185803899691327e-04	1.690309439266869e+00
2.195569524691327e-04	1.690309439266955e+00
2.205335149691327e-04	1.690309439266878e+00
2.215100774691327e-04	1.690309439266957e+00
2.224866399691327e-04	1.690309439266879e+00
2.234632024691327e-04	1.690309439266958e+00
2.244397649691327e-04	1.690309439266884e+00
2.254163274691327e-04	1.690309439266954e+00
2.263928899691327e-04	1.690309439266889e+00
2.273694524691327e-04	1.690309439266951e+00
2.283460149691327e-04	1.690309439266900e+00
2.293225774691327e-04	1.690309439266963e+00
2.302991399691327e-04	1.690309439266910e+00
2.312757024691327e-04	1.690309439266955e+00
2.322522649691327e-04	1.690309439266899e+00
2.332288274691327e-04	1.690309439266948e+00
2.342053899691327e-04	1.690309439266900e+00
2.351819524691327e-04	1.690309439266933e+00
2.361585149691327e-04	1.690309439266906e+00
2.371350774691327e-04	1.690309439266947e+00
2.381116399691327e-04	1.690309439266903e+00
2.390882024691327e-04	1.690309439266932e+00
2.400647649691327e-04	1.690309439266903e+00
2.410413274691327e-04	1.690309439266932e+00
2.420178899691327e-04	1.690309439266910e+00
2.429944524691327e-04	1.690309439266938e+00
2.439710149691327e-04	1.690309439266919e+00
2.449475774691327e-04	1.690309439266931e+00
2.459241399691327e-04	1.690309439266915e+00
2.469007024691327e-04	1.690309439266928e+00
2.478772649691327e-04	1.690309439266914e+00
2.488538274691327e-04	1.690309439266931e+00
2.498303899691327e-04	1.690309439266924e+00
2.508069524691327e-04	1.690309439266930e+00
2.517835149691327e-04	1.690309439266936e+00
2.527600774691327e-04	1.690309439266945e+00
2.537366399691327e-04	1.690309439266937e+00
2.547132024691327e-04	1.690309439266925e+00
2.556897649691327e-04	1.690309439266925e+00
2.566663274691327e-04	1.690309439266928e+00
2.576428899691327e-04	1.690309439266941e+00
2.586194524691327e-04	1.690309439266918e+00
2.595960149691327e-04	1.690309439266926e+00
2.605725774691327e-04	1.690309439266932e+00
2.615491399691327e-04	1.690309439266952e+00
2.625257024691327e-04	1.690309439266930e+00
2.635022649691327e-04	1.690309439266932e+00
2.644788274691327e-04	1.690309439266914e+00
2.654553899691327e-04	1.690309439266941e+00
2.664319524691327e-04	1.690309439266922e+00
2.674085149691327e-04	1.690309439266948e+00
2.683850774691327e-04	1.690309439266929e+00
2.693616399691327e-04	1.690309439266955e+00
2.703382024691327e-04	1.690309439266930e+00
2.713147649691327e-04	1.690309439266951e+00
2.722913274691327e-04	1.690309439266920e+00
2.732678899691327e-04	1.690309439266947e+00
2.742444524691327e-04	1.690309439266915e+00
2.752210149691327e-04	1.690309439266944e+00
2.761975774691327e-04	1.690309439266909e+00
2.771741399691327e-04	1.690309439266949e+00
2.781507024691327e-04	1.690309439266916e+00
2.791272649691327e-04	1.690309439266942e+00
2.801038274691327e-04	1.690309439266904e+00
2.810803899691327e-04	1.690309439266946e+00
2.820569524691327e-04	1.690309439266909e+00
2.830335149691327e-04	1.690309439266943e+00
2.840100774691327e-04	1.690309439266904e+00
2.849866399691327e-04	1.690309439266951e+00
2.859632024691327e-04	1.690309439266908e+00
2.869397649691327e-04	1.690309439266948e+00
2.879163274691327e-04	1.690309439266905e+00
2.888928899691327e-04	1.690309439266952e+00
2.898694524691327e-04	1.690309439266911e+00
2.908460149691327e-04	1.690309439266954e+00
2.918225774691327e-04	1.690309439266907e+00
2.927991399691327e-04	1.690309439266953e+00
2.937757024691327e-04	1.690309439266897e+00
2.947522649691327e-04	1.690309439266946e+00
2.957288274691327e-04	1.690309439266912e+00
2.967053899691328e-04	1.690309439266957e+00
2.976819524691328e-04	1.690309439266900e+00
2.986585149691328e-04	1.690309439266954e+00
2.996350774691328e-04	1.690309439266903e+00
3.006116399691328e-04	1.690309439266949e+00
3.015882024691328e-04	1.690309439266895e+00
3.025647649691328e-04	1.690309439266947e+00
3.035413274691328e-04	1.690309439266899e+00
3.045178899691328e-04	1.690309439266953e+00
3.054944524691328e-04	1.690309439266892e+00
3.064710149691328e-04	1.690309439266934e+00
3.074475774691328e-04	1.690309439266887e+00
3.084241399691328e-04	1.690309439266945e+00
3.094007024691328e-04	1.690309439266892e+00
3.103772649691328e-04	1.690309439266954e+00
3.113538274691328e-04	1.690309439266909e+00
3.123303899691328e-04	1.690309439266968e+00
3.133069524691328e-04	1.690309439266903e+00
3.142835149691328e-04	1.690309439266949e+00
3.152600774691328e-04	1.690309439266893e+00
3.162366399691328e-04	1.690309439266946e+00
3.172132024691328e-04	1.690309439266889e+00
3.181897649691328e-04	1.690309439266950e+00
3.191663274691328e-04	1.690309439266899e+00
3.201428899691328e-04	1.690309439266950e+00
3.211194524691328e-04	1.690309439266896e+00
3.220960149691328e-04	1.690309439266960e+00
3.230725774691328e-04	1.690309439266894e+00
3.240491399691328e-04	1.690309439266935e+00
3.250257024691328e-04	1.690309439266882e+00
3.260022649691328e-04	1.690309439266950e+00
3.269788274691328e-04	1.690309439266902e+00
3.279553899691328e-04	1.690309439266958e+00
3.289319524691328e-04	1.690309439266902e+00
3.299085149691328e-04	1.690309439266964e+00
3.308850774691328e-04	1.690309439266914e+00
3.318616399691328e-04	1.690309439266960e+00
3.328382024691328e-04	1.690309439266897e+00
3.338147649691328e-04	1.690309439266953e+00
3.347913274691328e-04	1.690309439266905e+00
3.357678899691328e-04	1.690309439266973e+00
3.367444524691328e-04	1.690309439266920e+00
3.377210149691328e-04	1.690309439266969e+00
3.386975774691328e-04	1.690309439266908e+00
3.396741399691328e-04	1.690309439266950e+00
3.406507024691328e-04	1.690309439266895e+00
3.416272649691328e-04	1.690309439266955e+00
3.426038274691328e-04	1.690309439266898e+00
3.435803899691328e-04	1.690309439266950e+00
3.445569524691328e-04	1.690309439266904e+00
3.455335149691328e-04	1.690309439266970e+00
3.465100774691328e-04	1.690309439266920e+00
3.474866399691328e-04	1.690309439266968e+00
3.484632024691328e-04	1.690309439266898e+00
3.494397649691328e-04	1.690309439266936e+00
3.504163274691328e-04	1.690309439266894e+00
3.513928899691328e-04	1.690309439266964e+00
3.523694524691328e-04	1.690309439266915e+00
3.533460149691328e-04	1.690309439266954e+00
3.543225774691328e-04	1.690309439266898e+00
3.552991399691328e-04	1.690309439266954e+00
3.562757024691328e-04	1.690309439266901e+00
3.572522649691328e-04	1.690309439266944e+00
3.582288274691328e-04	1.690309439266898e+00
3.592053899691328e-04	1.690309439266955e+00
3.601819524691328e-04	1.690309439266896e+00
3.611585149691328e-04	1.690309439266935e+00
3.621350774691328e-04	1.690309439266896e+00
3.631116399691328e-04	1.690309439266959e+00
3.640882024691328e-04	1.690309439266910e+00
3.650647649691328e-04	1.690309439266951e+00
3.660413274691328e-04	1.690309439266906e+00
3.670178899691328e-04	1.690309439266951e+00
3.679944524691328e-04	1.690309439266904e+00
3.689710149691328e-04	1.690309439266960e+00
3.699475774691328e-04	1.690309439266915e+00
3.709241399691328e-04	1.690309439266953e+00
3.719007024691328e-04	1.690309439266904e+00
3.728772649691328e-04	1.690309439266947e+00
3.738538274691328e-04	1.690309439266906e+00
3.748303899691328e-04	1.690309439266950e+00
3.758069524691328e-04	1.690309439266901e+00
3.767835149691328e-04	1.690309439266939e+00
3.777600774691328e-04	1.690309439266905e+00
3.787366399691328e-04	1.690309439266959e+00
3.797132024691328e-04	1.690309439266913e+00
3.806897649691328e-04	1.690309439266953e+00
3.816663274691328e-04	1.690309439266917e+00
3.826428899691328e-04	1.690309439266952e+00
3.836194524691328e-04	1.690309439266907e+00
3.845960149691328e-04	1.690309439266956e+00
3.855725774691328e-04	1.690309439266921e+00
3.865491399691328e-04	1.690309439266961e+00
3.875257024691328e-04	1.690309439266922e+00
3.885022649691328e-04	1.690309439266958e+00
3.894788274691328e-04	1.690309439266911e+00
3.904553899691328e-04	1.690309439266950e+00
3.914319524691328e-04	1.690309439266926e+00
3.924085149691328e-04	1.690309439266967e+00
3.933850774691328e-04	1.690309439266920e+00
3.943616399691328e-04	1.690309439266952e+00
3.953382024691328e-04	1.690309439266917e+00
3.963147649691328e-04	1.690309439266948e+00
3.972913274691328e-04	1.690309439266917e+00
3.982678899691328e-04	1.690309439266958e+00
3.992444524691328e-04	1.690309439266925e+00
4.002210149691328e-04	1.690309439266950e+00
4.011975774691328e-04	1.690309439266907e+00
4.021741399691328e-04	1.690309439266942e+00
4.031507024691328e-04	1.690309439266911e+00
4.041272649691328e-04	1.690309439266942e+00
4.051038274691328e-04	1.690309439266912e+00
4.060803899691328e-04	1.690309439266949e+00
4.070569524691328e-04	1.690309439266916e+00
4.080335149691328e-04	1.690309439266941e+00
4.090100774691328e-04	1.690309439266917e+00
4.099866399691329e-04	1.690309439266952e+00
4.109632024691329e-04	1.690309439266910e+00
4.119397649691329e-04	1.690309439266929e+00
4.129163274691329e-04	1.690309439266905e+00
4.138928899691329e-04	1.690309439266937e+00
4.148694524691329e-04	1.690309439266914e+00
4.158460149691329e-04	1.690309439266949e+00
4.168225774691329e-04	1.690309439266920e+00
4.177991399691329e-04	1.690309439266940e+00
4.187757024691329e-04	1.690309439266912e+00
4.197522649691329e-04	1.690309439266946e+00
4.207288274691329e-04	1.690309439266924e+00
4.217053899691329e-04	1.690309439266947e+00
4.226819524691329e-04	1.690309439266922e+00
4.236585149691329e-04	1.690309439266942e+00
4.246350774691329e-04	1.690309439266911e+00
4.256116399691329e-04	1.690309439266932e+00
4.265882024691329e-04	1.690309439266912e+00
4.275647649691329e-04	1.690309439266941e+00
4.285413274691329e-04	1.690309439266914e+00
4.295178899691329e-04	1.690309439266936e+00
4.304944524691329e-04	1.690309439266929e+00
4.314710149691329e-04	1.690309439266953e+00
4.324475774691329e-04	1.690309439266916e+00
4.334241399691329e-04	1.690309439266934e+00
4.344007024691329e-04	1.690309439266920e+00
4.353772649691329e-04	1.690309439266940e+00
4.363538274691329e-04	1.690309439266923e+00
4.373303899691329e-04	1.690309439266948e+00
4.383069524691329e-04	1.690309439266922e+00
4.392835149691329e-04	1.690309439266940e+00
4.402600774691329e-04	1.690309439266928e+00
4.412366399691329e-04	1.690309439266946e+00
4.422132024691329e-04	1.690309439266921e+00
4.431897649691329e-04	1.690309439266936e+00
4.441663274691329e-04	1.690309439266921e+00
4.451428899691329e-04	1.690309439266941e+00
4.461194524691329e-04	1.690309439266923e+00
4.470960149691329e-04	1.690309439266938e+00
4.480725774691329e-04	1.690309439266918e+00
4.490491399691329e-04	1.690309439266934e+00
4.500257024691329e-04	1.690309439266924e+00
4.510022649691329e-04	1.690309439266937e+00
4.519788274691329e-04	1.690309439266922e+00
4.529553899691329e-04	1.690309439266945e+00
4.539319524691329e-04	1.690309439266935e+00
4.549085149691329e-04	1.690309439266946e+00
4.558850774691329e-04	1.690309439266928e+00
4.568616399691329e-04	1.690309439266944e+00
4.578382024691329e-04	1.690309439266932e+00
4.588147649691329e-04	1.690309439266944e+00
4.597913274691329e-04	1.690309439266926e+00
4.607678899691329e-04	1.690309439266941e+00
4.617444524691329e-04	1.690309439266942e+00
4.627210149691329e-04	1.690309439266962e+00
4.636975774691329e-04	1.690309439266940e+00
4.646741399691329e-04	1.690309439266947e+00
4.656507024691329e-04	1.690309439266932e+00
4.666272649691329e-04	1.690309439266929e+00
4.676038274691329e-04	1.690309439266906e+00
4.685803899691329e-04	1.690309439266916e+00
4.695569524691329e-04	1.690309439266910e+00
4.705335149691329e-04	1.690309439266929e+00
4.715100774691329e-04	1.690309439266931e+00
4.724866399691329e-04	1.690309439266945e+00
4.734632024691329e-04	1.690309439266927e+00
4.744397649691329e-04	1.690309439266937e+00
4.754163274691329e-04	1.690309439266930e+00
4.763928899691329e-04	1.690309439266939e+00
4.773694524691329e-04	1.690309439266929e+00
4.783460149691329e-04	1.690309439266944e+00
4.793225774691329e-04	1.690309439266944e+00
4.802991399691329e-04	1.690309439266961e+00
4.812757024691329e-04	1.690309439266952e+00
4.822522649691329e-04	1.690309439266946e+00
4.832288274691329e-04	1.690309439266922e+00
4.842053899691329e-04	1.690309439266924e+00
4.851819524691329e-04	1.690309439266917e+00
4.861585149691329e-04	1.690309439266933e+00
4.871350774691329e-04	1.690309439266925e+00
4.881116399691329e-04	1.690309439266927e+00
4.890882024691329e-04	1.690309439266923e+00
4.900647649691329e-04	1.690309439266931e+00
4.910413274691329e-04	1.690309439266933e+00
4.920178899691329e-04	1.690309439266947e+00
4.929944524691329e-04	1.690309439266926e+00
4.939710149691329e-04	1.690309439266919e+00
4.949475774691329e-04	1.690309439266925e+00
4.959241399691329e-04	1.690309439266942e+00
4.969007024691329e-04	1.690309439266931e+00
4.978772649691329e-04	1.690309439266936e+00
4.988538274691329e-04	1.690309439351334e+00
4.990284375000000e-04	1.690309439318331e+00
4.993776575617342e-04	1.690309442730406e+00
4.993826575617342e-04	1.690309441042919e+00
4.993926575617341e-04	1.690309438409843e+00
4.994126575617340e-04	1.690309439386162e+00
4.994357922397445e-04	1.690309438914715e+00
4.994820615957657e-04	1.690309439426217e+00
4.995678959505266e-04	1.690309439200929e+00
4.997011845273681e-04	1.690309439026409e+00
4.997448676395730e-04	1.690309439087418e+00
4.998322338639829e-04	1.690309436485256e+00
4.998372338639829e-04	1.690309437755358e+00
4.998472338639829e-04	1.690309439959801e+00
4.998672338639827e-04	1.690309439157967e+00
4.998909182445519e-04	1.690309439538059e+00
4.999382870056902e-04	1.690309441348709e+00
4.999432870056901e-04	1.690309440471574e+00
4.999532870056901e-04	1.690309438734187e+00
4.999732870056900e-04	1.690309438517761e+00
4.999807663567775e-04	1.690309438983042e+00
4.999900412978248e-04	1.690309438695789e+00
4.999950412978248e-04	1.690309439093219e+00
5.000000412978248e-04	1.690309439437500e+00
5.000050000000000e-04	1.690309325460765e+00
5.000050217986062e-04	1.690309336256593e+00
5.000050653958187e-04	1.690309365599151e+00
5.000051111546116e-04	1.690309406467710e+00
5.000051675157935e-04	1.690309461978277e+00
5.000052194398311e-04	1.690309505135278e+00
5.000052685428516e-04	1.690309527367904e+00
5.000053223500914e-04	1.690309523316207e+00
5.000053915924789e-04	1.690309483818711e+00
5.000054487780752e-04	1.690309434040225e+00
5.000055076940428e-04	1.690309382936732e+00
5.000055723661101e-04	1.690309349500070e+00
5.000056566923768e-04	1.690309348127378e+00
5.000057235120130e-04	1.690309375845231e+00
5.000058001218751e-04	1.690309420804893e+00
5.000058668646676e-04	1.690309447783433e+00
5.000059387368865e-04	1.690309447148602e+00
5.000060140358563e-04	1.690309410356957e+00
5.000061088185096e-04	1.690309333326731e+00
5.000062148266252e-04	1.690309248164955e+00
5.000063166935422e-04	1.690309196524448e+00
5.000064204440181e-04	1.690309172141575e+00
5.000065299914968e-04	1.690309129811232e+00
5.000066550790749e-04	1.690309004945663e+00
5.000067713688882e-04	1.690308805060430e+00
5.000069096381266e-04	1.690308510569206e+00
5.000070360797675e-04	1.690308218663784e+00
5.000071958072736e-04	1.690307765707377e+00
5.000073552213702e-04	1.690307117318766e+00
5.000075205179996e-04	1.690306176705680e+00
5.000076774649841e-04	1.690305032533453e+00
5.000078410962095e-04	1.690303540254157e+00
5.000080223659032e-04	1.690301409215435e+00
5.000082051387886e-04	1.690298556437509e+00
5.000084172251212e-04	1.690294145240996e+00
5.000086770439529e-04	1.690287003307089e+00
5.000089225592515e-04	1.690277779638772e+00
5.000092343190138e-04	1.690261650616446e+00
5.000095480385764e-04	1.690241002298210e+00
5.000096325556703e-04	1.690234133692356e+00
5.000098015898583e-04	1.690217724960053e+00
5.000100000000001e-04	1.690196357371085e+00
5.000100198410142e-04	1.690193889960081e+00
5.000100595230425e-04	1.690188827507001e+00
5.000101388870991e-04	1.690178125180153e+00
5.000102674550568e-04	1.690159434326838e+00
5.000103813955910e-04	1.690141284074208e+00
5.000105069332753e-04	1.690119240523777e+00
5.000106178882671e-04	1.690096862206778e+00
5.000107553873687e-04	1.690061094494091e+00
5.000109027762042e-04	1.690011317109107e+00
5.000109657903568e-04	1.689987887630635e+00
5.000110434290497e-04	1.689962028209974e+00
5.000110755231193e-04	1.689954537386121e+00
5.000111225335222e-04	1.689947925997850e+00
5.000111523676471e-04	1.689945017766408e+00
5.000111996976569e-04	1.689940111132601e+00
5.000112493712638e-04	1.689931789194062e+00
5.000112927474303e-04	1.689919652986595e+00
5.000113554686363e-04	1.689894089270872e+00
5.000114161844880e-04	1.689862629626229e+00
5.000114808600035e-04	1.689824735067265e+00
5.000115586250362e-04	1.689779944383649e+00
5.000116394032678e-04	1.689740379244057e+00
5.000117357816684e-04	1.689703284181287e+00
5.000118592617657e-04	1.689659366836464e+00
5.000119725783889e-04	1.689607831262756e+00
5.000121189193273e-04	1.689520022209955e+00
5.000122856973397e-04	1.689411357885450e+00
5.000124424986567e-04	1.689317625571562e+00
5.000126183572216e-04	1.689215649421336e+00
5.000127989594677e-04	1.689092241979103e+00
5.000129990811078e-04	1.688935128310668e+00
5.000131593688688e-04	1.688811079989954e+00
5.000133366382452e-04	1.688678544163557e+00
5.000135335077174e-04	1.688517191990628e+00
5.000137308484780e-04	1.688336704101718e+00
5.000139237962387e-04	1.688158497541783e+00
5.000141068568005e-04	1.687993308946178e+00
5.000142982234577e-04	1.687810098662480e+00
5.000145131940905e-04	1.687586895967007e+00
5.000146963290071e-04	1.687395096040347e+00
5.000148917635698e-04	1.687192892726044e+00
5.000151394573027e-04	1.686925561421939e+00
5.000153058593216e-04	1.686735261867802e+00
5.000154905196473e-04	1.686523080031816e+00
5.000157258114951e-04	1.686256922382283e+00
5.000159151428337e-04	1.686035109936117e+00
5.000161136828208e-04	1.685792872456377e+00
5.000163754354896e-04	1.685474489640255e+00
5.000165650652787e-04	1.685245012339470e+00
5.000167729613102e-04	1.684985540545700e+00
5.000169747488183e-04	1.684726772063110e+00
5.000171488719603e-04	1.684505717496446e+00
5.000173302524001e-04	1.684277701416903e+00
5.000174997914983e-04	1.684059515648193e+00
5.000176497338927e-04	1.683861308992999e+00
5.000178070101578e-04	1.683653989255938e+00
5.000179487224129e-04	1.683470658896690e+00
5.000181088070395e-04	1.683263165587909e+00
5.000182784999763e-04	1.683037935527631e+00
5.000184536602836e-04	1.682802881983294e+00
5.000186488093116e-04	1.682544295811916e+00
5.000188015777511e-04	1.682343850423880e+00
5.000189662231465e-04	1.682125337083208e+00
5.000191099515820e-04	1.681931680366287e+00
5.000192604759419e-04	1.681729784213229e+00
5.000194136743020e-04	1.681527825486028e+00
5.000195544443786e-04	1.681343228922439e+00
5.000197170369550e-04	1.681127671326669e+00
5.000198685440840e-04	1.680925520010682e+00
5.000200461898484e-04	1.680690983605837e+00
5.000201990969916e-04	1.680492169429245e+00
5.000203601263332e-04	1.680283089723580e+00
5.000205379245095e-04	1.680050463723429e+00
5.000206731481852e-04	1.679874077955090e+00
5.000208213736568e-04	1.679683721882276e+00
5.000209788615106e-04	1.679483870692461e+00
5.000211424722930e-04	1.679276141059728e+00
5.000213434825701e-04	1.679020832259496e+00
5.000215345411001e-04	1.678781257865900e+00
5.000217387504542e-04	1.678529324045886e+00
5.000218944312778e-04	1.678338274106401e+00
5.000220647534904e-04	1.678129546659947e+00
5.000222503041149e-04	1.677904428837293e+00
5.000223874385000e-04	1.677740867848635e+00
5.000225384295480e-04	1.677562720567339e+00
5.000227116499473e-04	1.677358751875392e+00
5.000228897540152e-04	1.677150525766222e+00
5.000230933771551e-04	1.676916431171950e+00
5.000232879836651e-04	1.676696240319262e+00
5.000234915343818e-04	1.676467834898391e+00
5.000236845435122e-04	1.676253344837692e+00
5.000238788182527e-04	1.676041194114835e+00
5.000240583296924e-04	1.675848363707774e+00
5.000242462600857e-04	1.675648296983544e+00
5.000244327284879e-04	1.675451594593361e+00
5.000246038093738e-04	1.675274101140608e+00
5.000247811660154e-04	1.675093259558968e+00
5.000249663710089e-04	1.674906618212091e+00
5.000252197746900e-04	1.674654311451657e+00
5.000254378252091e-04	1.674441369910010e+00
5.000256632107017e-04	1.674225663927481e+00
5.000258928874189e-04	1.674008886953250e+00
5.000260996195777e-04	1.673816763131655e+00
5.000263142527620e-04	1.673621455658965e+00
5.000265714086273e-04	1.673391841217005e+00
5.000268183759847e-04	1.673174891540383e+00
5.000270727108925e-04	1.672956059318143e+00
5.000273238748208e-04	1.672744716236551e+00
5.000275603724366e-04	1.672549244275335e+00
5.000278014951741e-04	1.672353426304402e+00
5.000280331160190e-04	1.672169562110733e+00
5.000283418395302e-04	1.671930130970107e+00
5.000287001926061e-04	1.671658642101937e+00
5.000290590385162e-04	1.671394504350509e+00
5.000294272350933e-04	1.671131512741578e+00
5.000298331911321e-04	1.670849928637474e+00
5.000302323876917e-04	1.670581745233916e+00
5.000306344966486e-04	1.670319862665437e+00
5.000310151320586e-04	1.670079280248838e+00
5.000314128538654e-04	1.669835929266714e+00
5.000318697389298e-04	1.669565701944655e+00
5.000324372190001e-04	1.669242279269691e+00
5.000330079519157e-04	1.668930630015951e+00
5.000337047902161e-04	1.668566935825673e+00
5.000343653378215e-04	1.668238368994553e+00
5.000351088984623e-04	1.667886895394093e+00
5.000359034112437e-04	1.667530815356135e+00
5.000367994653294e-04	1.667152453384357e+00
5.000378858686194e-04	1.666722760366135e+00
5.000390745843101e-04	1.666285047076939e+00
5.000402984922022e-04	1.665867430482062e+00
5.000415613321836e-04	1.665468881992314e+00
5.000428192600275e-04	1.665101611423736e+00
5.000440532875975e-04	1.664768091771845e+00
5.000452657528998e-04	1.664464177050286e+00
5.000464323874400e-04	1.664192414705921e+00
5.000475683005671e-04	1.663945991933742e+00
5.000486655142366e-04	1.663723819143590e+00
5.000497395516275e-04	1.663520556742944e+00
5.000507993166627e-04	1.663332856584952e+00
5.000518650957514e-04	1.663156273534284e+00
5.000529605272615e-04	1.662986679877955e+00
5.000541206512464e-04	1.662819440552249e+00
5.000553921366464e-04	1.662649808243227e+00
5.000568463091797e-04	1.662472014368875e+00
5.000585864026281e-04	1.662279283201801e+00
5.000604562826783e-04	1.662094051501528e+00
5.000625437589155e-04	1.661911503464417e+00
5.000647800592301e-04	1.661740658026899e+00
5.000671733527693e-04	1.661582737418493e+00
5.000697280059356e-04	1.661438574107971e+00
5.000724286158509e-04	1.661309569656664e+00
5.000752951552056e-04	1.661194834923998e+00
5.000783289459893e-04	1.661094158543756e+00
5.000815479391541e-04	1.661006590378103e+00
5.000849732930947e-04	1.660931140024565e+00
5.000886282926534e-04	1.660866886056773e+00
5.000926075538279e-04	1.660812149377984e+00
5.000971698457779e-04	1.660764429242932e+00
5.001025749787599e-04	1.660723255592673e+00
5.001093268218428e-04	1.660688249625913e+00
5.001182974109537e-04	1.660659684890622e+00
5.001310770470341e-04	1.660638228015657e+00
5.001495868520795e-04	1.660624828245651e+00
5.001750067311092e-04	1.660618477807753e+00
5.002096337591340e-04	1.660615700107881e+00
5.002611442966614e-04	1.660613768910913e+00
5.003308450446341e-04	1.660612150262796e+00
5.004314632937227e-04	1.660610986281119e+00
5.005724230187204e-04	1.660610721898866e+00
5.007706735472433e-04	1.660611662293759e+00
5.010519339328488e-04	1.660613910254624e+00
5.014464132366256e-04	1.660617317763940e+00
5.020044476232616e-04	1.660621691405105e+00
5.027903929134668e-04	1.660626799178602e+00
5.037669554134668e-04	1.660631797644691e+00
5.047435179134668e-04	1.660635598204912e+00
5.057200804134668e-04	1.660638434847940e+00
5.066966429134668e-04	1.660640552041233e+00
5.076732054134668e-04	1.660642132261405e+00
5.086497679134668e-04	1.660643311696323e+00
5.096263304134668e-04	1.660644191997390e+00
5.106028929134668e-04	1.660644849031046e+00
5.115794554134668e-04	1.660645339424704e+00
5.125560179134668e-04	1.660645705441406e+00
5.135325804134668e-04	1.660645978627453e+00
5.145091429134668e-04	1.660646182526175e+00
5.154857054134668e-04	1.660646334711468e+00
5.164622679134668e-04	1.660646448298271e+00
5.174388304134668e-04	1.660646533076886e+00
5.184153929134668e-04	1.660646596353101e+00
5.193919554134668e-04	1.660646643581221e+00
5.203685179134668e-04	1.660646678830813e+00
5.213450804134668e-04	1.660646705140512e+00
5.223216429134668e-04	1.660646724777106e+00
5.232982054134668e-04	1.660646739433597e+00
5.242747679134668e-04	1.660646750372580e+00
5.252513304134668e-04	1.660646758537410e+00
5.262278929134668e-04	1.660646764631226e+00
5.272044554134668e-04	1.660646769179692e+00
5.281810179134668e-04	1.660646772574339e+00
5.291575804134668e-04	1.660646775108186e+00
5.301341429134668e-04	1.660646776999220e+00
5.311107054134668e-04	1.660646778410826e+00
5.320872679134668e-04	1.660646779464278e+00
5.330638304134668e-04	1.660646780250673e+00
5.340403929134668e-04	1.660646780837465e+00
5.350169554134668e-04	1.660646781275564e+00
5.359935179134668e-04	1.660646781602429e+00
5.369700804134668e-04	1.660646781846508e+00
5.379466429134668e-04	1.660646782028582e+00
5.389232054134668e-04	1.660646782164575e+00
5.398997679134668e-04	1.660646782265975e+00
5.408763304134668e-04	1.660646782341749e+00
5.418528929134668e-04	1.660646782398226e+00
5.428294554134668e-04	1.660646782440464e+00
5.438060179134668e-04	1.660646782471909e+00
5.447825804134668e-04	1.660646782495447e+00
5.457591429134668e-04	1.660646782512948e+00
5.467357054134668e-04	1.660646782526083e+00
5.477122679134668e-04	1.660646782535824e+00
5.486888304134668e-04	1.660646782543150e+00
5.496653929134668e-04	1.660646782548561e+00
5.506419554134668e-04	1.660646782552647e+00
5.516185179134668e-04	1.660646782555637e+00
5.525950804134668e-04	1.660646782557929e+00
5.535716429134668e-04	1.660646782559598e+00
5.545482054134668e-04	1.660646782560885e+00
5.555247679134668e-04	1.660646782561800e+00
5.565013304134668e-04	1.660646782562525e+00
5.574778929134668e-04	1.660646782563034e+00
5.584544554134668e-04	1.660646782563463e+00
5.594310179134668e-04	1.660646782563731e+00
5.604075804134668e-04	1.660646782563946e+00
5.613841429134668e-04	1.660646782564088e+00
5.623607054134668e-04	1.660646782564236e+00
5.633372679134668e-04	1.660646782564300e+00
5.643138304134668e-04	1.660646782564383e+00
5.652903929134668e-04	1.660646782564423e+00
5.662669554134668e-04	1.660646782564474e+00
5.672435179134668e-04	1.660646782564481e+00
5.682200804134668e-04	1.660646782564522e+00
5.691966429134668e-04	1.660646782564522e+00
5.701732054134668e-04	1.660646782564540e+00
5.711497679134668e-04	1.660646782564538e+00
5.721263304134668e-04	1.660646782564571e+00
5.731028929134668e-04	1.660646782564575e+00
5.740794554134668e-04	1.660646782564595e+00
5.750560179134668e-04	1.660646782564573e+00
5.760325804134668e-04	1.660646782564584e+00
5.770091429134668e-04	1.660646782564581e+00
5.779857054134668e-04	1.660646782564600e+00
5.789622679134668e-04	1.660646782564582e+00
5.799388304134668e-04	1.660646782564587e+00
5.809153929134668e-04	1.660646782564569e+00
5.818919554134668e-04	1.660646782564569e+00
5.828685179134668e-04	1.660646782564550e+00
5.838450804134668e-04	1.660646782564574e+00
5.848216429134668e-04	1.660646782564586e+00
5.857982054134668e-04	1.660646782564609e+00
5.867747679134668e-04	1.660646782564592e+00
5.877513304134668e-04	1.660646782564599e+00
5.887278929134668e-04	1.660646782564584e+00
5.897044554134668e-04	1.660646782564587e+00
5.906810179134668e-04	1.660646782564574e+00
5.916575804134668e-04	1.660646782564585e+00
5.926341429134668e-04	1.660646782564578e+00
5.936107054134668e-04	1.660646782564591e+00
5.945872679134668e-04	1.660646782564583e+00
5.955638304134668e-04	1.660646782564599e+00
5.965403929134668e-04	1.660646782564584e+00
5.975169554134668e-04	1.660646782564590e+00
5.984935179134669e-04	1.660646782564572e+00
5.994700804134669e-04	1.660646782564573e+00
6.004466429134669e-04	1.660646782564571e+00
6.014232054134669e-04	1.660646782564591e+00
6.023997679134669e-04	1.660646782564584e+00
6.033763304134669e-04	1.660646782564595e+00
6.043528929134669e-04	1.660646782564576e+00
6.053294554134669e-04	1.660646782564579e+00
6.063060179134669e-04	1.660646782564571e+00
6.072825804134669e-04	1.660646782564573e+00
6.082591429134669e-04	1.660646782564557e+00
6.092357054134669e-04	1.660646782564571e+00
6.102122679134669e-04	1.660646782564564e+00
6.111888304134669e-04	1.660646782564574e+00
6.121653929134669e-04	1.660646782564562e+00
6.131419554134669e-04	1.660646782564570e+00
6.141185179134669e-04	1.660646782564574e+00
6.150950804134669e-04	1.660646782564598e+00
6.160716429134669e-04	1.660646782564587e+00
6.170482054134669e-04	1.660646782564593e+00
6.180247679134669e-04	1.660646782564580e+00
6.190013304134669e-04	1.660646782564583e+00
6.199778929134669e-04	1.660646782564572e+00
6.209544554134669e-04	1.660646782564584e+00
6.219310179134669e-04	1.660646782564564e+00
6.229075804134669e-04	1.660646782564565e+00
6.238841429134669e-04	1.660646782564565e+00
6.248607054134669e-04	1.660646782564583e+00
6.258372679134669e-04	1.660646782564573e+00
6.268138304134669e-04	1.660646782564579e+00
6.277903929134669e-04	1.660646782564581e+00
6.287669554134669e-04	1.660646782564594e+00
6.297435179134669e-04	1.660646782564572e+00
6.307200804134669e-04	1.660646782564584e+00
6.316966429134669e-04	1.660646782564582e+00
6.326732054134669e-04	1.660646782564588e+00
6.336497679134669e-04	1.660646782564580e+00
6.346263304134669e-04	1.660646782564592e+00
6.356028929134669e-04	1.660646782564580e+00
6.365794554134669e-04	1.660646782564594e+00
6.375560179134669e-04	1.660646782564584e+00
6.385325804134669e-04	1.660646782564585e+00
6.395091429134669e-04	1.660646782564577e+00
6.404857054134669e-04	1.660646782564596e+00
6.414622679134669e-04	1.660646782564596e+00
6.424388304134669e-04	1.660646782564602e+00
6.434153929134669e-04	1.660646782564590e+00
6.443919554134669e-04	1.660646782564599e+00
6.453685179134669e-04	1.660646782564589e+00
6.463450804134669e-04	1.660646782564593e+00
6.473216429134669e-04	1.660646782564575e+00
6.482982054134669e-04	1.660646782564588e+00
6.492747679134669e-04	1.660646782564587e+00
6.502513304134669e-04	1.660646782564586e+00
6.512278929134669e-04	1.660646782564573e+00
6.522044554134669e-04	1.660646782564585e+00
6.531810179134669e-04	1.660646782564577e+00
6.541575804134669e-04	1.660646782564590e+00
6.551341429134669e-04	1.660646782564577e+00
6.561107054134669e-04	1.660646782564577e+00
6.570872679134669e-04	1.660646782564570e+00
6.580638304134669e-04	1.660646782564585e+00
6.590403929134669e-04	1.660646782564577e+00
6.600169554134669e-04	1.660646782564581e+00
6.609935179134669e-04	1.660646782564573e+00
6.619700804134669e-04	1.660646782564593e+00
6.629466429134669e-04	1.660646782564596e+00
6.639232054134669e-04	1.660646782564599e+00
6.648997679134669e-04	1.660646782564579e+00
6.658763304134669e-04	1.660646782564585e+00
6.668528929134669e-04	1.660646782564580e+00
6.678294554134669e-04	1.660646782564592e+00
6.688060179134669e-04	1.660646782564577e+00
6.697825804134669e-04	1.660646782564583e+00
6.707591429134669e-04	1.660646782564592e+00
6.717357054134669e-04	1.660646782564602e+00
6.727122679134669e-04	1.660646782564579e+00
6.736888304134669e-04	1.660646782564585e+00
6.746653929134669e-04	1.660646782564578e+00
6.756419554134669e-04	1.660646782564585e+00
6.766185179134669e-04	1.660646782564575e+00
6.775950804134669e-04	1.660646782564578e+00
6.785716429134669e-04	1.660646782564580e+00
6.795482054134669e-04	1.660646782564603e+00
6.805247679134669e-04	1.660646782564593e+00
6.815013304134669e-04	1.660646782564592e+00
6.824778929134669e-04	1.660646782564577e+00
6.834544554134669e-04	1.660646782564582e+00
6.844310179134669e-04	1.660646782564581e+00
6.854075804134669e-04	1.660646782564597e+00
6.863841429134669e-04	1.660646782564584e+00
6.873607054134669e-04	1.660646782564577e+00
6.883372679134669e-04	1.660646782564561e+00
6.893138304134669e-04	1.660646782564573e+00
6.902903929134669e-04	1.660646782564572e+00
6.912669554134669e-04	1.660646782564583e+00
6.922435179134669e-04	1.660646782564570e+00
6.932200804134669e-04	1.660646782564572e+00
6.941966429134669e-04	1.660646782564573e+00
6.951732054134669e-04	1.660646782564588e+00
6.961497679134669e-04	1.660646782564573e+00
6.971263304134669e-04	1.660646782564571e+00
6.981028929134669e-04	1.660646782564570e+00
6.990794554134669e-04	1.660646782564579e+00
7.000560179134669e-04	1.660646782564563e+00
7.010325804134669e-04	1.660646782564568e+00
7.020091429134669e-04	1.660646782564558e+00
7.029857054134669e-04	1.660646782564561e+00
7.039622679134669e-04	1.660646782564559e+00
7.049388304134669e-04	1.660646782564573e+00
7.059153929134669e-04	1.660646782564573e+00
7.068919554134669e-04	1.660646782564585e+00
7.078685179134669e-04	1.660646782564579e+00
7.088450804134669e-04	1.660646782564582e+00
7.098216429134669e-04	1.660646782564575e+00
7.107982054134670e-04	1.660646782564594e+00
7.117747679134670e-04	1.660646782564588e+00
7.127513304134670e-04	1.660646782564595e+00
7.137278929134670e-04	1.660646782564592e+00
7.147044554134670e-04	1.660646782564594e+00
7.156810179134670e-04	1.660646782564585e+00
7.166575804134670e-04	1.660646782564594e+00
7.176341429134670e-04	1.660646782564577e+00
7.186107054134670e-04	1.660646782564577e+00
7.195872679134670e-04	1.660646782564574e+00
7.205638304134670e-04	1.660646782564579e+00
7.215403929134670e-04	1.660646782564577e+00
7.225169554134670e-04	1.660646782564593e+00
7.234935179134670e-04	1.660646782564577e+00
7.244700804134670e-04	1.660646782564580e+00
7.254466429134670e-04	1.660646782564586e+00
7.264232054134670e-04	1.660646782564590e+00
7.273997679134670e-04	1.660646782564574e+00
7.283763304134670e-04	1.660646782564587e+00
7.293528929134670e-04	1.660646782564588e+00
7.303294554134670e-04	1.660646782564596e+00
7.313060179134670e-04	1.660646782564588e+00
7.322825804134670e-04	1.660646782564582e+00
7.332591429134670e-04	1.660646782564564e+00
7.342357054134670e-04	1.660646782564581e+00
7.352122679134670e-04	1.660646782564585e+00
7.361888304134670e-04	1.660646782564584e+00
7.371653929134670e-04	1.660646782564578e+00
7.381419554134670e-04	1.660646782564595e+00
7.391185179134670e-04	1.660646782564581e+00
7.400950804134670e-04	1.660646782564579e+00
7.410716429134670e-04	1.660646782564575e+00
7.420482054134670e-04	1.660646782564585e+00
7.430247679134670e-04	1.660646782564576e+00
7.440013304134670e-04	1.660646782564580e+00
7.449778929134670e-04	1.660646782564579e+00
7.459544554134670e-04	1.660646782564588e+00
7.469310179134670e-04	1.660646782564582e+00
7.479075804134670e-04	1.660646782564596e+00
7.488841429134670e-04	1.660646782564589e+00
7.498607054134670e-04	1.660646782564587e+00
7.508372679134670e-04	1.660646782564571e+00
7.518138304134670e-04	1.660646782564568e+00
7.527903929134670e-04	1.660646782564561e+00
7.537669554134670e-04	1.660646782564577e+00
7.547435179134670e-04	1.660646782564579e+00
7.557200804134670e-04	1.660646782564589e+00
7.566966429134670e-04	1.660646782564587e+00
7.576732054134670e-04	1.660646782564591e+00
7.586497679134670e-04	1.660646782564579e+00
7.596263304134670e-04	1.660646782564583e+00
7.606028929134670e-04	1.660646782564577e+00
7.615794554134670e-04	1.660646782564577e+00
7.625560179134670e-04	1.660646782564573e+00
7.635325804134670e-04	1.660646782564587e+00
7.645091429134670e-04	1.660646782564575e+00
7.654857054134670e-04	1.660646782564570e+00
7.664622679134670e-04	1.660646782564564e+00
7.674388304134670e-04	1.660646782564579e+00
7.684153929134670e-04	1.660646782564579e+00
7.693919554134670e-04	1.660646782564577e+00
7.703685179134670e-04	1.660646782564562e+00
7.713450804134670e-04	1.660646782564575e+00
7.723216429134670e-04	1.660646782564575e+00
7.732982054134670e-04	1.660646782564573e+00
7.742747679134670e-04	1.660646782564569e+00
7.752513304134670e-04	1.660646782564584e+00
7.762278929134670e-04	1.660646782564581e+00
7.772044554134670e-04	1.660646782564590e+00
7.781810179134670e-04	1.660646782564588e+00
7.791575804134670e-04	1.660646782564589e+00
7.801341429134670e-04	1.660646782564579e+00
7.811107054134670e-04	1.660646782564584e+00
7.820872679134670e-04	1.660646782564579e+00
7.830638304134670e-04	1.660646782564593e+00
7.840403929134670e-04	1.660646782564581e+00
7.850169554134670e-04	1.660646782564579e+00
7.859935179134670e-04	1.660646782564579e+00
7.869700804134670e-04	1.660646782564579e+00
7.879466429134670e-04	1.660646782564563e+00
7.889232054134670e-04	1.660646782564569e+00
7.898997679134670e-04	1.660646782564565e+00
7.908763304134670e-04	1.660646782564578e+00
7.918528929134670e-04	1.660646782564580e+00
7.928294554134670e-04	1.660646782564587e+00
7.938060179134670e-04	1.660646782564585e+00
7.947825804134670e-04	1.660646782564590e+00
7.957591429134670e-04	1.660646782564580e+00
7.967357054134670e-04	1.660646782564587e+00
7.977122679134670e-04	1.660646782564579e+00
7.986888304134670e-04	1.660646782564577e+00
7.996653929134670e-04	1.660646782564572e+00
8.006419554134670e-04	1.660646782564586e+00
8.016185179134670e-04	1.660646782564588e+00
8.025950804134670e-04	1.660646782564585e+00
8.035716429134670e-04	1.660646782564571e+00
8.045482054134670e-04	1.660646782564579e+00
8.055247679134670e-04	1.660646782564571e+00
8.065013304134670e-04	1.660646782564577e+00
8.074778929134670e-04	1.660646782564570e+00
8.084544554134670e-04	1.660646782564572e+00
8.094310179134670e-04	1.660646782564580e+00
8.104075804134670e-04	1.660646782564595e+00
8.113841429134670e-04	1.660646782564579e+00
8.123607054134670e-04	1.660646782564577e+00
8.133372679134670e-04	1.660646782564575e+00
8.143138304134670e-04	1.660646782564581e+00
8.152903929134670e-04	1.660646782564573e+00
8.162669554134670e-04	1.660646782564587e+00
8.172435179134670e-04	1.660646782564587e+00
8.182200804134670e-04	1.660646782564583e+00
8.191966429134670e-04	1.660646782564568e+00
8.201732054134670e-04	1.660646782564564e+00
8.211497679134670e-04	1.660646782564551e+00
8.221263304134670e-04	1.660646782564564e+00
8.231028929134671e-04	1.660646782564575e+00
8.240794554134671e-04	1.660646782564588e+00
8.250560179134671e-04	1.660646782564583e+00
8.260325804134671e-04	1.660646782564594e+00
8.270091429134671e-04	1.660646782564594e+00
8.279857054134671e-04	1.660646782564593e+00
8.289622679134671e-04	1.660646782564581e+00
8.299388304134671e-04	1.660646782564588e+00
8.309153929134671e-04	1.660646782564584e+00
8.318919554134671e-04	1.660646782564582e+00
8.328685179134671e-04	1.660646782564566e+00
8.338450804134671e-04	1.660646782564570e+00
8.348216429134671e-04	1.660646782564573e+00
8.357982054134671e-04	1.660646782564581e+00
8.367747679134671e-04	1.660646782564576e+00
8.377513304134671e-04	1.660646782564582e+00
8.387278929134671e-04	1.660646782564573e+00
8.397044554134671e-04	1.660646782564578e+00
8.406810179134671e-04	1.660646782564578e+00
8.416575804134671e-04	1.660646782564577e+00
8.426341429134671e-04	1.660646782564565e+00
8.436107054134671e-04	1.660646782564573e+00
8.445872679134671e-04	1.660646782564570e+00
8.455638304134671e-04	1.660646782564576e+00
8.465403929134671e-04	1.660646782564578e+00
8.475169554134671e-04	1.660646782564593e+00
8.484935179134671e-04	1.660646782564586e+00
8.494700804134671e-04	1.660646782564585e+00
8.504466429134671e-04	1.660646782564579e+00
8.514232054134671e-04	1.660646782564587e+00
8.523997679134671e-04	1.660646782564587e+00
8.533763304134671e-04	1.660646782564589e+00
8.543528929134671e-04	1.660646782564576e+00
8.553294554134671e-04	1.660646782564579e+00
8.563060179134671e-04	1.660646782564579e+00
8.572825804134671e-04	1.660646782564588e+00
8.582591429134671e-04	1.660646782564583e+00
8.592357054134671e-04	1.660646782564584e+00
8.602122679134671e-04	1.660646782564587e+00
8.611888304134671e-04	1.660646782564596e+00
8.621653929134671e-04	1.660646782564580e+00
8.631419554134671e-04	1.660646782564573e+00
8.641185179134671e-04	1.660646782564562e+00
8.650950804134671e-04	1.660646782564571e+00
8.660716429134671e-04	1.660646782564572e+00
8.670482054134671e-04	1.660646782564576e+00
8.680247679134671e-04	1.660646782564579e+00
8.690013304134671e-04	1.660646782564599e+00
8.699778929134671e-04	1.660646782564587e+00
8.709544554134671e-04	1.660646782564567e+00
8.719310179134671e-04	1.660646782564564e+00
8.729075804134671e-04	1.660646782564590e+00
8.738841429134671e-04	1.660646782564589e+00
8.748607054134671e-04	1.660646782564583e+00
8.758372679134671e-04	1.660646782564571e+00
8.768138304134671e-04	1.660646782564579e+00
8.777903929134671e-04	1.660646782564576e+00
8.787669554134671e-04	1.660646782564580e+00
8.797435179134671e-04	1.660646782564581e+00
8.807200804134671e-04	1.660646782564585e+00
8.816966429134671e-04	1.660646782564571e+00
8.826732054134671e-04	1.660646782564571e+00
8.836497679134671e-04	1.660646782564564e+00
8.846263304134671e-04	1.660646782564583e+00
8.856028929134671e-04	1.660646782564592e+00
8.865794554134671e-04	1.660646782564584e+00
8.875560179134671e-04	1.660646782564567e+00
8.885325804134671e-04	1.660646782564582e+00
8.895091429134671e-04	1.660646782564583e+00
8.904857054134671e-04	1.660646782564574e+00
8.914622679134671e-04	1.660646782564563e+00
8.924388304134671e-04	1.660646782564578e+00
8.934153929134671e-04	1.660646782564583e+00
8.943919554134671e-04	1.660646782564589e+00
8.953685179134671e-04	1.660646782564580e+00
8.963450804134671e-04	1.660646782564575e+00
8.973216429134671e-04	1.660646782564558e+00
8.982982054134671e-04	1.660646782564558e+00
8.992747679134671e-04	1.660646782564566e+00
9.002513304134671e-04	1.660646782564582e+00
9.012278929134671e-04	1.660646782564585e+00
9.022044554134671e-04	1.660646782564595e+00
9.031810179134671e-04	1.660646782564581e+00
9.041575804134671e-04	1.660646782564577e+00
9.051341429134671e-04	1.660646782564570e+00
9.061107054134671e-04	1.660646782564580e+00
9.070872679134671e-04	1.660646782564581e+00
9.080638304134671e-04	1.660646782564573e+00
9.090403929134671e-04	1.660646782564562e+00
9.100169554134671e-04	1.660646782564568e+00
9.109935179134671e-04	1.660646782564563e+00
9.119700804134671e-04	1.660646782564573e+00
9.129466429134671e-04	1.660646782564569e+00
9.139232054134671e-04	1.660646782564571e+00
9.148997679134671e-04	1.660646782564571e+00
9.158763304134671e-04	1.660646782564578e+00
9.168528929134671e-04	1.660646782564571e+00
9.178294554134671e-04	1.660646782564580e+00
9.188060179134671e-04	1.660646782564582e+00
9.197825804134671e-04	1.660646782564581e+00
9.207591429134671e-04	1.660646782564565e+00
9.217357054134671e-04	1.660646782564573e+00
9.227122679134671e-04	1.660646782564583e+00
9.236888304134671e-04	1.660646782564590e+00
9.246653929134671e-04	1.660646782564582e+00
9.256419554134671e-04	1.660646782564585e+00
9.266185179134671e-04	1.660646782564581e+00
9.275950804134671e-04	1.660646782564586e+00
9.285716429134671e-04	1.660646782564575e+00
9.295482054134671e-04	1.660646782564575e+00
9.305247679134671e-04	1.660646782564573e+00
9.315013304134671e-04	1.660646782564578e+00
9.324778929134671e-04	1.660646782564574e+00
9.334544554134671e-04	1.660646782564579e+00
9.344310179134671e-04	1.660646782564572e+00
9.354075804134672e-04	1.660646782564580e+00
9.363841429134672e-04	1.660646782564590e+00
9.373607054134672e-04	1.660646782564599e+00
9.383372679134672e-04	1.660646782564581e+00
9.393138304134672e-04	1.660646782564574e+00
9.402903929134672e-04	1.660646782564578e+00
9.412669554134672e-04	1.660646782564594e+00
9.422435179134672e-04	1.660646782564586e+00
9.432200804134672e-04	1.660646782564579e+00
9.441966429134672e-04	1.660646782564567e+00
9.451732054134672e-04	1.660646782564565e+00
9.461497679134672e-04	1.660646782564555e+00
9.471263304134672e-04	1.660646782564555e+00
9.481028929134672e-04	1.660646782564555e+00
9.490794554134672e-04	1.660646782564577e+00
9.500560179134672e-04	1.660646782564575e+00
9.510325804134672e-04	1.660646782564568e+00
9.520091429134672e-04	1.660646782564571e+00
9.529857054134672e-04	1.660646782564586e+00
9.539622679134672e-04	1.660646782564577e+00
9.549388304134672e-04	1.660646782564575e+00
9.559153929134672e-04	1.660646782564578e+00
9.568919554134672e-04	1.660646782564582e+00
9.578685179134672e-04	1.660646782564571e+00
9.588450804134672e-04	1.660646782564585e+00
9.598216429134672e-04	1.660646782564591e+00
9.607982054134672e-04	1.660646782564581e+00
9.617747679134672e-04	1.660646782564557e+00
9.627513304134672e-04	1.660646782564559e+00
9.637278929134672e-04	1.660646782564571e+00
9.647044554134672e-04	1.660646782564582e+00
9.656810179134672e-04	1.660646782564573e+00
9.666575804134672e-04	1.660646782564577e+00
9.676341429134672e-04	1.660646782564577e+00
9.686107054134672e-04	1.660646782564579e+00
9.695872679134672e-04	1.660646782564564e+00
9.705638304134672e-04	1.660646782564569e+00
9.715403929134672e-04	1.660646782564575e+00
9.725169554134672e-04	1.660646782564576e+00
9.734935179134672e-04	1.660646782564571e+00
9.744700804134672e-04	1.660646782564578e+00
9.754466429134672e-04	1.660646782564576e+00
9.764232054134672e-04	1.660646782564575e+00
9.773997679134671e-04	1.660646782564567e+00
9.783763304134670e-04	1.660646782564576e+00
9.793528929134669e-04	1.660646782564569e+00
9.803294554134668e-04	1.660646782564566e+00
9.813060179134666e-04	1.660646782564560e+00
9.822825804134665e-04	1.660646782564572e+00
9.832591429134664e-04	1.660646782564582e+00
9.842357054134663e-04	1.660646782564593e+00
9.852122679134662e-04	1.660646782564585e+00
9.861888304134661e-04	1.660646782564579e+00
9.871653929134660e-04	1.660646782564560e+00
9.881419554134659e-04	1.660646782564557e+00
9.891185179134658e-04	1.660646782564562e+00
9.900950804134657e-04	1.660646782564579e+00
9.910716429134656e-04	1.660646782564571e+00
9.920482054134655e-04	1.660646782564562e+00
9.930247679134654e-04	1.660646782564563e+00
9.940013304134653e-04	1.660646782564579e+00
9.949778929134651e-04	1.660646782564574e+00
9.959544554134650e-04	1.660646782564571e+00
9.969310179134649e-04	1.660646782564580e+00
9.979075804134648e-04	1.660646782564597e+00
9.988841429134647e-04	1.660646782268381e+00
9.990234375000001e-04	1.660646782391864e+00
9.993020266730710e-04	1.660646782395321e+00
9.994428216538584e-04	1.660646782393527e+00
9.997244116154332e-04	1.660646773042977e+00
9.997294116154331e-04	1.660646777729623e+00
9.997394116154331e-04	1.660646784402676e+00
9.997554631872192e-04	1.660646782487619e+00
9.997719381569089e-04	1.660646783945222e+00
9.998027002598967e-04	1.660646782325088e+00
9.998389052930691e-04	1.660646783014537e+00
9.998931414819062e-04	1.660646783262836e+00
9.999237301848171e-04	1.660646780921470e+00
9.999388225941782e-04	1.660646780942040e+00
9.999690074129004e-04	1.660646774440254e+00
9.999740074129004e-04	1.660646777683229e+00
9.999840074129004e-04	1.660646777809247e+00
9.999890074129003e-04	1.660646817277331e+00
9.999900000000001e-04	1.660646805551298e+00
9.999919851741996e-04	1.660646775636423e+00
9.999950057878596e-04	1.660646780320312e+00
9.999971767953924e-04	1.660646778965742e+00
1.000000000000000e-03	1.660646788627691e+00
Step Information: Ct=32p  (Step: 3/3)
0.000000000000000e+00	1.660646782564473e+00
9.765624940649698e-12	1.660646782564093e+00
1.183382540593805e-11	1.660646782563994e+00
1.597022633651474e-11	1.660646782563681e+00
2.424302819766813e-11	1.660646782562205e+00
4.078863191997491e-11	1.660646782551630e+00
7.387983936458847e-11	1.660646782494067e+00
1.205545612139448e-10	1.660646782383532e+00
1.713756560502715e-10	1.660646782468726e+00
2.226616273850506e-10	1.660646783280566e+00
2.708037470245616e-10	1.660646785302934e+00
3.219862744046213e-10	1.660646789027306e+00
3.951116335526911e-10	1.660646795432576e+00
4.597337872157215e-10	1.660646799701976e+00
5.284044994095911e-10	1.660646800634169e+00
6.004287035597109e-10	1.660646798566990e+00
6.776266877476377e-10	1.660646797476857e+00
7.453235603851679e-10	1.660646802333966e+00
8.212306323740381e-10	1.660646816041105e+00
8.841544673614789e-10	1.660646831855956e+00
9.628019856133963e-10	1.660646852277220e+00
1.050034703420088e-09	1.660646872563088e+00
1.147251501982347e-09	1.660646896690669e+00
1.261322021696958e-09	1.660646937184096e+00
1.383700011751698e-09	1.660647001705817e+00
1.495835876983431e-09	1.660647082197783e+00
1.596424030207639e-09	1.660647175168457e+00
1.706006174195469e-09	1.660647301278717e+00
1.805400473113003e-09	1.660647441059017e+00
1.914451414651445e-09	1.660647628605631e+00
2.033583241081389e-09	1.660647885662731e+00
2.163555466581626e-09	1.660648247275270e+00
2.303790290588637e-09	1.660648749589505e+00
2.459711374860347e-09	1.660649449928436e+00
2.594602424507868e-09	1.660650205701122e+00
2.739373930127502e-09	1.660651207943952e+00
2.861462002037487e-09	1.660652239241733e+00
2.995527997049691e-09	1.660653605710528e+00
3.138209650016791e-09	1.660655347644273e+00
3.291187381726849e-09	1.660657609635072e+00
3.470399468072337e-09	1.660660838735991e+00
3.653628720950829e-09	1.660664927424439e+00
3.884292713721028e-09	1.660671252954658e+00
4.067269992072257e-09	1.660677368713492e+00
4.260733962005398e-09	1.660685362269017e+00
4.539701064876126e-09	1.660699374964019e+00
4.746898235699858e-09	1.660711461822424e+00
4.776474962441231e-09	1.660713399705749e+00
4.835628415923976e-09	1.660717547902632e+00
4.881693093034509e-09	1.660720886153309e+00
4.907870645778935e-09	1.660722850317421e+00
4.947644894511149e-09	1.660725935710683e+00
5.000000000000000e-09	1.660730094452959e+00
5.005235510548885e-09	1.660730524799486e+00
5.015706531646656e-09	1.660731390868815e+00
5.036648573842196e-09	1.660733149615903e+00
5.078532658233277e-09	1.660736778651822e+00
5.162300827015439e-09	1.660744417251110e+00
5.274421166473773e-09	1.660755399520847e+00
5.402897662385677e-09	1.660769149602851e+00
5.538508116225925e-09	1.660785120318368e+00
5.666056474290625e-09	1.660801652212706e+00
5.786939895985323e-09	1.660818874179318e+00
5.918520252277960e-09	1.660839479422064e+00
6.063857970239243e-09	1.660864608419979e+00
6.223279850421967e-09	1.660895314776691e+00
6.403308256978228e-09	1.660934231134501e+00
6.595236005680213e-09	1.660981068213488e+00
6.800696553911158e-09	1.661037697880422e+00
6.994915734931867e-09	1.661098011225802e+00
7.192721163027142e-09	1.661166768527024e+00
7.378597214357945e-09	1.661238644500199e+00
7.577249899616075e-09	1.661323841986833e+00
7.758957199559632e-09	1.661412383874737e+00
8.013054330493978e-09	1.661551703027167e+00
8.165392668085647e-09	1.661639252054988e+00
8.324013878699247e-09	1.661730216879682e+00
8.456337749198956e-09	1.661809472825670e+00
8.542094864315149e-09	1.661868307730586e+00
8.638066767519614e-09	1.661942396566725e+00
8.738713010579419e-09	1.662022058290484e+00
8.841250282166529e-09	1.662099737184102e+00
8.953981756581534e-09	1.662181499594603e+00
9.092604496674799e-09	1.662285633854421e+00
9.245487667879143e-09	1.662413082022212e+00
9.428403019185020e-09	1.662577700294286e+00
9.602460222582132e-09	1.662735015546835e+00
9.787972639264063e-09	1.662902343600504e+00
9.961325468522717e-09	1.663068104902291e+00
1.012582176606051e-08	1.663237177792524e+00
1.027979063722566e-08	1.663398497644560e+00
1.043920082026684e-08	1.663564136567138e+00
1.066604186386298e-08	1.663806730476905e+00
1.087727435645397e-08	1.664046061993183e+00
1.113877151586056e-08	1.664350935083144e+00
1.138935454062704e-08	1.664646105572263e+00
1.166992851276730e-08	1.664988173333626e+00
1.188440731484785e-08	1.665258411755743e+00
1.211265887282898e-08	1.665547140708136e+00
1.233979050346544e-08	1.665836753923225e+00
1.257545024283651e-08	1.666145951787664e+00
1.276077572111789e-08	1.666392189510496e+00
1.295515131310540e-08	1.666648247856479e+00
1.315908644697905e-08	1.666918173656714e+00
1.336399663358274e-08	1.667194913727120e+00
1.359039182628797e-08	1.667501638356526e+00
1.392545995329218e-08	1.667952137309771e+00
1.424163755818430e-08	1.668379458590493e+00
1.453424038781675e-08	1.668775513480596e+00
1.484568373336330e-08	1.669192235101180e+00
1.506956395370229e-08	1.669490969064039e+00
1.524596516432922e-08	1.669727494104542e+00
1.543230803486912e-08	1.669974782523340e+00
1.564895944376986e-08	1.670257297303474e+00
1.579668652302263e-08	1.670449469648362e+00
1.595498923829142e-08	1.670656688503635e+00
1.608961780442306e-08	1.670832020495385e+00
1.623122946985421e-08	1.671013109491083e+00
1.640928058079542e-08	1.671237737374027e+00
1.656821599815756e-08	1.671438353852758e+00
1.670807594821772e-08	1.671615450239319e+00
1.681879225096271e-08	1.671754509310568e+00
1.693871198294443e-08	1.671902597373327e+00
1.703831436947338e-08	1.672023895670925e+00
1.714781394772520e-08	1.672156729224725e+00
1.725417162587986e-08	1.672286253058192e+00
1.737297314342866e-08	1.672431163850169e+00
1.747578636280181e-08	1.672555631754860e+00
1.757557970256171e-08	1.672674643273249e+00
1.767811652942262e-08	1.672795180448736e+00
1.777093321622692e-08	1.672903510201788e+00
1.786674653008912e-08	1.673015369561952e+00
1.796411918602408e-08	1.673129273151614e+00
1.808386399686641e-08	1.673268916693603e+00
1.817947654813459e-08	1.673379182933761e+00
1.828049751945093e-08	1.673493867772001e+00
1.841790729234778e-08	1.673648047794313e+00
1.852879209760127e-08	1.673771948659757e+00
1.864199841863112e-08	1.673898346306279e+00
1.875730590426872e-08	1.674026545441540e+00
1.886484596274597e-08	1.674144797184656e+00
1.896106815603671e-08	1.674249081163076e+00
1.906127921634966e-08	1.674356420742736e+00
1.918899708670532e-08	1.674492487317701e+00
1.929292186102868e-08	1.674603017510961e+00
1.940103044457803e-08	1.674717526013151e+00
1.951536571047611e-08	1.674837434354250e+00
1.961997435588782e-08	1.674945642997780e+00
1.971447952041852e-08	1.675042195129145e+00
1.981245548820084e-08	1.675141578310022e+00
1.992777242898495e-08	1.675258226377949e+00
2.001724616003821e-08	1.675348484754016e+00
2.011166175510982e-08	1.675442985727065e+00
2.025079988330057e-08	1.675580527072456e+00
2.036045361546700e-08	1.675687436286089e+00
2.047290274459801e-08	1.675795909849983e+00
2.058975588164643e-08	1.675908030677946e+00
2.071462770018491e-08	1.676027310141044e+00
2.081150533582741e-08	1.676119117435448e+00
2.091263423960436e-08	1.676213753411925e+00
2.104335257082989e-08	1.676334504116096e+00
2.114726165179669e-08	1.676429544947078e+00
2.125566512219752e-08	1.676528078479885e+00
2.137081403538510e-08	1.676632189026444e+00
2.149850486756121e-08	1.676746681546623e+00
2.160149102403480e-08	1.676837905636575e+00
2.170841121312921e-08	1.676931373768477e+00
2.183369014811215e-08	1.677039824368197e+00
2.193550209780040e-08	1.677127401239756e+00
2.204376440735140e-08	1.677220002700305e+00
2.215408285853289e-08	1.677313545327565e+00
2.229115125426083e-08	1.677428360998545e+00
2.240534630032472e-08	1.677522775351012e+00
2.252179310286508e-08	1.677618022113995e+00
2.265044962630152e-08	1.677722499182358e+00
2.277174598821994e-08	1.677820277787964e+00
2.289337184171825e-08	1.677917340148507e+00
2.300407816772487e-08	1.678004504295153e+00
2.316706937982950e-08	1.678131158516532e+00
2.331036192508614e-08	1.678241364293085e+00
2.345618453463808e-08	1.678352452364719e+00
2.359434016834640e-08	1.678456481641245e+00
2.374923770268919e-08	1.678571378217295e+00
2.392824626238861e-08	1.678702284054961e+00
2.407465068537556e-08	1.678808131331364e+00
2.422360797788002e-08	1.678914686154230e+00
2.437079492841865e-08	1.679018524332436e+00
2.457562417992036e-08	1.679160683356620e+00
2.477553757684347e-08	1.679297330129829e+00
2.497703423230686e-08	1.679433095899422e+00
2.516532475368858e-08	1.679557999960719e+00
2.535000588634991e-08	1.679678403396124e+00
2.555032465777452e-08	1.679806760869250e+00
2.584377619050067e-08	1.679991541568971e+00
2.611075600687837e-08	1.680156196053779e+00
2.637879648147257e-08	1.680317897602584e+00
2.662156760000611e-08	1.680461613129386e+00
2.685244515153726e-08	1.680595781362284e+00
2.708751641191761e-08	1.680729682423044e+00
2.735223985554422e-08	1.680877257606230e+00
2.774628768942711e-08	1.681091323929813e+00
2.825498642461592e-08	1.681359026188025e+00
2.876311888574866e-08	1.681616890353671e+00
2.930667289502388e-08	1.681882367121129e+00
2.983635924715545e-08	1.682131365503135e+00
3.034786932110278e-08	1.682363093367943e+00
3.083795016252789e-08	1.682577399809335e+00
3.129663190928288e-08	1.682771404349218e+00
3.173313013171589e-08	1.682950415015168e+00
3.215107553161049e-08	1.683116750247509e+00
3.256697516987561e-08	1.683277555927225e+00
3.300575959105582e-08	1.683442243805729e+00
3.351866600705398e-08	1.683628119347799e+00
3.424745589925382e-08	1.683879182932498e+00
3.570503568365350e-08	1.684348663120345e+00
3.720022219595786e-08	1.684789201587947e+00
3.914466023604358e-08	1.685298846425548e+00
4.166765887639762e-08	1.685872875352111e+00
4.474823710296989e-08	1.686455823073682e+00
4.899014952898486e-08	1.687084222706690e+00
5.475953911435489e-08	1.687702454540586e+00
6.240560281792945e-08	1.688246936343393e+00
7.060681187218868e-08	1.688606229725311e+00
8.002152766743965e-08	1.688844831552278e+00
8.950586262834606e-08	1.688974317875226e+00
1.051783840278974e-07	1.689076650413233e+00
1.212601674040553e-07	1.689122380257904e+00
1.480190909729423e-07	1.689150531301972e+00
1.747368841841418e-07	1.689164679865618e+00
2.281724706065407e-07	1.689184938030122e+00
2.966586402912304e-07	1.689209015720834e+00
4.336309796606097e-07	1.689253908780847e+00
5.912309192932333e-07	1.689301799637282e+00
8.306428582141744e-07	1.689368382782282e+00
1.205599773412763e-06	1.689462230543024e+00
1.781816251814779e-06	1.689586201321074e+00
2.758378751814779e-06	1.689758215954670e+00
3.734941251814779e-06	1.689892954388663e+00
4.711503751814779e-06	1.689994758271762e+00
5.688066251814779e-06	1.690071677520543e+00
6.664628751814779e-06	1.690129795019800e+00
7.641191251814780e-06	1.690173706491722e+00
8.617753751814781e-06	1.690206884447966e+00
9.594316251814782e-06	1.690231952509989e+00
1.057087875181478e-05	1.690250893051741e+00
1.154744125181478e-05	1.690265203837180e+00
1.252400375181478e-05	1.690276016564422e+00
1.350056625181479e-05	1.690284186264871e+00
1.447712875181479e-05	1.690290359006913e+00
1.545369125181479e-05	1.690295022900863e+00
1.643025375181479e-05	1.690298546780858e+00
1.740681625181479e-05	1.690301209290174e+00
1.838337875181479e-05	1.690303220995307e+00
1.935994125181479e-05	1.690304740959490e+00
2.033650375181479e-05	1.690305889397918e+00
2.131306625181479e-05	1.690306757108963e+00
2.228962875181479e-05	1.690307412728214e+00
2.326619125181479e-05	1.690307908083069e+00
2.424275375181479e-05	1.690308282363016e+00
2.521931625181480e-05	1.690308565148048e+00
2.619587875181480e-05	1.690308778817603e+00
2.717244125181480e-05	1.690308940251420e+00
2.814900375181480e-05	1.690309062232260e+00
2.912556625181480e-05	1.690309154389546e+00
3.010212875181480e-05	1.690309224027293e+00
3.107869125181480e-05	1.690309276636100e+00
3.205525375181480e-05	1.690309316392293e+00
3.303181625181480e-05	1.690309346423866e+00
3.400837875181480e-05	1.690309369121415e+00
3.498494125181480e-05	1.690309386264195e+00
3.596150375181480e-05	1.690309399223257e+00
3.693806625181480e-05	1.690309409008092e+00
3.791462875181480e-05	1.690309416407673e+00
3.889119125181480e-05	1.690309421992086e+00
3.986775375181481e-05	1.690309426217869e+00
4.084431625181481e-05	1.690309429404383e+00
4.182087875181481e-05	1.690309431818277e+00
4.279744125181481e-05	1.690309433635876e+00
4.377400375181481e-05	1.690309435015398e+00
4.475056625181481e-05	1.690309436051568e+00
4.572712875181481e-05	1.690309436840571e+00
4.670369125181481e-05	1.690309437430660e+00
4.768025375181481e-05	1.690309437882514e+00
4.865681625181481e-05	1.690309438217951e+00
4.963337875181481e-05	1.690309438477317e+00
5.060994125181481e-05	1.690309438667394e+00
5.158650375181482e-05	1.690309438816855e+00
5.256306625181482e-05	1.690309438924001e+00
5.353962875181482e-05	1.690309439010701e+00
5.451619125181482e-05	1.690309439070486e+00
5.549275375181482e-05	1.690309439121334e+00
5.646931625181482e-05	1.690309439154129e+00
5.744587875181482e-05	1.690309439184492e+00
5.842244125181482e-05	1.690309439201893e+00
5.939900375181482e-05	1.690309439220539e+00
6.037556625181482e-05	1.690309439229163e+00
6.135212875181482e-05	1.690309439241101e+00
6.232869125181483e-05	1.690309439244755e+00
6.330525375181483e-05	1.690309439252834e+00
6.428181625181483e-05	1.690309439253648e+00
6.525837875181483e-05	1.690309439259511e+00
6.623494125181483e-05	1.690309439258740e+00
6.721150375181483e-05	1.690309439263327e+00
6.818806625181483e-05	1.690309439261667e+00
6.916462875181483e-05	1.690309439265492e+00
7.014119125181483e-05	1.690309439263352e+00
7.111775375181483e-05	1.690309439266716e+00
7.209431625181483e-05	1.690309439264310e+00
7.307087875181483e-05	1.690309439267400e+00
7.404744125181484e-05	1.690309439264878e+00
7.502400375181484e-05	1.690309439267785e+00
7.600056625181484e-05	1.690309439265206e+00
7.697712875181484e-05	1.690309439267992e+00
7.795369125181484e-05	1.690309439265427e+00
7.893025375181484e-05	1.690309439268114e+00
7.990681625181484e-05	1.690309439265534e+00
8.088337875181484e-05	1.690309439268134e+00
8.185994125181484e-05	1.690309439265607e+00
8.283650375181484e-05	1.690309439268161e+00
8.381306625181484e-05	1.690309439265678e+00
8.478962875181485e-05	1.690309439268160e+00
8.576619125181485e-05	1.690309439265700e+00
8.674275375181485e-05	1.690309439268132e+00
8.771931625181485e-05	1.690309439265755e+00
8.869587875181485e-05	1.690309439268133e+00
8.967244125181485e-05	1.690309439265792e+00
9.064900375181485e-05	1.690309439268120e+00
9.162556625181485e-05	1.690309439265824e+00
9.260212875181485e-05	1.690309439268096e+00
9.357869125181485e-05	1.690309439265860e+00
9.455525375181485e-05	1.690309439268072e+00
9.553181625181485e-05	1.690309439265879e+00
9.650837875181486e-05	1.690309439268042e+00
9.748494125181486e-05	1.690309439265903e+00
9.846150375181486e-05	1.690309439267998e+00
9.943806625181486e-05	1.690309439265911e+00
1.004146287518149e-04	1.690309439267989e+00
1.013911912518149e-04	1.690309439265966e+00
1.023677537518149e-04	1.690309439267963e+00
1.033443162518149e-04	1.690309439265981e+00
1.043208787518149e-04	1.690309439267931e+00
1.052974412518149e-04	1.690309439266004e+00
1.062740037518149e-04	1.690309439267911e+00
1.072505662518149e-04	1.690309439266039e+00
1.082271287518149e-04	1.690309439267880e+00
1.092036912518149e-04	1.690309439266059e+00
1.101802537518149e-04	1.690309439267864e+00
1.111568162518149e-04	1.690309439266092e+00
1.121333787518149e-04	1.690309439267829e+00
1.131099412518149e-04	1.690309439266103e+00
1.140865037518149e-04	1.690309439267793e+00
1.150630662518149e-04	1.690309439266129e+00
1.160396287518149e-04	1.690309439267788e+00
1.170161912518149e-04	1.690309439266174e+00
1.179927537518149e-04	1.690309439267755e+00
1.189693162518149e-04	1.690309439266194e+00
1.199458787518149e-04	1.690309439267752e+00
1.209224412518149e-04	1.690309439266229e+00
1.218990037518149e-04	1.690309439267711e+00
1.228755662518149e-04	1.690309439266244e+00
1.238521287518149e-04	1.690309439267681e+00
1.248286912518149e-04	1.690309439266252e+00
1.258052537518149e-04	1.690309439267657e+00
1.267818162518149e-04	1.690309439266303e+00
1.277583787518149e-04	1.690309439267654e+00
1.287349412518149e-04	1.690309439266329e+00
1.297115037518149e-04	1.690309439267625e+00
1.306880662518149e-04	1.690309439266354e+00
1.316646287518149e-04	1.690309439267608e+00
1.326411912518149e-04	1.690309439266369e+00
1.336177537518149e-04	1.690309439267574e+00
1.345943162518149e-04	1.690309439266393e+00
1.355708787518149e-04	1.690309439267541e+00
1.365474412518149e-04	1.690309439266398e+00
1.375240037518149e-04	1.690309439267521e+00
1.385005662518149e-04	1.690309439266433e+00
1.394771287518149e-04	1.690309439267496e+00
1.404536912518149e-04	1.690309439266457e+00
1.414302537518149e-04	1.690309439267484e+00
1.424068162518149e-04	1.690309439266473e+00
1.433833787518149e-04	1.690309439267461e+00
1.443599412518149e-04	1.690309439266506e+00
1.453365037518149e-04	1.690309439267447e+00
1.463130662518149e-04	1.690309439266526e+00
1.472896287518149e-04	1.690309439267416e+00
1.482661912518149e-04	1.690309439266542e+00
1.492427537518149e-04	1.690309439267407e+00
1.502193162518149e-04	1.690309439266569e+00
1.511958787518149e-04	1.690309439267374e+00
1.521724412518149e-04	1.690309439266573e+00
1.531490037518149e-04	1.690309439267358e+00
1.541255662518149e-04	1.690309439266602e+00
1.551021287518149e-04	1.690309439267335e+00
1.560786912518149e-04	1.690309439266616e+00
1.570552537518149e-04	1.690309439267323e+00
1.580318162518149e-04	1.690309439266647e+00
1.590083787518149e-04	1.690309439267304e+00
1.599849412518149e-04	1.690309439266657e+00
1.609615037518149e-04	1.690309439267286e+00
1.619380662518149e-04	1.690309439266672e+00
1.629146287518149e-04	1.690309439267257e+00
1.638911912518149e-04	1.690309439266683e+00
1.648677537518149e-04	1.690309439267243e+00
1.658443162518149e-04	1.690309439266708e+00
1.668208787518149e-04	1.690309439267227e+00
1.677974412518149e-04	1.690309439266709e+00
1.687740037518149e-04	1.690309439267200e+00
1.697505662518149e-04	1.690309439266740e+00
1.707271287518149e-04	1.690309439267202e+00
1.717036912518149e-04	1.690309439266755e+00
1.726802537518149e-04	1.690309439267175e+00
1.736568162518149e-04	1.690309439266767e+00
1.746333787518149e-04	1.690309439267164e+00
1.756099412518149e-04	1.690309439266779e+00
1.765865037518149e-04	1.690309439267142e+00
1.775630662518149e-04	1.690309439266794e+00
1.785396287518149e-04	1.690309439267137e+00
1.795161912518149e-04	1.690309439266822e+00
1.804927537518149e-04	1.690309439267135e+00
1.814693162518149e-04	1.690309439266836e+00
1.824458787518149e-04	1.690309439267108e+00
1.834224412518149e-04	1.690309439266845e+00
1.843990037518149e-04	1.690309439267102e+00
1.853755662518149e-04	1.690309439266860e+00
1.863521287518149e-04	1.690309439267086e+00
1.873286912518149e-04	1.690309439266866e+00
1.883052537518149e-04	1.690309439267063e+00
1.892818162518149e-04	1.690309439266880e+00
1.902583787518149e-04	1.690309439267072e+00
1.912349412518149e-04	1.690309439266894e+00
1.922115037518149e-04	1.690309439267037e+00
1.931880662518149e-04	1.690309439266901e+00
1.941646287518149e-04	1.690309439267047e+00
1.951411912518149e-04	1.690309439266923e+00
1.961177537518149e-04	1.690309439267021e+00
1.970943162518149e-04	1.690309439266921e+00
1.980708787518149e-04	1.690309439267022e+00
1.990474412518149e-04	1.690309439266938e+00
2.000240037518149e-04	1.690309439267000e+00
2.010005662518149e-04	1.690309439266948e+00
2.019771287518149e-04	1.690309439267009e+00
2.029536912518150e-04	1.690309439266965e+00
2.039302537518150e-04	1.690309439266987e+00
2.049068162518150e-04	1.690309439266960e+00
2.058833787518150e-04	1.690309439266973e+00
2.068599412518150e-04	1.690309439266973e+00
2.078365037518150e-04	1.690309439266973e+00
2.088130662518150e-04	1.690309439266991e+00
2.097896287518150e-04	1.690309439266970e+00
2.107661912518150e-04	1.690309439266996e+00
2.117427537518150e-04	1.690309439266963e+00
2.127193162518150e-04	1.690309439267008e+00
2.136958787518150e-04	1.690309439266949e+00
2.146724412518150e-04	1.690309439267005e+00
2.156490037518150e-04	1.690309439266941e+00
2.166255662518150e-04	1.690309439267015e+00
2.176021287518150e-04	1.690309439266937e+00
2.185786912518150e-04	1.690309439267030e+00
2.195552537518150e-04	1.690309439266933e+00
2.205318162518150e-04	1.690309439267029e+00
2.215083787518150e-04	1.690309439266922e+00
2.224849412518150e-04	1.690309439267032e+00
2.234615037518150e-04	1.690309439266915e+00
2.244380662518150e-04	1.690309439267046e+00
2.254146287518150e-04	1.690309439266908e+00
2.263911912518150e-04	1.690309439267038e+00
2.273677537518150e-04	1.690309439266902e+00
2.283443162518150e-04	1.690309439267049e+00
2.293208787518150e-04	1.690309439266904e+00
2.302974412518150e-04	1.690309439267069e+00
2.312740037518150e-04	1.690309439266899e+00
2.322505662518150e-04	1.690309439267057e+00
2.332271287518150e-04	1.690309439266890e+00
2.342036912518150e-04	1.690309439267074e+00
2.351802537518150e-04	1.690309439266895e+00
2.361568162518150e-04	1.690309439267072e+00
2.371333787518150e-04	1.690309439266874e+00
2.381099412518150e-04	1.690309439267065e+00
2.390865037518150e-04	1.690309439266877e+00
2.400630662518150e-04	1.690309439267074e+00
2.410396287518150e-04	1.690309439266866e+00
2.420161912518150e-04	1.690309439267072e+00
2.429927537518150e-04	1.690309439266871e+00
2.439693162518150e-04	1.690309439267085e+00
2.449458787518150e-04	1.690309439266864e+00
2.459224412518150e-04	1.690309439267089e+00
2.468990037518150e-04	1.690309439266868e+00
2.478755662518150e-04	1.690309439267087e+00
2.488521287518150e-04	1.690309439266870e+00
2.498286912518150e-04	1.690309439267107e+00
2.508052537518150e-04	1.690309439266868e+00
2.517818162518150e-04	1.690309439267084e+00
2.527583787518150e-04	1.690309439266845e+00
2.537349412518150e-04	1.690309439267093e+00
2.547115037518150e-04	1.690309439266864e+00
2.556880662518150e-04	1.690309439267104e+00
2.566646287518150e-04	1.690309439266852e+00
2.576411912518150e-04	1.690309439267093e+00
2.586177537518150e-04	1.690309439266854e+00
2.595943162518150e-04	1.690309439267099e+00
2.605708787518150e-04	1.690309439266839e+00
2.615474412518150e-04	1.690309439267089e+00
2.625240037518150e-04	1.690309439266850e+00
2.635005662518150e-04	1.690309439267109e+00
2.644771287518150e-04	1.690309439266860e+00
2.654536912518150e-04	1.690309439267116e+00
2.664302537518150e-04	1.690309439266860e+00
2.674068162518150e-04	1.690309439267122e+00
2.683833787518150e-04	1.690309439266874e+00
2.693599412518150e-04	1.690309439267120e+00
2.703365037518150e-04	1.690309439266852e+00
2.713130662518150e-04	1.690309439267114e+00
2.722896287518150e-04	1.690309439266861e+00
2.732661912518150e-04	1.690309439267117e+00
2.742427537518150e-04	1.690309439266849e+00
2.752193162518150e-04	1.690309439267104e+00
2.761958787518150e-04	1.690309439266847e+00
2.771724412518150e-04	1.690309439267098e+00
2.781490037518150e-04	1.690309439266844e+00
2.791255662518150e-04	1.690309439267115e+00
2.801021287518150e-04	1.690309439266861e+00
2.810786912518150e-04	1.690309439267109e+00
2.820552537518150e-04	1.690309439266837e+00
2.830318162518150e-04	1.690309439267084e+00
2.840083787518150e-04	1.690309439266828e+00
2.849849412518150e-04	1.690309439267095e+00
2.859615037518150e-04	1.690309439266863e+00
2.869380662518150e-04	1.690309439267118e+00
2.879146287518150e-04	1.690309439266844e+00
2.888911912518150e-04	1.690309439267087e+00
2.898677537518150e-04	1.690309439266841e+00
2.908443162518150e-04	1.690309439267108e+00
2.918208787518150e-04	1.690309439266867e+00
2.927974412518150e-04	1.690309439267110e+00
2.937740037518150e-04	1.690309439266850e+00
2.947505662518150e-04	1.690309439267090e+00
2.957271287518150e-04	1.690309439266855e+00
2.967036912518150e-04	1.690309439267111e+00
2.976802537518150e-04	1.690309439266868e+00
2.986568162518150e-04	1.690309439267109e+00
2.996333787518150e-04	1.690309439266866e+00
3.006099412518150e-04	1.690309439267102e+00
3.015865037518150e-04	1.690309439266864e+00
3.025630662518150e-04	1.690309439267109e+00
3.035396287518150e-04	1.690309439266873e+00
3.045161912518150e-04	1.690309439267097e+00
3.054927537518150e-04	1.690309439266864e+00
3.064693162518150e-04	1.690309439267100e+00
3.074458787518150e-04	1.690309439266870e+00
3.084224412518150e-04	1.690309439267099e+00
3.093990037518150e-04	1.690309439266866e+00
3.103755662518150e-04	1.690309439267081e+00
3.113521287518150e-04	1.690309439266864e+00
3.123286912518150e-04	1.690309439267090e+00
3.133052537518150e-04	1.690309439266862e+00
3.142818162518150e-04	1.690309439267070e+00
3.152583787518150e-04	1.690309439266859e+00
3.162349412518150e-04	1.690309439267091e+00
3.172115037518150e-04	1.690309439266886e+00
3.181880662518150e-04	1.690309439267094e+00
3.191646287518150e-04	1.690309439266879e+00
3.201411912518150e-04	1.690309439267085e+00
3.211177537518150e-04	1.690309439266888e+00
3.220943162518150e-04	1.690309439267099e+00
3.230708787518150e-04	1.690309439266892e+00
3.240474412518150e-04	1.690309439267081e+00
3.250240037518150e-04	1.690309439266880e+00
3.260005662518150e-04	1.690309439267078e+00
3.269771287518150e-04	1.690309439266886e+00
3.279536912518150e-04	1.690309439267080e+00
3.289302537518150e-04	1.690309439266888e+00
3.299068162518150e-04	1.690309439267064e+00
3.308833787518150e-04	1.690309439266878e+00
3.318599412518150e-04	1.690309439267072e+00
3.328365037518150e-04	1.690309439266896e+00
3.338130662518150e-04	1.690309439267085e+00
3.347896287518150e-04	1.690309439266917e+00
3.357661912518150e-04	1.690309439267083e+00
3.367427537518150e-04	1.690309439266899e+00
3.377193162518150e-04	1.690309439267073e+00
3.386958787518150e-04	1.690309439266913e+00
3.396724412518150e-04	1.690309439267084e+00
3.406490037518150e-04	1.690309439266908e+00
3.416255662518150e-04	1.690309439267062e+00
3.426021287518150e-04	1.690309439266904e+00
3.435786912518150e-04	1.690309439267068e+00
3.445552537518150e-04	1.690309439266917e+00
3.455318162518150e-04	1.690309439267071e+00
3.465083787518151e-04	1.690309439266911e+00
3.474849412518151e-04	1.690309439267057e+00
3.484615037518151e-04	1.690309439266900e+00
3.494380662518151e-04	1.690309439267046e+00
3.504146287518151e-04	1.690309439266915e+00
3.513911912518151e-04	1.690309439267060e+00
3.523677537518151e-04	1.690309439266916e+00
3.533443162518151e-04	1.690309439267048e+00
3.543208787518151e-04	1.690309439266911e+00
3.552974412518151e-04	1.690309439267050e+00
3.562740037518151e-04	1.690309439266915e+00
3.572505662518151e-04	1.690309439267044e+00
3.582271287518151e-04	1.690309439266917e+00
3.592036912518151e-04	1.690309439267041e+00
3.601802537518151e-04	1.690309439266912e+00
3.611568162518151e-04	1.690309439267029e+00
3.621333787518151e-04	1.690309439266913e+00
3.631099412518151e-04	1.690309439267034e+00
3.640865037518151e-04	1.690309439266922e+00
3.650630662518151e-04	1.690309439267043e+00
3.660396287518151e-04	1.690309439266937e+00
3.670161912518151e-04	1.690309439267044e+00
3.679927537518151e-04	1.690309439266923e+00
3.689693162518151e-04	1.690309439267025e+00
3.699458787518151e-04	1.690309439266924e+00
3.709224412518151e-04	1.690309439267032e+00
3.718990037518151e-04	1.690309439266932e+00
3.728755662518151e-04	1.690309439267021e+00
3.738521287518151e-04	1.690309439266927e+00
3.748286912518151e-04	1.690309439267033e+00
3.758052537518151e-04	1.690309439266946e+00
3.767818162518151e-04	1.690309439267025e+00
3.777583787518151e-04	1.690309439266922e+00
3.787349412518151e-04	1.690309439267012e+00
3.797115037518151e-04	1.690309439266932e+00
3.806880662518151e-04	1.690309439267015e+00
3.816646287518151e-04	1.690309439266941e+00
3.826411912518151e-04	1.690309439267024e+00
3.836177537518151e-04	1.690309439266942e+00
3.845943162518151e-04	1.690309439267019e+00
3.855708787518151e-04	1.690309439266951e+00
3.865474412518151e-04	1.690309439267017e+00
3.875240037518151e-04	1.690309439266941e+00
3.885005662518151e-04	1.690309439267012e+00
3.894771287518151e-04	1.690309439266945e+00
3.904536912518151e-04	1.690309439267015e+00
3.914302537518151e-04	1.690309439266949e+00
3.924068162518151e-04	1.690309439267006e+00
3.933833787518151e-04	1.690309439266936e+00
3.943599412518151e-04	1.690309439266992e+00
3.953365037518151e-04	1.690309439266942e+00
3.963130662518151e-04	1.690309439267006e+00
3.972896287518151e-04	1.690309439266958e+00
3.982661912518151e-04	1.690309439267011e+00
3.992427537518151e-04	1.690309439266954e+00
4.002193162518151e-04	1.690309439267002e+00
4.011958787518151e-04	1.690309439266961e+00
4.021724412518151e-04	1.690309439267006e+00
4.031490037518151e-04	1.690309439266954e+00
4.041255662518151e-04	1.690309439267007e+00
4.051021287518151e-04	1.690309439266976e+00
4.060786912518151e-04	1.690309439267015e+00
4.070552537518151e-04	1.690309439266966e+00
4.080318162518151e-04	1.690309439267004e+00
4.090083787518151e-04	1.690309439266973e+00
4.099849412518151e-04	1.690309439267018e+00
4.109615037518151e-04	1.690309439266984e+00
4.119380662518151e-04	1.690309439267003e+00
4.129146287518151e-04	1.690309439266973e+00
4.138911912518151e-04	1.690309439267009e+00
4.148677537518151e-04	1.690309439266966e+00
4.158443162518151e-04	1.690309439266985e+00
4.168208787518151e-04	1.690309439266968e+00
4.177974412518151e-04	1.690309439267006e+00
4.187740037518151e-04	1.690309439266987e+00
4.197505662518151e-04	1.690309439267001e+00
4.207271287518151e-04	1.690309439266978e+00
4.217036912518151e-04	1.690309439267004e+00
4.226802537518151e-04	1.690309439266978e+00
4.236568162518151e-04	1.690309439266993e+00
4.246333787518151e-04	1.690309439266980e+00
4.256099412518151e-04	1.690309439266997e+00
4.265865037518151e-04	1.690309439266982e+00
4.275630662518151e-04	1.690309439266998e+00
4.285396287518151e-04	1.690309439266979e+00
4.295161912518151e-04	1.690309439266988e+00
4.304927537518151e-04	1.690309439266981e+00
4.314693162518151e-04	1.690309439266982e+00
4.324458787518151e-04	1.690309439266963e+00
4.334224412518151e-04	1.690309439266974e+00
4.343990037518151e-04	1.690309439266976e+00
4.353755662518151e-04	1.690309439266985e+00
4.363521287518151e-04	1.690309439266977e+00
4.373286912518151e-04	1.690309439266980e+00
4.383052537518151e-04	1.690309439266985e+00
4.392818162518151e-04	1.690309439266996e+00
4.402583787518151e-04	1.690309439266990e+00
4.412349412518151e-04	1.690309439266990e+00
4.422115037518151e-04	1.690309439266988e+00
4.431880662518151e-04	1.690309439266983e+00
4.441646287518151e-04	1.690309439266982e+00
4.451411912518151e-04	1.690309439266976e+00
4.461177537518151e-04	1.690309439266982e+00
4.470943162518151e-04	1.690309439266990e+00
4.480708787518151e-04	1.690309439266999e+00
4.490474412518151e-04	1.690309439266988e+00
4.500240037518151e-04	1.690309439266996e+00
4.510005662518151e-04	1.690309439266997e+00
4.519771287518151e-04	1.690309439267005e+00
4.529536912518151e-04	1.690309439266982e+00
4.539302537518151e-04	1.690309439266978e+00
4.549068162518151e-04	1.690309439266970e+00
4.558833787518151e-04	1.690309439266980e+00
4.568599412518151e-04	1.690309439266967e+00
4.578365037518151e-04	1.690309439266984e+00
4.588130662518152e-04	1.690309439266977e+00
4.597896287518152e-04	1.690309439266992e+00
4.607661912518152e-04	1.690309439266981e+00
4.617427537518152e-04	1.690309439266990e+00
4.627193162518152e-04	1.690309439266967e+00
4.636958787518152e-04	1.690309439266983e+00
4.646724412518152e-04	1.690309439266969e+00
4.656490037518152e-04	1.690309439266979e+00
4.666255662518152e-04	1.690309439266962e+00
4.676021287518152e-04	1.690309439266986e+00
4.685786912518152e-04	1.690309439266972e+00
4.695552537518152e-04	1.690309439266982e+00
4.705318162518152e-04	1.690309439266962e+00
4.715083787518152e-04	1.690309439266998e+00
4.724849412518152e-04	1.690309439266983e+00
4.734615037518152e-04	1.690309439266996e+00
4.744380662518152e-04	1.690309439266978e+00
4.754146287518152e-04	1.690309439266999e+00
4.763911912518152e-04	1.690309439266973e+00
4.773677537518152e-04	1.690309439266993e+00
4.783443162518152e-04	1.690309439266978e+00
4.793208787518152e-04	1.690309439266998e+00
4.802974412518152e-04	1.690309439266964e+00
4.812740037518152e-04	1.690309439266981e+00
4.822505662518152e-04	1.690309439266957e+00
4.832271287518152e-04	1.690309439266980e+00
4.842036912518152e-04	1.690309439266965e+00
4.851802537518152e-04	1.690309439266993e+00
4.861568162518152e-04	1.690309439266966e+00
4.871333787518152e-04	1.690309439266989e+00
4.881099412518152e-04	1.690309439266960e+00
4.890865037518151e-04	1.690309439266988e+00
4.900630662518151e-04	1.690309439266966e+00
4.910396287518151e-04	1.690309439266989e+00
4.920161912518151e-04	1.690309439266964e+00
4.929927537518151e-04	1.690309439266994e+00
4.939693162518151e-04	1.690309439266969e+00
4.949458787518151e-04	1.690309439266998e+00
4.959224412518151e-04	1.690309439266977e+00
4.968990037518151e-04	1.690309439267001e+00
4.978755662518151e-04	1.690309439266965e+00
4.988521287518151e-04	1.690309439231670e+00
4.990284375000000e-04	1.690309439245326e+00
4.993810549963697e-04	1.690309438178371e+00
4.993860549963696e-04	1.690309438638032e+00
4.993960549963696e-04	1.690309439435010e+00
4.994160549963695e-04	1.690309439235012e+00
4.994413258972537e-04	1.690309439319892e+00
4.994918676990222e-04	1.690309439242786e+00
4.995895916589887e-04	1.690309439276324e+00
4.997471722194163e-04	1.690309439553956e+00
4.997521722194163e-04	1.690309439458061e+00
4.997621722194162e-04	1.690309439246021e+00
4.997821722194161e-04	1.690309439270070e+00
4.998063666344978e-04	1.690309439282564e+00
4.998547554646612e-04	1.690309439263356e+00
4.999155061148529e-04	1.690309438872958e+00
4.999205061148529e-04	1.690309439093731e+00
4.999305061148528e-04	1.690309439425018e+00
4.999505061148527e-04	1.690309439247441e+00
4.999736635922413e-04	1.690309438422679e+00
4.999786635922413e-04	1.690309438772731e+00
4.999886635922412e-04	1.690309438461867e+00
4.999936635922412e-04	1.690309445413233e+00
4.999950000000000e-04	1.690309442920121e+00
4.999976728155178e-04	1.690309441678227e+00
4.999996821684281e-04	1.690309438542281e+00
5.000016371019238e-04	1.690309445181157e+00
5.000028906920654e-04	1.690309397915519e+00
5.000031148623882e-04	1.690309401505543e+00
5.000035632030339e-04	1.690309463326898e+00
5.000038757664309e-04	1.690309446960144e+00
5.000042033596965e-04	1.690309416563401e+00
5.000045682438981e-04	1.690309501545140e+00
5.000046446958361e-04	1.690309508057144e+00
5.000047975997120e-04	1.690309448124893e+00
5.000048707542182e-04	1.690309410310683e+00
5.000050000000000e-04	1.690309360141837e+00
5.000050129245782e-04	1.690309363319438e+00
5.000050387737345e-04	1.690309372841956e+00
5.000050904720473e-04	1.690309400917666e+00
5.000051380633021e-04	1.690309432625290e+00
5.000052006146121e-04	1.690309473365514e+00
5.000052505032512e-04	1.690309495048766e+00
5.000053075791647e-04	1.690309499814259e+00
5.000053637526588e-04	1.690309483653700e+00
5.000054197965250e-04	1.690309451681879e+00
5.000054787670795e-04	1.690309413222212e+00
5.000055461444978e-04	1.690309379819208e+00
5.000056196184931e-04	1.690309366839932e+00
5.000056865667460e-04	1.690309377583415e+00
5.000057612506024e-04	1.690309403633388e+00
5.000058381466978e-04	1.690309427019659e+00
5.000059084522196e-04	1.690309431242267e+00
5.000059868464283e-04	1.690309409189421e+00
5.000060807540980e-04	1.690309356150905e+00
5.000061811461151e-04	1.690309289792566e+00
5.000062876138673e-04	1.690309231997756e+00
5.000063952638499e-04	1.690309192149270e+00
5.000065090685350e-04	1.690309145974559e+00
5.000066107263454e-04	1.690309065114846e+00
5.000067223134291e-04	1.690308913012415e+00
5.000068279104221e-04	1.690308721943453e+00
5.000069453825306e-04	1.690308482758532e+00
5.000070662820811e-04	1.690308209320939e+00
5.000071985487291e-04	1.690307836454968e+00
5.000073260979944e-04	1.690307348884112e+00
5.000074653175025e-04	1.690306647906655e+00
5.000075955015598e-04	1.690305834617868e+00
5.000077336450048e-04	1.690304787491357e+00
5.000078857062913e-04	1.690303366232879e+00
5.000080433892477e-04	1.690301442796883e+00
5.000082709275070e-04	1.690297755379217e+00
5.000085076353755e-04	1.690292650817830e+00
5.000087550619251e-04	1.690285257764924e+00
5.000090874945297e-04	1.690271451658469e+00
5.000093948977906e-04	1.690254235991354e+00
5.000096277234746e-04	1.690236403523798e+00
5.000100000000001e-04	1.690201398319882e+00
5.000100372276526e-04	1.690196901953602e+00
5.000101116829576e-04	1.690187459721039e+00
5.000102605935678e-04	1.690166915339180e+00
5.000104122806912e-04	1.690143485127047e+00
5.000105935668172e-04	1.690111543449315e+00
5.000107600935773e-04	1.690076116512767e+00
5.000109060237711e-04	1.690035364206634e+00
5.000110113833718e-04	1.689998044090263e+00
5.000110783255205e-04	1.689973285954627e+00
5.000111473099264e-04	1.689952023953548e+00
5.000111924051844e-04	1.689942506112541e+00
5.000112409860449e-04	1.689935946050238e+00
5.000112871810997e-04	1.689930296695207e+00
5.000113388501111e-04	1.689921285240356e+00
5.000113952579341e-04	1.689905271122308e+00
5.000114669433024e-04	1.689875673069322e+00
5.000115318391520e-04	1.689841800998668e+00
5.000116113649123e-04	1.689796425519974e+00
5.000117009868544e-04	1.689749148576114e+00
5.000118053061932e-04	1.689704498424893e+00
5.000119191634514e-04	1.689662457181979e+00
5.000120657004567e-04	1.689598836555820e+00
5.000122285081506e-04	1.689505697464952e+00
5.000124082381349e-04	1.689391728978666e+00
5.000126027988931e-04	1.689275154956461e+00
5.000128391749655e-04	1.689129115070584e+00
5.000130782198746e-04	1.688955923212156e+00
5.000133458019792e-04	1.688747737182398e+00
5.000136148135832e-04	1.688537277669764e+00
5.000138929704373e-04	1.688299894863430e+00
5.000141950125218e-04	1.688020132993965e+00
5.000145622316214e-04	1.687672082867105e+00
5.000149095602169e-04	1.687323996581252e+00
5.000151849544345e-04	1.687031484019785e+00
5.000154722210864e-04	1.686723717142167e+00
5.000157907281472e-04	1.686372258028046e+00
5.000161273520284e-04	1.685983425874088e+00
5.000164189329143e-04	1.685645049171403e+00
5.000167142711318e-04	1.685297147875438e+00
5.000169813498102e-04	1.684970355621913e+00
5.000172641518842e-04	1.684623219894686e+00
5.000175484320577e-04	1.684274973137721e+00
5.000178093159263e-04	1.683946374312719e+00
5.000181627469322e-04	1.683497212011085e+00
5.000184520206806e-04	1.683133217338880e+00
5.000186705173240e-04	1.682853462492657e+00
5.000189037076008e-04	1.682551510542537e+00
5.000191934877421e-04	1.682183400020350e+00
5.000193901179112e-04	1.681934412776934e+00
5.000195729223212e-04	1.681698409947529e+00
5.000197621750519e-04	1.681454282022526e+00
5.000199178931585e-04	1.681258740822245e+00
5.000200842341973e-04	1.681051832544924e+00
5.000202733558138e-04	1.680812545539736e+00
5.000204513580394e-04	1.680586390712583e+00
5.000206354196454e-04	1.680357639423605e+00
5.000207813945801e-04	1.680179649253681e+00
5.000209410400719e-04	1.679983692078293e+00
5.000211007716222e-04	1.679785109695185e+00
5.000212283273969e-04	1.679627992475466e+00
5.000213642281670e-04	1.679464786970740e+00
5.000214941798019e-04	1.679311007710250e+00
5.000216353172918e-04	1.679142965512142e+00
5.000217758741751e-04	1.678974016421705e+00
5.000219255057436e-04	1.678795552098858e+00
5.000220553973341e-04	1.678644207740999e+00
5.000221946360445e-04	1.678484714999966e+00
5.000223238581885e-04	1.678336404282014e+00
5.000224538018056e-04	1.678186083108615e+00
5.000225756059539e-04	1.678045796444333e+00
5.000227009202739e-04	1.677904276687595e+00
5.000228404385394e-04	1.677749787008957e+00
5.000229932348056e-04	1.677581494340522e+00
5.000231317409281e-04	1.677428347516026e+00
5.000232764628991e-04	1.677269130928799e+00
5.000234372732783e-04	1.677095466013360e+00
5.000235592412961e-04	1.676966265576136e+00
5.000236951833143e-04	1.676823243278471e+00
5.000238765471882e-04	1.676632379517201e+00
5.000240547956932e-04	1.676446692718245e+00
5.000242296149483e-04	1.676268373968720e+00
5.000243890683217e-04	1.676108354675990e+00
5.000245531459363e-04	1.675944459664378e+00
5.000247261228262e-04	1.675772786743901e+00
5.000249066474658e-04	1.675597007888706e+00
5.000251272959553e-04	1.675386468582779e+00
5.000252992452713e-04	1.675223998692808e+00
5.000254767124990e-04	1.675057684006637e+00
5.000256624997919e-04	1.674886609257791e+00
5.000258552321263e-04	1.674712819872433e+00
5.000260716237986e-04	1.674520097929722e+00
5.000262510284525e-04	1.674361820725977e+00
5.000264357275278e-04	1.674201645500709e+00
5.000266065580784e-04	1.674056488104500e+00
5.000268006063550e-04	1.673893760084382e+00
5.000270026457317e-04	1.673726175543238e+00
5.000272474541506e-04	1.673526853512418e+00
5.000274558197766e-04	1.673360853806001e+00
5.000276688251957e-04	1.673193832139122e+00
5.000279083877777e-04	1.673008600568737e+00
5.000281242424928e-04	1.672845269153520e+00
5.000283752809055e-04	1.672659625532048e+00
5.000287170340202e-04	1.672411695048914e+00
5.000290168625552e-04	1.672199398453008e+00
5.000293200569192e-04	1.671990370218145e+00
5.000295999364534e-04	1.671801425409225e+00
5.000298829098520e-04	1.671614719276689e+00
5.000302056440258e-04	1.671407220492396e+00
5.000305032666759e-04	1.671220196167784e+00
5.000308361381275e-04	1.671016401384170e+00
5.000312790946315e-04	1.670753823225484e+00
5.000318048007691e-04	1.670452659475942e+00
5.000323294697931e-04	1.670163288363028e+00
5.000328535476232e-04	1.669885486153257e+00
5.000333792181869e-04	1.669617208622984e+00
5.000339068037354e-04	1.669358365108376e+00
5.000344754081371e-04	1.669090011888056e+00
5.000350332362956e-04	1.668836632597826e+00
5.000355685337788e-04	1.668602677019972e+00
5.000360861977436e-04	1.668384298420709e+00
5.000365826490133e-04	1.668182113336343e+00
5.000370784936424e-04	1.667986954716048e+00
5.000376010701501e-04	1.667788231950773e+00
5.000382083102159e-04	1.667566584612061e+00
5.000390617510096e-04	1.667270583831923e+00
5.000402867833958e-04	1.666871549911585e+00
5.000415771948821e-04	1.666483263892601e+00
5.000432985260015e-04	1.666011716085747e+00
5.000451338913687e-04	1.665559756368671e+00
5.000472505391787e-04	1.665099212789525e+00
5.000496894916223e-04	1.664637657073273e+00
5.000524701342725e-04	1.664186223685608e+00
5.000551218515457e-04	1.663821659023181e+00
5.000580052511800e-04	1.663489117808277e+00
5.000609379124837e-04	1.663208313343298e+00
5.000644358799697e-04	1.662935137704212e+00
5.000681743278121e-04	1.662702761055721e+00
5.000727498638925e-04	1.662484933526824e+00
5.000782126123605e-04	1.662294655931351e+00
5.000849962638088e-04	1.662133741185889e+00
5.000939352047121e-04	1.662002782890647e+00
5.001062374641698e-04	1.661904679203918e+00
5.001218680544323e-04	1.661846957137386e+00
5.001453226626478e-04	1.661812140197428e+00
5.001696504500179e-04	1.661796288608421e+00
5.002183060247581e-04	1.661776805823129e+00
5.002874735369794e-04	1.661752109467314e+00
5.004112837358690e-04	1.661711212636245e+00
5.006119758715323e-04	1.661650518225984e+00
5.009388506488168e-04	1.661561992197460e+00
5.014935539669543e-04	1.661432269482717e+00
5.023907073138243e-04	1.661259008987333e+00
5.033672698138243e-04	1.661110198926260e+00
5.043438323138243e-04	1.660996922628076e+00
5.053203948138243e-04	1.660911336178650e+00
5.062969573138243e-04	1.660846669685190e+00
5.072735198138243e-04	1.660797810162676e+00
5.082500823138243e-04	1.660760893600497e+00
5.092266448138243e-04	1.660733000777503e+00
5.102032073138243e-04	1.660711925967089e+00
5.111797698138243e-04	1.660696002579554e+00
5.121563323138243e-04	1.660683971454949e+00
5.131328948138243e-04	1.660674881150338e+00
5.141094573138243e-04	1.660668012858453e+00
5.150860198138243e-04	1.660662823406987e+00
5.160625823138243e-04	1.660658902458341e+00
5.170391448138243e-04	1.660655939915641e+00
5.180157073138243e-04	1.660653701537680e+00
5.189922698138243e-04	1.660652010286916e+00
5.199688323138243e-04	1.660650732450129e+00
5.209453948138243e-04	1.660649766951427e+00
5.219219573138243e-04	1.660649037465431e+00
5.228985198138243e-04	1.660648486282278e+00
5.238750823138243e-04	1.660648069837031e+00
5.248516448138243e-04	1.660647755177467e+00
5.258282073138243e-04	1.660647517439895e+00
5.268047698138243e-04	1.660647337806470e+00
5.277813323138243e-04	1.660647202088832e+00
5.287578948138243e-04	1.660647099538929e+00
5.297344573138243e-04	1.660647022061988e+00
5.307110198138243e-04	1.660646963517484e+00
5.316875823138243e-04	1.660646919288693e+00
5.326641448138243e-04	1.660646885865982e+00
5.336407073138243e-04	1.660646860617672e+00
5.346172698138243e-04	1.660646841536573e+00
5.355938323138243e-04	1.660646827123692e+00
5.365703948138243e-04	1.660646816229974e+00
5.375469573138243e-04	1.660646808002672e+00
5.385235198138243e-04	1.660646801783036e+00
5.395000823138243e-04	1.660646797086862e+00
5.404766448138243e-04	1.660646793535654e+00
5.414532073138243e-04	1.660646790855272e+00
5.424297698138243e-04	1.660646788827486e+00
5.434063323138243e-04	1.660646787297780e+00
5.443828948138243e-04	1.660646786139700e+00
5.453594573138243e-04	1.660646785266821e+00
5.463360198138243e-04	1.660646784605329e+00
5.473125823138243e-04	1.660646784107400e+00
5.482891448138243e-04	1.660646783729426e+00
5.492657073138243e-04	1.660646783445463e+00
5.502422698138243e-04	1.660646783229387e+00
5.512188323138243e-04	1.660646783067566e+00
5.521953948138243e-04	1.660646782943962e+00
5.531719573138243e-04	1.660646782851828e+00
5.541485198138243e-04	1.660646782781039e+00
5.551250823138243e-04	1.660646782728653e+00
5.561016448138243e-04	1.660646782688035e+00
5.570782073138243e-04	1.660646782658303e+00
5.580547698138243e-04	1.660646782634950e+00
5.590313323138243e-04	1.660646782618153e+00
5.600078948138243e-04	1.660646782604658e+00
5.609844573138243e-04	1.660646782595211e+00
5.619610198138243e-04	1.660646782587382e+00
5.629375823138243e-04	1.660646782582119e+00
5.639141448138243e-04	1.660646782577533e+00
5.648907073138243e-04	1.660646782574632e+00
5.658672698138243e-04	1.660646782571904e+00
5.668438323138243e-04	1.660646782570359e+00
5.678203948138243e-04	1.660646782568710e+00
5.687969573138243e-04	1.660646782567903e+00
5.697735198138243e-04	1.660646782566878e+00
5.707500823138243e-04	1.660646782566500e+00
5.717266448138243e-04	1.660646782565843e+00
5.727032073138243e-04	1.660646782565681e+00
5.736797698138243e-04	1.660646782565229e+00
5.746563323138243e-04	1.660646782565214e+00
5.756328948138243e-04	1.660646782564914e+00
5.766094573138243e-04	1.660646782564951e+00
5.775860198138244e-04	1.660646782564714e+00
5.785625823138244e-04	1.660646782564786e+00
5.795391448138244e-04	1.660646782564616e+00
5.805157073138244e-04	1.660646782564700e+00
5.814922698138244e-04	1.660646782564553e+00
5.824688323138244e-04	1.660646782564654e+00
5.834453948138244e-04	1.660646782564538e+00
5.844219573138244e-04	1.660646782564615e+00
5.853985198138244e-04	1.660646782564503e+00
5.863750823138244e-04	1.660646782564590e+00
5.873516448138244e-04	1.660646782564501e+00
5.883282073138244e-04	1.660646782564577e+00
5.893047698138244e-04	1.660646782564495e+00
5.902813323138244e-04	1.660646782564575e+00
5.912578948138244e-04	1.660646782564511e+00
5.922344573138244e-04	1.660646782564587e+00
5.932110198138244e-04	1.660646782564520e+00
5.941875823138244e-04	1.660646782564582e+00
5.951641448138244e-04	1.660646782564500e+00
5.961407073138244e-04	1.660646782564556e+00
5.971172698138244e-04	1.660646782564509e+00
5.980938323138244e-04	1.660646782564574e+00
5.990703948138244e-04	1.660646782564511e+00
6.000469573138244e-04	1.660646782564564e+00
6.010235198138244e-04	1.660646782564512e+00
6.020000823138244e-04	1.660646782564572e+00
6.029766448138244e-04	1.660646782564526e+00
6.039532073138244e-04	1.660646782564579e+00
6.049297698138244e-04	1.660646782564533e+00
6.059063323138244e-04	1.660646782564582e+00
6.068828948138244e-04	1.660646782564525e+00
6.078594573138244e-04	1.660646782564570e+00
6.088360198138244e-04	1.660646782564527e+00
6.098125823138244e-04	1.660646782564570e+00
6.107891448138244e-04	1.660646782564519e+00
6.117657073138244e-04	1.660646782564564e+00
6.127422698138244e-04	1.660646782564518e+00
6.137188323138244e-04	1.660646782564566e+00
6.146953948138244e-04	1.660646782564522e+00
6.156719573138244e-04	1.660646782564558e+00
6.166485198138244e-04	1.660646782564513e+00
6.176250823138244e-04	1.660646782564560e+00
6.186016448138244e-04	1.660646782564513e+00
6.195782073138244e-04	1.660646782564552e+00
6.205547698138244e-04	1.660646782564511e+00
6.215313323138244e-04	1.660646782564557e+00
6.225078948138244e-04	1.660646782564519e+00
6.234844573138244e-04	1.660646782564557e+00
6.244610198138244e-04	1.660646782564509e+00
6.254375823138244e-04	1.660646782564543e+00
6.264141448138244e-04	1.660646782564504e+00
6.273907073138244e-04	1.660646782564555e+00
6.283672698138244e-04	1.660646782564513e+00
6.293438323138244e-04	1.660646782564554e+00
6.303203948138244e-04	1.660646782564511e+00
6.312969573138244e-04	1.660646782564549e+00
6.322735198138244e-04	1.660646782564523e+00
6.332500823138244e-04	1.660646782564575e+00
6.342266448138244e-04	1.660646782564528e+00
6.352032073138244e-04	1.660646782564559e+00
6.361797698138244e-04	1.660646782564519e+00
6.371563323138244e-04	1.660646782564559e+00
6.381328948138244e-04	1.660646782564519e+00
6.391094573138244e-04	1.660646782564561e+00
6.400860198138244e-04	1.660646782564520e+00
6.410625823138244e-04	1.660646782564550e+00
6.420391448138244e-04	1.660646782564513e+00
6.430157073138244e-04	1.660646782564552e+00
6.439922698138244e-04	1.660646782564512e+00
6.449688323138244e-04	1.660646782564557e+00
6.459453948138244e-04	1.660646782564513e+00
6.469219573138244e-04	1.660646782564540e+00
6.478985198138244e-04	1.660646782564507e+00
6.488750823138244e-04	1.660646782564542e+00
6.498516448138244e-04	1.660646782564502e+00
6.508282073138244e-04	1.660646782564545e+00
6.518047698138244e-04	1.660646782564511e+00
6.527813323138244e-04	1.660646782564549e+00
6.537578948138244e-04	1.660646782564515e+00
6.547344573138244e-04	1.660646782564544e+00
6.557110198138244e-04	1.660646782564511e+00
6.566875823138244e-04	1.660646782564549e+00
6.576641448138244e-04	1.660646782564514e+00
6.586407073138244e-04	1.660646782564547e+00
6.596172698138244e-04	1.660646782564516e+00
6.605938323138244e-04	1.660646782564557e+00
6.615703948138244e-04	1.660646782564527e+00
6.625469573138244e-04	1.660646782564550e+00
6.635235198138244e-04	1.660646782564508e+00
6.645000823138244e-04	1.660646782564541e+00
6.654766448138244e-04	1.660646782564509e+00
6.664532073138244e-04	1.660646782564550e+00
6.674297698138244e-04	1.660646782564533e+00
6.684063323138244e-04	1.660646782564565e+00
6.693828948138244e-04	1.660646782564531e+00
6.703594573138244e-04	1.660646782564553e+00
6.713360198138244e-04	1.660646782564530e+00
6.723125823138244e-04	1.660646782564569e+00
6.732891448138244e-04	1.660646782564531e+00
6.742657073138244e-04	1.660646782564555e+00
6.752422698138244e-04	1.660646782564537e+00
6.762188323138244e-04	1.660646782564570e+00
6.771953948138244e-04	1.660646782564530e+00
6.781719573138244e-04	1.660646782564547e+00
6.791485198138244e-04	1.660646782564520e+00
6.801250823138244e-04	1.660646782564537e+00
6.811016448138244e-04	1.660646782564511e+00
6.820782073138244e-04	1.660646782564540e+00
6.830547698138244e-04	1.660646782564515e+00
6.840313323138244e-04	1.660646782564542e+00
6.850078948138244e-04	1.660646782564516e+00
6.859844573138244e-04	1.660646782564541e+00
6.869610198138244e-04	1.660646782564519e+00
6.879375823138244e-04	1.660646782564542e+00
6.889141448138244e-04	1.660646782564524e+00
6.898907073138245e-04	1.660646782564549e+00
6.908672698138245e-04	1.660646782564531e+00
6.918438323138245e-04	1.660646782564544e+00
6.928203948138245e-04	1.660646782564519e+00
6.937969573138245e-04	1.660646782564542e+00
6.947735198138245e-04	1.660646782564529e+00
6.957500823138245e-04	1.660646782564556e+00
6.967266448138245e-04	1.660646782564541e+00
6.977032073138245e-04	1.660646782564554e+00
6.986797698138245e-04	1.660646782564534e+00
6.996563323138245e-04	1.660646782564546e+00
7.006328948138245e-04	1.660646782564534e+00
7.016094573138245e-04	1.660646782564556e+00
7.025860198138245e-04	1.660646782564536e+00
7.035625823138245e-04	1.660646782564555e+00
7.045391448138245e-04	1.660646782564538e+00
7.055157073138245e-04	1.660646782564540e+00
7.064922698138245e-04	1.660646782564522e+00
7.074688323138245e-04	1.660646782564534e+00
7.084453948138245e-04	1.660646782564524e+00
7.094219573138245e-04	1.660646782564544e+00
7.103985198138245e-04	1.660646782564533e+00
7.113750823138245e-04	1.660646782564544e+00
7.123516448138245e-04	1.660646782564534e+00
7.133282073138245e-04	1.660646782564549e+00
7.143047698138245e-04	1.660646782564543e+00
7.152813323138245e-04	1.660646782564544e+00
7.162578948138245e-04	1.660646782564526e+00
7.172344573138245e-04	1.660646782564539e+00
7.182110198138245e-04	1.660646782564543e+00
7.191875823138245e-04	1.660646782564557e+00
7.201641448138245e-04	1.660646782564543e+00
7.211407073138245e-04	1.660646782564539e+00
7.221172698138245e-04	1.660646782564533e+00
7.230938323138245e-04	1.660646782564544e+00
7.240703948138245e-04	1.660646782564538e+00
7.250469573138245e-04	1.660646782564539e+00
7.260235198138245e-04	1.660646782564530e+00
7.270000823138245e-04	1.660646782564537e+00
7.279766448138245e-04	1.660646782564542e+00
7.289532073138245e-04	1.660646782564549e+00
7.299297698138245e-04	1.660646782564542e+00
7.309063323138245e-04	1.660646782564539e+00
7.318828948138245e-04	1.660646782564535e+00
7.328594573138245e-04	1.660646782564536e+00
7.338360198138245e-04	1.660646782564536e+00
7.348125823138245e-04	1.660646782564544e+00
7.357891448138245e-04	1.660646782564543e+00
7.367657073138245e-04	1.660646782564538e+00
7.377422698138245e-04	1.660646782564547e+00
7.387188323138245e-04	1.660646782564548e+00
7.396953948138245e-04	1.660646782564544e+00
7.406719573138245e-04	1.660646782564549e+00
7.416485198138245e-04	1.660646782564550e+00
7.426250823138245e-04	1.660646782564531e+00
7.436016448138245e-04	1.660646782564526e+00
7.445782073138245e-04	1.660646782564533e+00
7.455547698138245e-04	1.660646782564547e+00
7.465313323138245e-04	1.660646782564532e+00
7.475078948138245e-04	1.660646782564528e+00
7.484844573138245e-04	1.660646782564529e+00
7.494610198138245e-04	1.660646782564539e+00
7.504375823138245e-04	1.660646782564530e+00
7.514141448138245e-04	1.660646782564529e+00
7.523907073138245e-04	1.660646782564523e+00
7.533672698138245e-04	1.660646782564541e+00
7.543438323138245e-04	1.660646782564546e+00
7.553203948138245e-04	1.660646782564549e+00
7.562969573138245e-04	1.660646782564532e+00
7.572735198138245e-04	1.660646782564543e+00
7.582500823138245e-04	1.660646782564536e+00
7.592266448138245e-04	1.660646782564540e+00
7.602032073138245e-04	1.660646782564528e+00
7.611797698138245e-04	1.660646782564544e+00
7.621563323138245e-04	1.660646782564540e+00
7.631328948138245e-04	1.660646782564549e+00
7.641094573138245e-04	1.660646782564541e+00
7.650860198138245e-04	1.660646782564553e+00
7.660625823138245e-04	1.660646782564530e+00
7.670391448138245e-04	1.660646782564537e+00
7.680157073138245e-04	1.660646782564530e+00
7.689922698138245e-04	1.660646782564543e+00
7.699688323138245e-04	1.660646782564525e+00
7.709453948138245e-04	1.660646782564531e+00
7.719219573138245e-04	1.660646782564528e+00
7.728985198138245e-04	1.660646782564553e+00
7.738750823138245e-04	1.660646782564537e+00
7.748516448138245e-04	1.660646782564541e+00
7.758282073138245e-04	1.660646782564520e+00
7.768047698138245e-04	1.660646782564540e+00
7.777813323138245e-04	1.660646782564533e+00
7.787578948138245e-04	1.660646782564561e+00
7.797344573138245e-04	1.660646782564545e+00
7.807110198138245e-04	1.660646782564541e+00
7.816875823138245e-04	1.660646782564519e+00
7.826641448138245e-04	1.660646782564546e+00
7.836407073138245e-04	1.660646782564532e+00
7.846172698138245e-04	1.660646782564550e+00
7.855938323138245e-04	1.660646782564541e+00
7.865703948138245e-04	1.660646782564552e+00
7.875469573138245e-04	1.660646782564522e+00
7.885235198138245e-04	1.660646782564539e+00
7.895000823138245e-04	1.660646782564526e+00
7.904766448138245e-04	1.660646782564541e+00
7.914532073138245e-04	1.660646782564514e+00
7.924297698138245e-04	1.660646782564524e+00
7.934063323138245e-04	1.660646782564508e+00
7.943828948138245e-04	1.660646782564537e+00
7.953594573138245e-04	1.660646782564518e+00
7.963360198138245e-04	1.660646782564537e+00
7.973125823138245e-04	1.660646782564521e+00
7.982891448138245e-04	1.660646782564547e+00
7.992657073138245e-04	1.660646782564531e+00
8.002422698138245e-04	1.660646782564543e+00
8.012188323138245e-04	1.660646782564511e+00
8.021953948138246e-04	1.660646782564530e+00
8.031719573138246e-04	1.660646782564523e+00
8.041485198138246e-04	1.660646782564558e+00
8.051250823138246e-04	1.660646782564544e+00
8.061016448138246e-04	1.660646782564562e+00
8.070782073138246e-04	1.660646782564531e+00
8.080547698138246e-04	1.660646782564558e+00
8.090313323138246e-04	1.660646782564544e+00
8.100078948138246e-04	1.660646782564556e+00
8.109844573138246e-04	1.660646782564530e+00
8.119610198138246e-04	1.660646782564560e+00
8.129375823138246e-04	1.660646782564534e+00
8.139141448138246e-04	1.660646782564551e+00
8.148907073138246e-04	1.660646782564527e+00
8.158672698138246e-04	1.660646782564550e+00
8.168438323138246e-04	1.660646782564532e+00
8.178203948138246e-04	1.660646782564555e+00
8.187969573138246e-04	1.660646782564525e+00
8.197735198138246e-04	1.660646782564545e+00
8.207500823138246e-04	1.660646782564527e+00
8.217266448138246e-04	1.660646782564559e+00
8.227032073138246e-04	1.660646782564531e+00
8.236797698138246e-04	1.660646782564545e+00
8.246563323138246e-04	1.660646782564516e+00
8.256328948138246e-04	1.660646782564549e+00
8.266094573138246e-04	1.660646782564533e+00
8.275860198138246e-04	1.660646782564558e+00
8.285625823138246e-04	1.660646782564525e+00
8.295391448138246e-04	1.660646782564543e+00
8.305157073138246e-04	1.660646782564523e+00
8.314922698138246e-04	1.660646782564549e+00
8.324688323138246e-04	1.660646782564519e+00
8.334453948138246e-04	1.660646782564548e+00
8.344219573138246e-04	1.660646782564533e+00
8.353985198138246e-04	1.660646782564555e+00
8.363750823138246e-04	1.660646782564524e+00
8.373516448138246e-04	1.660646782564559e+00
8.383282073138246e-04	1.660646782564549e+00
8.393047698138246e-04	1.660646782564573e+00
8.402813323138246e-04	1.660646782564533e+00
8.412578948138246e-04	1.660646782564554e+00
8.422344573138246e-04	1.660646782564533e+00
8.432110198138246e-04	1.660646782564562e+00
8.441875823138246e-04	1.660646782564538e+00
8.451641448138246e-04	1.660646782564564e+00
8.461407073138246e-04	1.660646782564532e+00
8.471172698138246e-04	1.660646782564551e+00
8.480938323138246e-04	1.660646782564520e+00
8.490703948138246e-04	1.660646782564540e+00
8.500469573138246e-04	1.660646782564518e+00
8.510235198138246e-04	1.660646782564555e+00
8.520000823138246e-04	1.660646782564532e+00
8.529766448138246e-04	1.660646782564548e+00
8.539532073138246e-04	1.660646782564515e+00
8.549297698138246e-04	1.660646782564543e+00
8.559063323138246e-04	1.660646782564518e+00
8.568828948138246e-04	1.660646782564537e+00
8.578594573138246e-04	1.660646782564507e+00
8.588360198138246e-04	1.660646782564548e+00
8.598125823138246e-04	1.660646782564538e+00
8.607891448138246e-04	1.660646782564569e+00
8.617657073138246e-04	1.660646782564543e+00
8.627422698138246e-04	1.660646782564563e+00
8.637188323138246e-04	1.660646782564531e+00
8.646953948138246e-04	1.660646782564558e+00
8.656719573138246e-04	1.660646782564529e+00
8.666485198138246e-04	1.660646782564553e+00
8.676250823138246e-04	1.660646782564522e+00
8.686016448138246e-04	1.660646782564537e+00
8.695782073138246e-04	1.660646782564510e+00
8.705547698138246e-04	1.660646782564541e+00
8.715313323138246e-04	1.660646782564518e+00
8.725078948138246e-04	1.660646782564545e+00
8.734844573138246e-04	1.660646782564519e+00
8.744610198138246e-04	1.660646782564558e+00
8.754375823138246e-04	1.660646782564532e+00
8.764141448138246e-04	1.660646782564541e+00
8.773907073138246e-04	1.660646782564503e+00
8.783672698138246e-04	1.660646782564534e+00
8.793438323138246e-04	1.660646782564513e+00
8.803203948138246e-04	1.660646782564539e+00
8.812969573138246e-04	1.660646782564520e+00
8.822735198138246e-04	1.660646782564547e+00
8.832500823138246e-04	1.660646782564511e+00
8.842266448138246e-04	1.660646782564533e+00
8.852032073138246e-04	1.660646782564515e+00
8.861797698138246e-04	1.660646782564555e+00
8.871563323138246e-04	1.660646782564527e+00
8.881328948138246e-04	1.660646782564552e+00
8.891094573138246e-04	1.660646782564530e+00
8.900860198138246e-04	1.660646782564550e+00
8.910625823138246e-04	1.660646782564519e+00
8.920391448138246e-04	1.660646782564548e+00
8.930157073138246e-04	1.660646782564526e+00
8.939922698138246e-04	1.660646782564555e+00
8.949688323138246e-04	1.660646782564527e+00
8.959453948138246e-04	1.660646782564551e+00
8.969219573138246e-04	1.660646782564525e+00
8.978985198138246e-04	1.660646782564551e+00
8.988750823138246e-04	1.660646782564521e+00
8.998516448138246e-04	1.660646782564544e+00
9.008282073138246e-04	1.660646782564524e+00
9.018047698138246e-04	1.660646782564555e+00
9.027813323138246e-04	1.660646782564520e+00
9.037578948138246e-04	1.660646782564545e+00
9.047344573138246e-04	1.660646782564525e+00
9.057110198138246e-04	1.660646782564549e+00
9.066875823138246e-04	1.660646782564525e+00
9.076641448138246e-04	1.660646782564557e+00
9.086407073138246e-04	1.660646782564528e+00
9.096172698138246e-04	1.660646782564547e+00
9.105938323138246e-04	1.660646782564519e+00
9.115703948138246e-04	1.660646782564542e+00
9.125469573138246e-04	1.660646782564515e+00
9.135235198138246e-04	1.660646782564549e+00
9.145000823138247e-04	1.660646782564528e+00
9.154766448138247e-04	1.660646782564551e+00
9.164532073138247e-04	1.660646782564521e+00
9.174297698138247e-04	1.660646782564551e+00
9.184063323138247e-04	1.660646782564530e+00
9.193828948138247e-04	1.660646782564550e+00
9.203594573138247e-04	1.660646782564523e+00
9.213360198138247e-04	1.660646782564559e+00
9.223125823138247e-04	1.660646782564539e+00
9.232891448138247e-04	1.660646782564558e+00
9.242657073138247e-04	1.660646782564523e+00
9.252422698138247e-04	1.660646782564542e+00
9.262188323138247e-04	1.660646782564521e+00
9.271953948138247e-04	1.660646782564559e+00
9.281719573138247e-04	1.660646782564538e+00
9.291485198138247e-04	1.660646782564557e+00
9.301250823138247e-04	1.660646782564529e+00
9.311016448138247e-04	1.660646782564552e+00
9.320782073138247e-04	1.660646782564517e+00
9.330547698138247e-04	1.660646782564537e+00
9.340313323138247e-04	1.660646782564512e+00
9.350078948138247e-04	1.660646782564546e+00
9.359844573138247e-04	1.660646782564536e+00
9.369610198138247e-04	1.660646782564554e+00
9.379375823138247e-04	1.660646782564514e+00
9.389141448138247e-04	1.660646782564540e+00
9.398907073138247e-04	1.660646782564519e+00
9.408672698138247e-04	1.660646782564539e+00
9.418438323138247e-04	1.660646782564515e+00
9.428203948138247e-04	1.660646782564549e+00
9.437969573138247e-04	1.660646782564536e+00
9.447735198138247e-04	1.660646782564560e+00
9.457500823138247e-04	1.660646782564529e+00
9.467266448138247e-04	1.660646782564555e+00
9.477032073138247e-04	1.660646782564533e+00
9.486797698138247e-04	1.660646782564554e+00
9.496563323138247e-04	1.660646782564526e+00
9.506328948138247e-04	1.660646782564553e+00
9.516094573138247e-04	1.660646782564525e+00
9.525860198138247e-04	1.660646782564538e+00
9.535625823138247e-04	1.660646782564517e+00
9.545391448138247e-04	1.660646782564555e+00
9.555157073138247e-04	1.660646782564534e+00
9.564922698138247e-04	1.660646782564550e+00
9.574688323138247e-04	1.660646782564517e+00
9.584453948138247e-04	1.660646782564535e+00
9.594219573138247e-04	1.660646782564527e+00
9.603985198138247e-04	1.660646782564563e+00
9.613750823138247e-04	1.660646782564533e+00
9.623516448138247e-04	1.660646782564545e+00
9.633282073138247e-04	1.660646782564515e+00
9.643047698138247e-04	1.660646782564545e+00
9.652813323138247e-04	1.660646782564523e+00
9.662578948138247e-04	1.660646782564540e+00
9.672344573138247e-04	1.660646782564522e+00
9.682110198138247e-04	1.660646782564547e+00
9.691875823138247e-04	1.660646782564515e+00
9.701641448138247e-04	1.660646782564545e+00
9.711407073138247e-04	1.660646782564529e+00
9.721172698138247e-04	1.660646782564549e+00
9.730938323138247e-04	1.660646782564524e+00
9.740703948138247e-04	1.660646782564536e+00
9.750469573138247e-04	1.660646782564509e+00
9.760235198138247e-04	1.660646782564540e+00
9.770000823138246e-04	1.660646782564524e+00
9.779766448138245e-04	1.660646782564549e+00
9.789532073138244e-04	1.660646782564530e+00
9.799297698138243e-04	1.660646782564560e+00
9.809063323138242e-04	1.660646782564539e+00
9.818828948138241e-04	1.660646782564551e+00
9.828594573138240e-04	1.660646782564521e+00
9.838360198138238e-04	1.660646782564542e+00
9.848125823138237e-04	1.660646782564523e+00
9.857891448138236e-04	1.660646782564546e+00
9.867657073138235e-04	1.660646782564531e+00
9.877422698138234e-04	1.660646782564562e+00
9.887188323138233e-04	1.660646782564538e+00
9.896953948138232e-04	1.660646782564557e+00
9.906719573138231e-04	1.660646782564527e+00
9.916485198138230e-04	1.660646782564545e+00
9.926250823138229e-04	1.660646782564530e+00
9.936016448138228e-04	1.660646782564553e+00
9.945782073138227e-04	1.660646782564524e+00
9.955547698138226e-04	1.660646782564551e+00
9.965313323138224e-04	1.660646782564535e+00
9.975078948138223e-04	1.660646782564558e+00
9.984844573138222e-04	1.660646782531245e+00
9.990234375000001e-04	1.660646790885818e+00
9.990284375000001e-04	1.660646786671663e+00
9.990384375000000e-04	1.660646780347672e+00
9.990584375000001e-04	1.660646782391707e+00
9.990772256512474e-04	1.660646781321013e+00
9.991148019537421e-04	1.660646782851539e+00
9.991635562597431e-04	1.660646782173359e+00
9.992445957659728e-04	1.660646782855579e+00
9.994032413083004e-04	1.660646782463178e+00
9.996407791545987e-04	1.660646772757339e+00
9.996457791545987e-04	1.660646777630093e+00
9.996557791545986e-04	1.660646784770628e+00
9.996731994226433e-04	1.660646782648293e+00
9.996902784681458e-04	1.660646784113629e+00
9.997237790286087e-04	1.660646782290671e+00
9.997641374367265e-04	1.660646783019066e+00
9.998247633568223e-04	1.660646782367062e+00
9.999022363301276e-04	1.660646771958702e+00
9.999072363301275e-04	1.660646776948921e+00
9.999172363301275e-04	1.660646784818381e+00
9.999336247499923e-04	1.660646782688017e+00
9.999495426585628e-04	1.660646783412018e+00
9.999701910566644e-04	1.660646791794556e+00
9.999751910566644e-04	1.660646788618436e+00
9.999851910566643e-04	1.660646788824312e+00
9.999901910566643e-04	1.660646709605308e+00
9.999902012215896e-04	1.660646694008238e+00
9.999902215514403e-04	1.660646637063311e+00
9.999902622111416e-04	1.660646557016692e+00
9.999903367966375e-04	1.660646518713118e+00
9.999904238606437e-04	1.660646622222221e+00
9.999905233907477e-04	1.660646830533509e+00
9.999906399324099e-04	1.660646982814542e+00
9.999907602320955e-04	1.660646917023843e+00
9.999909051931421e-04	1.660646707989908e+00
9.999910751531127e-04	1.660646646343357e+00
9.999912490744466e-04	1.660646810650330e+00
9.999914396209176e-04	1.660646897504006e+00
9.999916650682869e-04	1.660646773853556e+00
9.999919740025045e-04	1.660646729539376e+00
9.999923675298057e-04	1.660646825109306e+00
9.999927673293412e-04	1.660646772988809e+00
9.999932300081508e-04	1.660646766695283e+00
9.999937512394207e-04	1.660646803567784e+00
9.999942453009748e-04	1.660646757818793e+00
9.999947683952011e-04	1.660646798334817e+00
9.999952782501112e-04	1.660646786307058e+00
9.999958012656266e-04	1.660646764528255e+00
9.999963531720512e-04	1.660646801956613e+00
9.999969601827000e-04	1.660646774271414e+00
9.999976928981229e-04	1.660646777817746e+00
9.999986746001075e-04	1.660646747012458e+00
9.999986856182883e-04	1.660646737303752e+00
9.999987076546497e-04	1.660646704500018e+00
9.999987517273726e-04	1.660646661357646e+00
9.999988398728184e-04	1.660646646953863e+00
9.999989210554905e-04	1.660646705991516e+00
9.999990410125307e-04	1.660646835074357e+00
9.999991653993306e-04	1.660646877647083e+00
9.999993789232416e-04	1.660646774384925e+00
9.999995902020549e-04	1.660646717948291e+00
9.999997975725140e-04	1.660646799077207e+00
1.000000000000000e-03	1.660646907813906e+00
